ID,Age,Split,cg22376706,cg18973515,cg26019680,cg27059819,cg09538452,cg19953406,cg16742703,cg19471655,cg03383006,cg25666210,cg06258834,cg26153045,cg00066153,cg06834434,cg12409361,cg05688616,cg04869122,cg07318313,cg17472052,cg04176254,cg07773060,cg00776558,cg02831955,cg15107641,cg21678312,cg24000873,cg00417165,cg23129573,cg18993701,cg15732230,cg13458609,cg17314888,cg09179347,cg08830672,cg20718816,cg09783874,cg01023696,cg07871059,cg07816392,cg27497839,cg16632868,cg18208742,cg14185922,cg07918341,cg01614020,cg17687962,cg19840066,cg17514701,cg21211585,cg23748737,cg26273150,cg03897712,cg07951417,cg19895164,cg15159060,cg00197313,cg26241993,cg22276896,cg00793088,cg05781767,cg10004179,cg06217862,cg16080876,cg10189135,cg01769243,cg08748948,cg26663716,cg12943155,cg08658371,cg04608146,cg21601845,cg22044892,cg03802461,cg00817377,cg15937958,cg03928182,cg16735682,cg00573606,cg22978087,cg27420123,cg06707544,cg13704548,cg08358624,cg13722619,cg27390496,cg22727581,cg16008327,cg02938303,cg10451772,cg27360098,cg14213160,cg17685019,cg12921961,cg06160898,cg07558287,cg17335494,cg16929104,cg08156531,cg23694248,cg24975222,cg03510159,cg01409709,cg04464946,cg01986605,cg01937819,cg21783004,cg05382012,cg03207391,cg25591469,cg19012170,cg26278699,cg14799008,cg25714069,cg03143742,cg15926671,cg06285333,cg14785479,cg26172504,cg15779716,cg24910675,cg24032666,cg21616047,cg04193901,cg16717122,cg12402251,cg22909609,cg23669043,cg04601137,cg18341969,cg14900246,cg02481642,cg06739520,cg06419846,cg24987259,cg08343644,cg08661007,cg26290632,cg01908954,cg16867657,cg10501210,cg06639320,cg24724428,cg04875128,cg21572722,cg24079702,cg08097417,cg07553761,cg20273670,cg07082267,cg23500537,cg02046143,cg11693709,cg00573770,cg04208403,cg08128734,cg03607117,cg08453194,cg14583999,cg06784991,cg17110586,cg07547549,cg00602811,cg22156456,cg11649376,cg18473521,cg11970349,cg07080372,cg12934382,cg04193015,cg12079303,cg17471102,cg16290275,cg00292135,cg11807280,cg23078123,cg19761273,cg22947000,cg17621438,cg22016779,cg20816447,cg11705975,cg07955995,cg26685941,cg16015712,cg09692396,cg17436656,cg23186333,cg15341124,cg09559780,cg03473532,cg23715749,cg00748589,cg14042143,cg00387658,cg01234420,cg22452230,cg23606718,cg07931844
GSM2334433,40,test,0.08337852,0.5239533,0.2913023,0.7692666,0.2471064,0.07380405,0.7566649,0.1838177,0.9630747,0.8987754,0.2444978,0.5112946,0.9642527,0.1506467,0.05953614,0.9509806,0.9569775,0.2414125,0.9392612,0.8912892,0.0673666,0.009303567,0.9534279,0.2042336,0.07969743,0.1533776,0.04932635,0.2261683,0.04899786,0.1797857,0.7955808,0.3298867,0.9156201,0.5482277,0.02702263,0.1458903,0.1126163,0.1649106,0.01454127,0.2170163,0.9073432,0.7578273,0.5091054,0.6846082,0.03564111,0.6117844,0.02126321,0.2140161,0.4826406,0.1786059,0.008831788,0.0867074,0.8756825,0.05258568,0.5687606,0.1112099,0.402193,0.8511255,0.5230697,0.8962071,0.04355605,0.1027197,0.1542142,0.2720847,0.8010126,0.117307,0.9106785,0.02413353,0.9436844,0.07594622,0.8881988,0.6819023,0.08016728,0.3412705,0.7261727,0.178207,0.1059619,0.8848855,0.05946325,0.7161934,0.1325175,0.07465617,0.7257202,0.1017512,0.9320084,0.04949154,0.8634012,0.08252147,0.2581625,0.1716123,0.9781168,0.6957147,0.03686852,0.07312534,0.08180408,0.7748053,0.3410807,0.8663715,0.1294104,0.07355439,0.06253599,0.9439811,0.1252497,0.00855468,0.2862419,0.9088464,0.4934766,0.855704,0.5864332,0.1879723,0.7428873,0.8295242,0.02889064,0.0284645,0.2459534,0.742971,0.1701148,0.2553206,0.4706012,0.1009672,0.06254186,0.4883063,0.2863741,0.2591696,0.1394195,0.6064293,0.2358649,0.3768184,0.04679171,0.6386367,0.1639623,0.06186447,0.8556031,0.1925056,0.8958259,0.163763,0.1861415,0.2112281,0.5481382,0.6918339,0.4205159,0.2136481,0.2996935,0.3976913,0.2660074,0.1737726,0.263221,0.412746,0.4622948,0.4136604,0.2883018,0.4967916,0.382096,0.5793762,0.6238595,0.08065669,0.4422384,0.6496599,0.2391608,0.3155342,0.373662,0.5397793,0.2205999,0.725211,0.5832696,0.2633542,0.2352644,0.4935335,0.6735833,0.4278039,0.5164356,0.2599355,0.1685923,0.6144846,0.6655815,0.313834,0.4247527,0.3269448,0.247133,0.319665,0.497947,0.04226492,0.1902781,0.1028239,0.3375624,0.6542772,0.5876565,0.3585026,0.4004613,0.8535083,0.4630185,0.2718481,0.6854763,0.5888709,0.5946235,0.4822304,0.1419981,0.400093
GSM1466113,18,test,0.05786476,0.3470202,0.06947591,0.6235348,0.2507604,0.1856868,0.7471637,0.2746245,0.9755568,0.7447578,0.3113511,0.4682284,0.934311795238948,0.08793292,0.04934976,0.8911472,0.9634178,0.1414719,0.8945783,0.8528973,0.06800833,0.0287578218612701,0.8874646,0.1494473,0.04609447,0.100856,0.043715268589574,0.1773742,0.02208151,0.291822,0.7847303,0.2743345,0.8410357,0.5923562,0.0210784,0.102544,0.0983482854028674,0.1396738,0.02516411,0.2837139,0.8152078,0.8584654,0.4982215,0.6803977,0.0186892722585762,0.5740897,0.02648545,0.162592,0.4515437,0.1206746,0.01067199,0.03904644,0.8048052,0.07178807,0.5739239,0.0931830442065813,0.4615385,0.8527972,0.419276128507523,0.8380844,0.04864253,0.09522858,0.111261,0.2611428,0.7669936,0.03727309,0.8196657,0.01862718,0.844498,0.08328665,0.8218245,0.7144208,0.06850883,0.312412459147602,0.6892761,0.1683691,0.06610408,0.889529298751201,0.01895227,0.7138491,0.1922848,0.1717514,0.7893975,0.07689761,0.8723491,0.07034632,0.7919929,0.04586845,0.1226488,0.140901,0.8834704,0.7243381,0.03769412,0.06588571,0.02471975,0.6923047,0.3590633,0.8163288,0.115278,0.08253086,0.06267345,0.875319247736243,0.1049546,0.01666766,0.2131667,0.8368588,0.4550599,0.9346462,0.4486096,0.1744173,0.6865471,0.7774691,0.0323685,0.02412158,0.229428,0.6998166,0.1099606,0.3097968,0.3196231,0.08619643,0.07579909,0.4361545,0.331943,0.1534807,0.09061896,0.718494,0.2800626,0.388021,0.06273338,0.5968611,0.194316,0.06462467,0.8765785,0.249326,0.9350759,0.1359988,0.1064602,0.1492162,0.3946874,0.9030508,0.3034099,0.06034178,0.01954896,0.316799,0.2231119,0.1195688,0.1466726,0.3703429,0.465391,0.3250204,0.2682683,0.5067014,0.429253324241391,0.594516,0.7340806,0.0769958,0.3922635,0.5125652,0.1653314,0.1822834,0.2533681,0.471563981042654,0.2810891,0.6710619,0.4259552,0.1536768,0.2678632,0.2108484,0.663127,0.4417999,0.563162,0.2752797,0.0342967696546872,0.6401964,0.6112886,0.3084371,0.3969527,0.3876421,0.287682,0.4025641,0.3745455,0.02808197,0.299528,0.04377419,0.3121117,0.5697225,0.4470069,0.3105002,0.3512224,0.8014388,0.5080569,0.195071273254409,0.6904529,0.554859196122671,0.513184329482672,0.5186415,0.05855682,0.4406139
GSM1345363,35.2,test,0.0699828217193218,0.425489279273262,0.250631313131313,0.636108125981648,0.234018712532915,0.132104890148831,0.708326463314097,0.293475501396293,0.964997217584864,0.821075268817204,0.248095756256801,0.457147814018043,0.886499226633277,0.141642927193761,0.0516532194273058,0.898478237735447,0.949716081568515,0.131332082551595,0.898883928571429,0.812751944586385,0.0865718369291499,0.0278969957081545,0.85736973455343,0.14215372494953,0.0809262644728824,0.122157434402332,0.0703278229195853,0.257000064073813,0.0115786745009937,0.260811327975507,0.782165804732801,0.322769900884484,0.825488082405078,0.506332402416055,0.0275797508461151,0.127161407522035,0.109733365750871,0.130474552705719,0.000119976004799,0.204831589274035,0.848488345257328,0.774231504633034,0.44903988183161,0.669976311677839,0.0359813346826334,0.554803471500855,0.0110803324099723,0.209458243340533,0.475387113381648,0.166151202749141,0.0026829546751912,0.0375300425217231,0.828649859134581,0.0767476835007034,0.52653698813553,0.124895893394836,0.469901617475404,0.68652736968114,0.537126995142262,0.798101325312529,0.0454779769746263,0.0831024930747922,0.150340252759193,0.236002834868887,0.757552404438964,0.0814294083186878,0.826068396338282,0.006125574272588,0.889770443245531,0.0583386581469649,0.862618007608849,0.743454577402917,0.0659664639764142,0.299609026682214,0.639105624781647,0.1842411884649,0.0961871750433275,0.862383900928793,0.0755077354045967,0.683358596795149,0.22288992078667,0.0627492688114863,0.760151128914785,0.117707701637356,0.855744779224782,0.0859030837004405,0.774173128659598,0.0961143840603694,0.296859856561349,0.163997746841555,0.923246357167062,0.615256161913032,0.0627878787878788,0.0647449827431932,0.0750263606131884,0.712013581736139,0.327469725940089,0.792807811383663,0.162753738351513,0.108255351877964,0.0636875625032896,0.903695913461538,0.157835689329102,0.0120980579433301,0.201863191500497,0.787498365372041,0.462890763450769,0.880123005142887,0.521447107311861,0.213816620358676,0.654435947220351,0.681060727447524,0.0047884187082405,0.0297606210912228,0.29909932449337,0.673472147106544,0.125775956505863,0.29937085908357,0.375006624622397,0.0860478043357421,0.104421239724506,0.343201148790456,0.340338326253819,0.203111618612618,0.105490036600244,0.623334747560458,0.271999303681783,0.363470515640929,0.0648692932151635,0.537128712871287,0.153959620171476,0.0786411995271573,0.887317847352474,0.231283138918346,0.918025850130789,0.161410913476033,0.206713847784127,0.18135593220339,0.557991266375546,0.791942122988649,0.363853101645958,0.163831751054852,0.136184016514303,0.3432219430774,0.320412989559901,0.133615434268092,0.268688208343381,0.463551401869159,0.451164380959617,0.385261923377639,0.302904564315353,0.434244745905672,0.474885844748858,0.63315494393476,0.589363657247875,0.0643348320550119,0.438489707046714,0.514410364886304,0.240540128166005,0.275075717085338,0.361207368229072,0.449201277955272,0.259838404952366,0.608358180699513,0.488790384451453,0.233787066318346,0.227515923566879,0.371233655486072,0.593384098910997,0.401364226938068,0.611674993426242,0.340118882827131,0.0977664576802508,0.425659146507203,0.572775244633434,0.266438425133421,0.39627465303141,0.280887259739649,0.257343475716793,0.398375519455988,0.471278032964064,0.03436673876472,0.19480948838747,0.0513914174252276,0.338240845602114,0.438657087593258,0.403618649965205,0.333785977859779,0.41853624270097,0.812110726643599,0.471099050203528,0.225845655256228,0.668366088315106,0.540896944347624,0.442703706694662,0.481930227700021,0.149144839134075,0.378201997780244
GSM1344536,55.5,test,0.090127335869026,0.453427207250951,0.20160791589363,0.66035492133187,0.17770315648086,0.183118014225577,0.678907103825137,0.312709273547824,0.977472743990543,0.792340291947889,0.276937862713932,0.309871063200169,0.895307986571942,0.140331095279586,0.0368341518700416,0.921123856167032,0.974158298877732,0.207940868655154,0.879722333466827,0.849750623441397,0.109837558827995,0,0.842429648852486,0.1823073611709,0.0766456958723339,0.13302149576917,0.0530017401392111,0.186168994733226,0.0001149557420393,0.218978503491121,0.803827182504309,0.321432113458296,0.83799479340498,0.528501628664495,0,0.146549007248661,0.132395451917518,0.11383244061005,0.018260641093011,0.262339508640988,0.877996878989928,0.812126079100582,0.468805021817347,0.708834321196726,0.0259493670886076,0.58986785676929,0.0291019739408598,0.176799296321209,0.453944892754108,0.231444309588274,0.0027156883225402,0.0193292370711726,0.800964187327824,0.0570109780439122,0.52122905027933,0.108277293997335,0.472510670828821,0.766550323282028,0.574388254486134,0.836933045356371,0.0426669908223424,0.0719466332378224,0.189868572157713,0.222646767958285,0.71429354379042,0.0848925159235669,0.840269502245852,0.0016828945786753,0.900326981621378,0.0807686750469585,0.815611242803928,0.665070900496909,0.0513044647660032,0.2331360024926,0.655561724967611,0.227246432703432,0.0623018965965186,0.868828513000292,0.0688032730992158,0.649426976197473,0.200665451952785,0,0.735200873135492,0.148637489677952,0.8472647702407,0.151471016603554,0.744711309050421,0.167157717515483,0.259770114942529,0.131214101802337,0.911971162967179,0.609521376256174,0.0318993454915168,0.11587147030185,0.0660236807025798,0.781608616871351,0.316530872680868,0.792698253110469,0.156992305118769,0.152488528062125,0.0413089461241757,0.917634138688422,0.125026076072596,0.0013552430967304,0.261847527472527,0.878604224058769,0.458060870267216,0.887421820708826,0.550106435238251,0.168997042215649,0.676366126064444,0.721832321699545,0,0,0.307501665556296,0.655231729493291,0.143193204094968,0.37566265060241,0.365903178732314,0.0947984974851977,0.109198645598194,0.348972792892837,0.398015058179329,0.220444358764278,0.0958625260367355,0.594043412417971,0.200820445115051,0.414095419328531,0.046866485013624,0.591595146493045,0.193670576735093,0.0729075065952514,0.90016585522444,0.185122238201072,0.904495349638305,0.16749666830329,0.242606459420619,0.211642411642412,0.701446339129945,0.586222627737226,0.482494109911786,0.202112498952133,0.183641471222317,0.442068029449266,0.407396870554765,0.180553025611133,0.33664414231051,0.499545631572115,0.403974805367552,0.409299279633268,0.253924339929031,0.401140515013811,0.441452344931921,0.564865325605182,0.51890756302521,0.0986659255141745,0.394783302010365,0.437721220293275,0.276708309251767,0.35635305528613,0.449140733859731,0.413148565903964,0.163745618427641,0.560942193181219,0.584918032786885,0.326655929132273,0.159883012429929,0.298969072164948,0.559967066142165,0.335745296671491,0.476929664918103,0.209638084089357,0.0955129129995672,0.478787878787879,0.588560566787627,0.222027256243785,0.327353158024085,0.302824213477313,0.165668041397557,0.211736950751991,0.55253153098787,0.0468565428533928,0.208226221079692,0.0578268663621118,0.240708264977089,0.480769230769231,0.274556526343659,0.38043067623725,0.420899309307898,0.704497907949791,0.374987433397004,0.315013047877723,0.695711252653928,0.538476690741957,0.457174846053368,0.48940643700469,0.201748983865008,0.291626219792571
GSM1343876,70.1,test,0.0916331390097709,0.400052465897167,0.202554097197588,0.730914070523793,0.105308964316797,0.131166797180893,0.536442465432388,0.440566037735849,0.971265751665463,0.574967616580311,0.195079322398494,0.358702592261525,0.899782923299566,0.144688427299703,0.0555365881415728,0.925268892303394,0.974565865637607,0.115467285702003,0.906347230864966,0.862520580751384,0.0722561810053827,0.0013091453151299,0.865626393223362,0.14896262844427,0.0497011381314992,0.130129250847032,0.0577588287346151,0.0985087166561647,0.014405762304922,0.251723506802514,0.752150624898555,0.269728331177232,0.843454288056032,0.537792760823279,0.0111047835990888,0.123463792777463,0.101087886566434,0.153673747807445,0.0091079947954315,0.210623651494914,0.891190351337179,0.77671679086163,0.475154786474044,0.789505796217206,0.0376559714795009,0.588054691337809,0.0284999553292236,0.188996245922826,0.348366244129084,0.179219445395413,0.0045317220543806,0.0244170430960811,0.824023555901966,0.078826895565093,0.633108458744162,0.11997545259282,0.652738815886609,0.791570881226054,0.734399498275321,0.840055632823366,0.0471438147017204,0.0913246863704019,0.173435700575816,0.25375329681477,0.782045498485532,0.0914422241529105,0.85075347240843,0.0489690721649485,0.897770345596433,0.0816235104381328,0.817398945518453,0.835423319573176,0.0732131039046989,0.282317717506164,0.64727602062143,0.189072890859304,0.0457179242279529,0.885287466593572,0.041965537142386,0.720373857850317,0.427782685512367,0.0861336423329471,0.816079970562983,0.111679205317362,0.887260648690895,0.0575874238049406,0.747322297955209,0.0667322658556222,0.240490946652084,0.0925440239790184,0.898516949152542,0.658782666225604,0.0442383453709783,0.0771430906267876,0.0597057975194693,0.8482847976308,0.186642094560244,0.796172453044963,0.177272727272727,0.1125329920819,0.0597901132283899,0.884615384615385,0.110794689243795,0.0151392268180589,0.196660361359337,0.842925858351302,0.394987674609696,0.69781969622734,0.327150231866305,0.220218484480666,0.694242393197418,0.79349593495935,0.017588959545393,0.0114899579635684,0.223381761134984,0.708254298476412,0.108999736078121,0.348779819029339,0.355176171449328,0.0869214642799548,0.11675987120827,0.101447090744649,0.275200989486704,0.230490237562715,0.135140974397753,0.640760764626376,0.479634290410396,0.327539882451721,0.0577257341505809,0.550274223034735,0.12120106977875,0.070874565391816,0.935286587967572,0.443154402895054,0.864312368179114,0.175623416455527,0.324356295098774,0.185056197562134,0.757453321089685,0.383180739233639,0.460642471799902,0.306771745475774,0.228967495219885,0.464249138813891,0.413369103509949,0.217153434800494,0.315073068893528,0.484366368357088,0.322356710573158,0.492635429023329,0.113964464186563,0.312634671890304,0.237846745399615,0.533607808669103,0.410202063021054,0.153970413195035,0.395618716643912,0.337379868487607,0.272740315638451,0.370766801193192,0.445249162252729,0.355885471898197,0.165515239477504,0.510539384013947,0.636303702889792,0.30590318051401,0.239839213934792,0.355836272660159,0.483982598378485,0.239126543762305,0.435691109669046,0.184357541899441,0.141415685674973,0.299832495812395,0.430245891196331,0.244211606096131,0.252259654889071,0.218704464167439,0.213530655391121,0.1450969970768,0.449441302248586,0.0593578200940164,0.0791248107884959,0.0736081370449679,0.270015313935681,0.446456871179534,0.28369250562882,0.370601519195237,0.321794646517894,0.713695232846514,0.405568720379147,0.270850695557408,0.580429541968004,0.527279102384292,0.376157169306727,0.488973321219129,0.183662050636453,0.360472790544189
GSM1345460,46.2,test,0.0785589588954134,0.460699035268069,0.180445889456572,0.728603351955307,0.299098320158103,0.185720215857202,0.721785654572814,0.314789455665868,0.980825008056719,0.826928138983943,0.251494899753781,0.407278274133798,0.918597220003195,0.13384009009009,0.0499040307101727,0.934210526315789,0.966355057765235,0.164814676709673,0.893872948252099,0.857037927350427,0.0799578244442492,0.0086139389193422,0.89383840026012,0.175425701335293,0.0688477725720638,0.123051681706317,0.0508907951171231,0.175048923679061,0.0224243977447463,0.369662309368192,0.784330244313395,0.26797461050202,0.825129444252675,0.601004694062423,0.0243253166880852,0.148887263608818,0.110187340649595,0.157280158088566,0.0049569527785024,0.275465295084575,0.847443331576173,0.821727653377025,0.544941348973607,0.782742887815352,0.0224900214921707,0.594598831968016,0.0124579430753842,0.191868279569892,0.517222767419038,0.173913043478261,0.0101421436803688,0.0244937553049594,0.182352941176471,0.0761431545021151,0.528144039283441,0.129055245096201,0.556332401118658,0.786292330677291,0.488456189151599,0.850825667738003,0.0495049504950495,0.0915060594735999,0.136178410017041,0.321400664192225,0.791315292636878,0.0685660613650595,0.855017623885548,0.0210217550721095,0.880819758276406,0.0829994863893169,0.839447997307304,0.748173550022365,0.0608452950558214,0.279717596500652,0.650436623445356,0.223580987540378,0.0531671994259247,0.872179548727796,0.033372595210051,0.699344758064516,0.287000643178732,0.0842105263157895,0.815857406269207,0.120653049271543,0.880225789380843,0.0648689900788603,0.805593348450491,0.0753844860912682,0.222169755636879,0.150746830676541,0.920209176788124,0.631764536557283,0.0579408086702793,0.0793440062475596,0.061988987151677,0.795441627827668,0.4115245971162,0.836484129752354,0.167701863354037,0.117494870193594,0.056957928802589,0.915595377223737,0.137223292572642,0.005552181833955,0.201880432854355,0.869726471951785,0.41178645371192,0.928553137003841,0.510021182988431,0.22493047603468,0.716727462219906,0.772923797513961,0.0259433962264151,0.0141999428190222,0.292645764203968,0.746249413970933,0.139503538133214,0.356683523756009,0.400187003272557,0.100189864174091,0.121265377855888,0.450274177467597,0.36916367367881,0.243691339290732,0.119127980966082,0.714428774096637,0.278652548417183,0.425436598329537,0.0643409577093961,0.584360111713488,0.151234246432663,0.0874564459930314,0.941570298234936,0.311984473556526,0.933742959549411,0.178097713790575,0.176908356368276,0.235226289997117,0.613988537465506,0.805200281096276,0.46490874546606,0.157249412485951,0.102203647416413,0.401002384312199,0.41136007627869,0.169872855319752,0.280905799892167,0.539202356673465,0.397772847512586,0.449833571088921,0.332984908865225,0.405019550786578,0.382279186402898,0.626802830780256,0.567503844182471,0.109662288930582,0.461730449251248,0.581105710814095,0.23020706455542,0.305958854195863,0.408885315107046,0.389649018441404,0.22211326305467,0.622437745740498,0.535217316612266,0.25449390758837,0.281264784734269,0.478605388272583,0.593926056338028,0.421868787276342,0.587021006114172,0.28980776206021,0.108688833124216,0.646234918873943,0.604340146353772,0.288727999001373,0.434032542638698,0.355699895414763,0.250542118432027,0.329228243021346,0.460990590695243,0.0466140423764022,0.21768177263111,0.0351532765898554,0.337575196668209,0.571460226013738,0.50686990124517,0.342905615094964,0.346450751639677,0.80559646539028,0.418555103621925,0.258407309013154,0.738045925258892,0.566340536355318,0.537686277887846,0.512966965112689,0.149936287696446,0.38678322884914
GSM1345074,63.3,test,0.0923274891426733,0.420851632614092,0.285730261686424,0.723779978522849,0.267858536966196,0.17110748595251,0.755883113524696,0.361965114819927,0.971555101345597,0.866048237476809,0.375444994356169,0.419961612284069,0.927448830409357,0.176406857434198,0.0528793915248099,0.937973997833153,0.979647543338761,0.162158031484029,0.923185740557363,0.872512741744048,0.0763157894736842,0,0.877615509437185,0.171818181818182,0.0976946498477599,0.166709216236916,0.0502813253550058,0.187748783724016,0.0246745195288283,0.284712909911008,0.793492995933123,0.314973397517102,0.836189410365811,0.540254895865713,0.0010078797874289,0.200616057233704,0.139912706110572,0.139556377079482,0.0199275362318841,0.238695700477725,0.89809799722887,0.790362035225049,0.511866187932393,0.739458820438723,0.0383977442361917,0.56315552891819,0.0143238434163701,0.277031720305626,0.503344243631706,0.223634272570443,0.0141497298687934,0.0035230352303523,0.833110933190997,0.0643656716417911,0.581222132144305,0.135270541082164,0.543259410563175,0.687333101126205,0.557837628366596,0.822795859832897,0.0325622632384944,0.0795794192997438,0.1634280865507,0.252743011523405,0.780290791599354,0.0773379464740002,0.859355294355042,0.0570658829292187,0.943962958565832,0.0963367548733402,0.842326827401454,0.772818888568961,0.0612244897959184,0.296058899956691,0.64711071901191,0.257128244470017,0.062037363412055,0.880262924142832,0.0495649471721566,0.722549617286459,0.234208336485362,0.0981749528005035,0.802137541267976,0.126541372565694,0.884913753764717,0.0769716088328076,0.83960890368213,0.109263443289652,0.285088679658419,0.167117360735533,0.938256048387097,0.663858093126386,0.0501164495816441,0.0876451077943615,0.0763157894736842,0.803950863213811,0.402734763045638,0.824611770846927,0.187310587545215,0.116197183098592,0.0654531946508172,0.944987775061125,0.130891745492764,0.0119715362076183,0.209226770630279,0.906378802747792,0.407442420075627,0.84048404840484,0.567216494845361,0.157702650787553,0.720950533462658,0.77727952167414,0.0086124401913875,0.0267366521774789,0.334208194150931,0.720014604758717,0.149146739421174,0.315113400682411,0.359079242861726,0.095249656065388,0.087719298245614,0.384188361408882,0.326121998812251,0.253033870675602,0.217380923958458,0.517217146872804,0.235873925501433,0.353906815804297,0.0917662434652726,0.451429772918419,0.168407118693926,0.0782720697513128,0.954081986543664,0.214125200642055,0.892336280195957,0.201805945991993,0.214109363569861,0.242041522491349,0.74358135731807,0.436952380952381,0.530640923810106,0.295285901353121,0.256990031607099,0.504448058159556,0.4366673867646,0.206111658750784,0.35564068485654,0.575122549019608,0.435733184793204,0.475784328395431,0.272080433101315,0.336755871108684,0.227646736149205,0.56215714406279,0.378522336769759,0.105396949550254,0.365136700504453,0.451867316167942,0.31358681201808,0.359770752449621,0.440685929058022,0.364324324324324,0.211748873676204,0.52955223880597,0.595918824980379,0.325879192953963,0.207215373459028,0.474206349206349,0.573948767520541,0.32478323699422,0.557155951289773,0.242949441082966,0.195792096338847,0.339022829101771,0.530015023842184,0.261844360644498,0.375755647470569,0.25100996498788,0.197292786946041,0.181969394544245,0.495947125576755,0.0303987010644056,0.114894795127353,0.090356818657915,0.278819305943359,0.50497949619215,0.328636134876699,0.450865642526213,0.303078315980082,0.65782756664776,0.394045534150613,0.32388377037562,0.616218608253125,0.588786518623514,0.375984005997751,0.452690321505914,0.194458281444583,0.354378076198578
GSM2334390,44,test,0.07798281,0.4955247,0.1681142,0.6686904,0.3088938,0.1814963,0.8219449,0.5283644,0.9361367,0.8570245,0.3952944,0.5102847,0.9632678,0.1713993,0.08444596,0.9513097,0.9193302,0.2590187,0.934756,0.874653,0.08934445,0.01195284,0.9629603,0.1640761,0.08929218,0.1320077,0.06139619,0.2955259,0.04684542,0.2868755,0.7623158,0.3412629,0.8708005,0.5209565,0.03366227,0.1780682,0.1158337,0.1927099,0.01928214,0.3102153,0.8757637,0.8027664,0.4970166,0.6865358,0.0643504,0.5808581,0.03423955,0.2252387,0.4766614,0.1925757,0.01721448,0.078476,0.8720294,0.05460795,0.5916244,0.09890959,0.5615517,0.8619925,0.574065,0.8426503,0.04719958,0.1216374,0.1787365,0.2681417,0.8056996,0.05614827,0.8956773,0.07613572,0.9262334,0.08149184,0.8820227,0.7505122,0.08536104,0.3709175,0.6788008,0.1951162,0.1224809,0.907094,0.06765624,0.7168229,0.2316137,0.1144496,0.7463694,0.1256195,0.9035338,0.07661585,0.8319892,0.07092932,0.21535,0.2253691,0.9527856,0.6474517,0.06212278,0.09345161,0.07271822,0.756804,0.2990962,0.8179624,0.1446109,0.09033529,0.06858193,0.9205938,0.2118185,0.0291433,0.2312109,0.9134039,0.4466873,0.8063987,0.5782197,0.2072018,0.6882489,0.7695259,0.06042871,0.04709657,0.3042963,0.7554556,0.1605511,0.4020828,0.466265,0.1047744,0.08820887,0.4559432,0.242433,0.3000407,0.1303963,0.796512,0.2646549,0.3396754,0.07289163,0.5213418,0.1766765,0.06306072,0.8789456,0.2423807,0.901664,0.1470681,0.1589226,0.2452618,0.531316,0.6329531,0.4718745,0.2448024,0.2961502,0.3813971,0.3348296,0.158031,0.2432984,0.5314203,0.4822627,0.4189003,0.3047326,0.5075982,0.4085229,0.5694909,0.7053393,0.1178974,0.3689172,0.5392985,0.2759936,0.2808613,0.4361536,0.5304254,0.2170695,0.6069495,0.5719704,0.3006535,0.248886,0.4089461,0.6894407,0.4437013,0.5691851,0.2492814,0.1716874,0.6101536,0.6636287,0.3152213,0.4252754,0.388615,0.2528959,0.3551366,0.475494,0.07749652,0.2742717,0.09666197,0.31982,0.5361562,0.5499799,0.382153,0.3603123,0.8509909,0.4954524,0.2498349,0.7378287,0.6111082,0.5523815,0.4541502,0.1372843,0.4002112
GSM1225625,42,test,0.09353,0.46238,0.22048,0.70393,0.23762,0.1392,0.76889,0.26545,0.95578,0.78147,0.31772,0.428,0.91336,0.12075,0.05815,0.90651,0.94018,0.2292,0.90549,0.82156,0.1002,0.04452,0.87736,0.16757,0.10526,0.11372,0.0554,0.21265,0.04701,0.29942,0.75767,0.35775,0.85488,0.63999,0.02479,0.13813,0.13127,0.16814,0.04314,0.31059,0.86251,0.86011,0.49874,0.65814,0.02029,0.57691,0.011,0.21611,0.4762,0.1846,0.01491,0.02548,0.80702,0.08501,0.58994,0.14115,0.47414,0.82114,0.48409,0.82188,0.06215,0.09073,0.17402,0.34415,0.77633,0.06102,0.84568,0.03779,0.88475,0.08521,0.84555,0.7141,0.0834,0.30173,0.69093,0.22834,0.11591,0.81081,0.04709,0.6813,0.22779,0.12243,0.75729,0.10602,0.87507,0.0874,0.78161,0.11465,0.21868,0.16304,0.93899,0.66243,0.04089,0.1003,0.06968,0.7422,0.3535,0.80855,0.17263,0.10311,0.06723,0.91822,0.13077,0.02399,0.26989,0.85628,0.44529,0.88711,0.58486,0.19948,0.70689,0.79717,0.02926,0.02556,0.26939,0.71075,0.13444,0.30194,0.39621,0.13392,0.13487,0.45807,0.4288,0.22719,0.13052,0.71653,0.28402,0.39524,0.08337,0.56408,0.20047,0.09544,0.84774,0.24841,0.90146,0.18203,0.20534,0.19555,0.57593,0.60974,0.41922,0.16022,0.12012,0.38701,0.35091,0.16922,0.28341,0.52307,0.42999,0.40508,0.26691,0.36703,0.46626,0.55109,0.59418,0.09595,0.4215,0.53067,0.23703,0.29122,0.36982,0.42485,0.22953,0.60335,0.53216,0.26142,0.18683,0.44664,0.56941,0.4293,0.61551,0.2889,0.11039,0.56931,0.55882,0.27736,0.42557,0.28192,0.24472,0.3083,0.49025,0.05159,0.31403,0.08954,0.27499,0.54358,0.44611,0.33403,0.3681,0.79811,0.43942,0.25377,0.6505,0.56299,0.50734,0.59381,0.15759,0.40238
GSM1345302,36.7,test,0.0692147826872685,0.426752688172043,0.219623891649615,0.67731401163384,0.224605720395616,0.14812495106866,0.729148375768218,0.311563299622274,0.957361052184981,0.812825221916131,0.281017242088803,0.426924243956711,0.882635926295725,0.137382175311847,0.046435318683504,0.919231781110234,0.963989400981712,0.156057930060049,0.937592210091472,0.838788507109005,0.0697214580467675,0,0.874622218151845,0.148295522033496,0.0632111251580278,0.105721393034826,0.048193721407162,0.226749539594843,0.0050152905198776,0.288781442468198,0.793157076205288,0.360138161800421,0.835050007463801,0.575585284280936,0.014635124298316,0.118217750628818,0.0948959897061977,0.136828644501279,0,0.235335511435034,0.854434489027399,0.811872710840508,0.523365257595773,0.7185656221319,0.0188795403242356,0.577039403620873,0.0234888028287591,0.180874804731087,0.425025015485777,0.162422214087748,0.0040994997220678,0.0149856658848058,0.829871771717537,0.0622750179985601,0.546021516553194,0.121808404700259,0.484009137635637,0.787197469746975,0.51216,0.837073049114934,0.0449878411240205,0.0757970231370045,0.129726542345397,0.261100569259962,0.753074558032283,0.0489580999327806,0.842902572997976,0,0.917132689374682,0.0507430823548731,0.881936685288641,0.776567581877316,0.0492690058479532,0.274781158816173,0.685691020800948,0.197232210962188,0.0769364362625912,0.873835616438356,0.0489201570680628,0.678040071414402,0.22417658216934,0.040785498489426,0.750242234254773,0.0934000140874833,0.862414578587699,0.0565542579713948,0.774346343311861,0.0409774748566204,0.250750554757865,0.156645909383723,0.886127167630058,0.658582731338149,0.038118961352657,0.0479012345679012,0.0555938207222277,0.726038667215138,0.277542142468733,0.816016998827667,0.128901200369344,0.0755177639333221,0.051344582124967,0.901298701298701,0.120442295497781,0.0001019575856443,0.224414074577948,0.84184604159066,0.423086058110997,0.906798397125881,0.603211870773854,0.210269333753347,0.722722549359196,0.774627023595387,0.0112297241092472,0.0028558268079226,0.276671051807304,0.703987915407855,0.110676632183339,0.325251247452386,0.359800511844609,0.0914630063608972,0.0919657126253087,0.331921971873582,0.358317399617591,0.213671156470658,0.0790735694822888,0.611472081218274,0.287601572739187,0.356249572883209,0.0494936151475121,0.541929574598005,0.162035928143713,0.0433913043478261,0.882038861672263,0.261847287511117,0.914703610735663,0.14807808716707,0.174441845630449,0.159474091260634,0.578217929830305,0.85063460253841,0.374229127134725,0.161680849197298,0.129322375562103,0.365954357787759,0.322708578143361,0.130222841225627,0.265403246366958,0.503460651115099,0.415608770917484,0.358402515105369,0.320622412181114,0.440718677940046,0.464928615766605,0.608191693954987,0.509752585416939,0.0779489728296885,0.43904277369512,0.497352629721144,0.242965160796325,0.278515904956172,0.315013133966458,0.520852858481724,0.23308673742897,0.620059679678461,0.502726510067114,0.25266621975745,0.187348116646416,0.369892959445198,0.57829373650108,0.34314850223072,0.572673085740486,0.250779139829628,0.0796075017804859,0.477884772319243,0.5941560583075,0.278502192476344,0.407018381475292,0.26856752603722,0.232084758488362,0.256194125159642,0.440387275242047,0.0375475626390983,0.147919196379291,0.044889331012186,0.305352872647005,0.624190564292322,0.43555900621118,0.364947245017585,0.403297123205415,0.783212072217731,0.458829017961278,0.210413055173651,0.681986428130783,0.543971109476359,0.454058425149095,0.539093181006783,0.131749460043197,0.35812133072407
GSM1344809,61.9,test,0.149962571737503,0.377332774166492,0.276584970629937,0.717954759660697,0.188654989554877,0.193802475547477,0.6648675171737,0.308107437503877,0.967309895144947,0.791927231381467,0.283220798309678,0.403846153846154,0.904109589041096,0.166269510306208,0.0521257349615559,0.934020618556701,0.965258624860889,0.211553293228444,0.897980093676815,0.830477038355961,0.0955647005029721,0,0.895407098121086,0.199532866199533,0.105401732631221,0.153407697965188,0.0511948447149378,0.29226967878574,0.0212933753943218,0.263726195929586,0.796857547099561,0.347139713971397,0.835174746335964,0.546014748964542,0.0244859020563918,0.148260656540911,0.137455351644291,0.137948665507721,0.0207435774692835,0.300102830546084,0.824383368569415,0.81860293730589,0.458348623853211,0.710972850678733,0.0745341614906832,0.597671185262426,0.0184494790173024,0.218903995725227,0.433693738999246,0.221573415436883,0.0107414829659319,0.0440176750509857,0.80232104544568,0.0750169262017603,0.537878000623506,0.167281722697595,0.496005606166783,0.80022006739564,0.46146472392638,0.813643038312642,0.0508070287031884,0.0863122600183873,0.196028434554165,0.259785743716522,0.763874066168623,0.114223878802453,0.836268716654237,0.0272456364410387,0.97411561691113,0.0917117630304757,0.797465681098205,0.761185399349476,0.0727366079068971,0.23626421317594,0.671606225333234,0.226490897677338,0.0645292759135987,0.854257033089602,0.14149268869918,0.628127635648018,0.23879841363598,0.0961038961038961,0.771054836007475,0.164127373817604,0.845149253731343,0.108894702419882,0.709253617669459,0.127856062415413,0.254131706076786,0.181030389363723,0.924142630024983,0.561023047748711,0.0441277472527473,0.0852840422495004,0.0958397256565292,0.746056039557335,0.294282380396733,0.788302204746524,0.193419643726273,0.132209052581338,0.0508130081300813,0.912305187252849,0.178292768137883,0.0303907380607815,0.247661594304063,0.815635939323221,0.430900688813323,0.920576824537003,0.497677364864865,0.206413210445469,0.667705912363245,0.749752352649827,0.0137920581994544,0.0230654018971543,0.325495808628092,0.664834833021318,0.150946431444045,0.41917094799071,0.370804721857881,0.133403960557412,0.149042608245644,0.376193409300893,0.349725075215271,0.258375136942859,0.139918395103706,0.635886160986931,0.278572202361608,0.421171352614195,0.0784657150363429,0.591839041482989,0.204913456169738,0.0948323763659937,0.903204449152542,0.238331678252234,0.90355524001966,0.195686397984887,0.260614806069352,0.263473053892216,0.657048249763482,0.494897959183673,0.473098810139679,0.225791752107542,0.325131810193322,0.440363480660355,0.394001016776817,0.190350914414223,0.290434946337789,0.560144709074465,0.427520473788923,0.465213092574283,0.285303867403315,0.378516624040921,0.415350716121924,0.567986407866962,0.386894388288602,0.108674652241113,0.365635790421859,0.556773526370217,0.281413349416968,0.353274719673802,0.44863996327327,0.365025696510684,0.199681171399894,0.538787522071807,0.570970411752535,0.323345367027678,0.157791845094023,0.534647847365061,0.54691231661549,0.349930118798043,0.497277676950998,0.247751124437781,0.107130815913688,0.437269372693727,0.559876625989004,0.226510952757984,0.345720720720721,0.287091719898759,0.203378111418412,0.25295581829496,0.547134265632925,0.0515387160820649,0.167369204066452,0.101038585872481,0.209196261682243,0.471008028545941,0.267707082833133,0.430966697502313,0.386635524666743,0.663692217671153,0.35078469838156,0.290264900662252,0.656920919193009,0.512880186180884,0.430591259640103,0.476484474305429,0.23995983935743,0.321529080675422
GSM2334105,27,test,0.1023534,0.4151527,0.1747784,0.80913,0.3079413,0.2557819,0.81786,0.3745925,0.9583554,0.8700818,0.3218626,0.5147617,0.9610256,0.1800143,0.07770898,0.9469398,0.9399946,0.2995146,0.9395847,0.8686177,0.05619552,0.03336331,0.9391419,0.1992675,0.08481748,0.1278957,0.04350447,0.3603572,0.05606816,0.3241648,0.8445459,0.3851022,0.8678754,0.5893763,0.0289992,0.1558429,0.1867694,0.1458929,0.01262248,0.3338887,0.9079259,0.781466,0.58551,0.69861,0.04825156,0.6579819,0.02199873,0.2419464,0.512055,0.1873221,0.0199947,0.07028108,0.883379,0.08562413,0.5612566,0.1126317,0.546227,0.8428344,0.6320032,0.8736088,0.03364286,0.1101857,0.1994673,0.2811036,0.813443,0.05351609,0.9177709,0.04718634,0.9462014,0.09202946,0.8954256,0.7849564,0.06804795,0.377921,0.7237272,0.220026,0.141219,0.9039098,0.04745149,0.7048247,0.2614887,0.135626,0.8171312,0.1264814,0.9032817,0.09532904,0.853806,0.07780772,0.227146,0.2634202,0.9476978,0.6152924,0.06509933,0.08425348,0.06445279,0.7330715,0.3716923,0.8959969,0.1690074,0.08276952,0.07844811,0.9032876,0.1417899,0.01551098,0.3392874,0.9347812,0.5365255,0.8581057,0.6628981,0.1873223,0.7129712,0.8021565,0.05361267,0.04733253,0.3096929,0.7000802,0.1286318,0.3967985,0.457316,0.1926543,0.07897392,0.4392691,0.3648313,0.2351338,0.1529034,0.7783799,0.2773027,0.4985279,0.08262641,0.6807928,0.318863,0.05184637,0.8445103,0.3521373,0.922265,0.1852934,0.1695247,0.2141675,0.4758424,0.9080504,0.3991246,0.1663931,0.1349923,0.3834227,0.2289192,0.1227066,0.1748122,0.4504359,0.5158304,0.3785736,0.4099074,0.637517,0.505359,0.624648,0.7788794,0.06737631,0.423309,0.7291994,0.20311,0.2622122,0.4593971,0.6125185,0.3209271,0.6816582,0.535502,0.2674945,0.2575275,0.341195,0.7690804,0.534556,0.6678994,0.3587216,0.06284873,0.7515059,0.7403696,0.3073218,0.5743509,0.4734554,0.362129,0.5279061,0.4191337,0.04233371,0.2925734,0.06892739,0.3211804,0.6986773,0.5623142,0.3336044,0.4398882,0.8749834,0.5418227,0.2646006,0.8546367,0.564035,0.6713823,0.5034151,0.1329256,0.4255487
GSM1344739,35.2,test,0.0480911786508525,0.378102650399663,0.231363586897377,0.717449365679947,0.211604986619672,0.125617830830924,0.790542099192618,0.252767783005812,0.972542009295674,0.810376263881982,0.276805896805897,0.450660102931305,0.906164931945556,0.137455220910176,0.078802885132953,0.916409051564239,0.958672725713796,0.0989601691928093,0.918729220539342,0.860936846507737,0.0869959677419355,0.0142127470575172,0.899081700274543,0.0866115482064275,0.041947885519009,0.0869712351945855,0.0527151476659257,0.061633281972265,0.02093813732155,0.252998909487459,0.85600504692059,0.141947847512148,0.84081292473394,0.514285714285714,0.0072194719471947,0.100247780301466,0.109825927622538,0.135144911154316,0,0.199351007163412,0.873744619799139,0.81804873441632,0.468509288627096,0.716598674145844,0.0110062893081761,0.560580640455175,0.0241988227599738,0.23320917238971,0.421820272884103,0.0901844828694478,0.01420071400238,0.0078029375764993,0.829623205165269,0.0767610748002905,0.583771720070142,0.0942238410071658,0.416995605868772,0.810095996865408,0.638835263835264,0.869462619328542,0.032615881877617,0.066956269910223,0.105681999045042,0.241235715669185,0.804251794588625,0.0281234444997511,0.877250042056861,0.022591262716936,0.881569584222832,0.0497635425623388,0.890376569037657,0.796358000774893,0.0618537494177923,0.345800781,0.651166336331758,0.225914736488755,0.0229291468704813,0.87480878663648,0.0368001263523652,0.728725204793176,0.13821725009022,0.0303398058252427,0.805745395575119,0.0538961038961039,0.890792291220557,0.071955462769659,0.791134020618557,0.0380126995023168,0.207282913165266,0.0585797971138734,0.950344252034217,0.674764416011066,0.0497809637594584,0.0623887429007375,0.050808526277104,0.799634085490935,0.286238014664411,0.827842554190469,0.135731319554849,0.0527810419114767,0.0429285045270059,0.915805022156573,0.0963490504256713,0.0175764192139738,0.144599800256813,0.894744744744745,0.274141876430206,0.885672384110183,0.565031982942431,0.189787234042553,0.748862556872156,0.763852242744063,0.0161193130460982,0.0147454525885265,0.187960643357659,0.741006341492325,0.0852681202121391,0.223233569885838,0.297019115091565,0.0612071888775856,0.0879817856562043,0.362768817204301,0.28775612193903,0.203652242953553,0.0787092164801143,0.600613183444047,0.227212971078002,0.376981013651342,0.0503003767437125,0.519884092725819,0.127560186848724,0.07123885410738,0.962947601271948,0.244095622119816,0.919147869674185,0.144343739509903,0.0948859307068262,0.123550655768865,0.579173317188618,0.508607863974495,0.398039215686274,0.133926723245705,0.105810039514123,0.370213557902573,0.305342264335893,0.111304586903725,0.223978799232386,0.417899516625165,0.478270930716897,0.386242368889103,0.296665191087502,0.442721274955017,0.283195905601365,0.576834801174273,0.560510343119039,0.0644158151932474,0.421389461708028,0.449827617492288,0.212567049808429,0.24705599615477,0.333948582729071,0.339617523396175,0.262027138157895,0.676427436116885,0.512959548855872,0.215467462531629,0.204098139660286,0.366342939022449,0.597895817295355,0.356984829329962,0.534714897313396,0.256240738629887,0.0915271966527197,0.427642736009045,0.597178154323905,0.248493878344238,0.355807603444655,0.282143897465773,0.253515197440431,0.332367658677904,0.400200138557463,0.0329960805760642,0.130890618244704,0.0279931093884582,0.336316337148803,0.566227384409203,0.320648170881414,0.264796809892916,0.306408586140579,0.840159397830418,0.464871334530221,0.196194374952619,0.793947135698143,0.580755543388995,0.394801330299317,0.401706087630865,0.0708378005820187,0.413889843123783
GSM2334061,18,test,0.08329488,0.5021282,0.2606964,0.781246,0.2942435,0.2315006,0.891544,0.3064588,0.9663116,0.889567,0.3547152,0.5262026,0.9647524,0.139346,0.05517182,0.9576368,0.9675627,0.1699835,0.9504879,0.9184697,0.04414476,0.007370944,0.9375309,0.1438988,0.06464448,0.1153686,0.04615312,0.2242294,0.04534308,0.3417747,0.7903756,0.3028412,0.8980755,0.5651522,0.02066563,0.1255538,0.07183814,0.1466787,0.03489626,0.3741702,0.8961952,0.8222143,0.5538951,0.7653315,0.05884523,0.6695474,0.02606268,0.2173568,0.4674611,0.1700244,0.01009013,0.05459814,0.8935333,0.05459058,0.6395022,0.08980218,0.573009,0.7639481,0.5964859,0.8840564,0.03414616,0.08866848,0.1382786,0.2533921,0.8381043,0.05858139,0.9188448,0.02165208,0.9494245,0.06513951,0.9449252,0.8340433,0.06276415,0.3470516,0.7159948,0.1831304,0.06243698,0.9358238,0.09112524,0.8081472,0.2980867,0.1092559,0.8625756,0.08855946,0.9241434,0.04456416,0.8962154,0.07072959,0.239659,0.161826,0.955326,0.7434016,0.04743157,0.05237498,0.06951821,0.7483615,0.3174355,0.8938056,0.1677575,0.08198072,0.04463658,0.9358753,0.1110824,0.02496381,0.2154194,0.9205828,0.4287467,0.856703,0.6826759,0.1881393,0.7438783,0.8191168,0.0487531,0.02220506,0.2854624,0.7520049,0.1461341,0.3427193,0.4028365,0.09354714,0.07801971,0.3583758,0.3110812,0.1968174,0.08990146,0.7725049,0.2472442,0.4361382,0.03170237,0.6255928,0.172809,0.04898298,0.9005407,0.3331198,0.9312336,0.1250088,0.1039522,0.1285313,0.4230301,0.902621,0.3255031,0.1261827,0.03039014,0.3543426,0.2249052,0.1130687,0.1299772,0.3696705,0.5408041,0.3614467,0.3462374,0.5658979,0.5223566,0.6460368,0.8236865,0.05317299,0.4261273,0.7062693,0.2026949,0.2366292,0.3235523,0.646523,0.2832444,0.7760988,0.479813,0.2178648,0.3110824,0.1523636,0.7230825,0.4436207,0.6629799,0.2699417,0.1052531,0.7568725,0.700181,0.317506,0.4098976,0.4566663,0.3547689,0.3899411,0.3778336,0.02181433,0.358699,0.04489034,0.3838591,0.6803872,0.6151621,0.3261366,0.4409167,0.9328415,0.6155807,0.2642512,0.8672068,0.6945745,0.6048758,0.5605629,0.09988609,0.4778113
GSM1343201,39.6,test,0.0705615230110907,0.483241672719726,0.172664952870608,0.703629032258065,0.300113447944847,0.144166507542486,0.79498861047836,0.303394328816874,0.963251571770123,0.837536171971889,0.315832491946728,0.532156093307172,0.929839156960621,0.133333333333333,0.0417092619096299,0.924790236460717,0.953357847880782,0.178068091844814,0.900736422215404,0.849888392857143,0.0971381169639154,0.0108616944243302,0.87989529849995,0.18524859119766,0.0743262683418049,0.144645678862283,0.0580186515823269,0.254140344886461,0.0158854457993064,0.275784753363229,0.806326141200646,0.382136566158947,0.838268313219197,0.647512263489839,0.0233689514377552,0.14469994391475,0.127955051415244,0.16482955705246,0.0206997863247863,0.271499723298284,0.882765531062124,0.817585040779789,0.546632390745501,0.737166473317865,0.0349445812807882,0.61314821407381,0.009737017310253,0.24367188986868,0.509334309470271,0.172230342005262,0.0054920913884007,0.0389989065727129,0.842100192678227,0.0861267957972983,0.5792004048583,0.124894208680933,0.471932848684704,0.796108663729809,0.476321680730153,0.838065326633166,0.0390285536933582,0.0856364795179327,0.127756308251875,0.271596141197106,0.764068416242329,0.0593453655552157,0.848102736939973,0.0299580587177951,0.884839650145773,0.0822445561139028,0.84251968503937,0.746366876885111,0.0775771317515588,0.341650853889943,0.698231233822261,0.19432879486891,0.0782133801443339,0.890595399188092,0.0538861712865906,0.718651873560812,0.19830955194038,0.0806566738044254,0.76110544931359,0.0907778532608696,0.878728454948911,0.0937935304132487,0.804925053533191,0.0700369499496137,0.224798387096774,0.167200578691743,0.925485122897801,0.669460767369513,0.0498498498498499,0.0622536725188105,0.0625834764357947,0.790731180213711,0.355933166628779,0.847714570094174,0.187517757363387,0.101844160159495,0.0647075247801201,0.922103425703688,0.115800570023035,0.0076985050577387,0.283788293399186,0.846822995461422,0.481849649418656,0.900565060430074,0.644488696263324,0.299377736805716,0.76043557168784,0.808695652173913,0.0093212550873047,0.0105745505816003,0.283384448854411,0.711773151471644,0.135387342300073,0.306131919124959,0.443455031166518,0.100361881785283,0.0939644307519955,0.461709706144256,0.317219012871187,0.229427792915531,0.128402334587902,0.763922227556409,0.21413377452139,0.405136579572447,0.064512689272766,0.552336987882285,0.207113849600896,0.0891668166276768,0.827774813233725,0.241942604856512,0.939791859641475,0.17673930951846,0.169645951968309,0.174885048358966,0.560703469528718,0.799731858555388,0.385794037296591,0.155229846768821,0.107688018401059,0.401156276610048,0.302332215961772,0.152492255702619,0.205721632915461,0.437084431062602,0.468357547402118,0.424183203046703,0.302121260091816,0.532660703141252,0.516824567134923,0.648486562942008,0.638056013179572,0.0969559367642112,0.436788496105452,0.640649762282092,0.250052709255745,0.304065342491182,0.396049506188274,0.485515643105446,0.250726383672312,0.655146221040638,0.555700557598766,0.270788253477589,0.239008378681869,0.478257983137489,0.681438430802761,0.40003078343851,0.578091038936844,0.29719222462203,0.098412972227014,0.621402356577168,0.651246577316616,0.334243945658594,0.392665191274107,0.368606592862886,0.272533900558362,0.342750072066878,0.44926774807907,0.0343583189233892,0.262488281773135,0.076123633418815,0.272580332320424,0.51277926720286,0.40260078023407,0.303764663089934,0.395654659805603,0.766832354270221,0.472906403940887,0.241678822437343,0.778630679707812,0.589995431703974,0.572589191098552,0.523884465839659,0.176949003516999,0.424961624749085
GSM1871208,74.2,test,0.07164877,0.3519147,0.3088644,0.7690616,0.2664735,0.1872272,0.7504587,0.2692035,0.9938869,0.8948005,0.2919403,0.3480246,0.9537609,0.1487743,0.0642295,0.9490657,0.976012,0.1610353,0.9204012,0.884086,0.07471317,0.0264672,0.938786,0.1345418,0.04712042,0.1458056,0.05689382,0.1937055,0.01606426,0.3575565,0.8292981,0.1787557,0.8787441,0.566198,0.01340624,0.1261235,0.1312751,0.1857357,0.01124339,0.361088,0.8992403,0.9140333,0.5132668,0.7571237,0.0196284,0.6164422,0.005449376,0.2737898,0.5026925,0.1849918,0.01641046,0.03001251,0.8516176,0.07259153,0.5498158,0.112209,0.5794146,0.8579108,0.374543,0.8560028,0.04201926,0.08264847,0.1628028,0.2597502,0.8189683,0.03926991,0.9146255,0.03356969,0.9119217,0.06979306,0.8622597,0.7560824,0.07261191,0.3011116,0.7119526,0.2109907,0.05497539,0.8881315,0.03068061,0.7057141,0.2486744,0.1255887,0.8571429,0.08979777,0.9079959,0.08956916,0.8233248,0.1245357,0.2666422,0.1384922,0.9120929,0.6597437,0.05572087,0.08250905,0.07613948,0.7731959,0.4153243,0.8265437,0.1996453,0.09093623,0.0646241,0.9159868,0.135575,0.01671745,0.1526869,0.889769,0.3603315,0.9654264,0.5995885,0.2325329,0.6944309,0.8161952,0.01237994,0.01191454,0.3042617,0.7970944,0.1209712,0.3368565,0.3159418,0.1111747,0.081526,0.4614819,0.1752759,0.2568582,0.1234498,0.6793118,0.1974471,0.3083793,0.1237414,0.4252932,0.1258642,0.08683351,0.9793894,0.194315,0.8606523,0.1860099,0.2488738,0.2380038,0.7457381,0.3777315,0.4976888,0.2420509,0.3206541,0.475639,0.3437375,0.2648656,0.3546137,0.7185753,0.390857,0.4949766,0.1619021,0.2799554,0.2387203,0.484777,0.5530061,0.1161838,0.2730659,0.3440061,0.2964066,0.3509498,0.4929977,0.3320335,0.1889032,0.5854463,0.7089614,0.3467053,0.2207171,0.4401497,0.5821758,0.2683714,0.4129006,0.1977347,0.1959191,0.5028118,0.5743485,0.1703913,0.2346263,0.2367517,0.1405751,0.08769575,0.4990938,0.07601683,0.140454,0.08975888,0.2115171,0.4872611,0.4846715,0.4266178,0.2645567,0.6834919,0.4726614,0.2520371,0.6590981,0.5051577,0.3358809,0.3453155,0.143781,0.2966944
GSM1343361,57.4,test,0.0949453551912568,0.386032977691562,0.214709762532982,0.691814409656733,0.245370723157815,0.160443407234539,0.690009124087591,0.252488865601258,0.963434022257552,0.824311119796756,0.260901057511227,0.37260779340558,0.913947757516018,0.138279140744219,0.0470482804973675,0.89417770419426,0.970201342281879,0.156716417910448,0.862785532994924,0.829585169427139,0.080428192497158,0.0264047317279256,0.87157081893924,0.154404207726256,0.0914671112458321,0.105061728395062,0.044400324880426,0.290416375901372,0.0024748871742611,0.221514917695473,0.811212898497618,0.387959268742929,0.8059213285247,0.527345198368558,0.0240869370378669,0.121847462777271,0.122664866081476,0.13890926876987,0.0145656320443905,0.243589045570861,0.837315287943654,0.801703358508758,0.453166283133044,0.666781506235789,0.0439831104855735,0.556687612208259,0.0163878842676311,0.180640560936479,0.445612270555695,0.155707969617957,0.0201279450772351,0.0465917602996255,0.808095637583893,0.069448333800056,0.490404886750635,0.119453406718542,0.422098394310433,0.779284545241992,0.509952766531714,0.828106232483651,0.0462800645116051,0.0657854130233515,0.142834951456311,0.239947437582129,0.749835706462213,0.083752916615498,0.81578330206379,0.0364145658263305,0.887508090614887,0.0643451930355791,0.811805841217606,0.734546340670945,0.0535603988352599,0.235833731485905,0.662353761524754,0.205524239007892,0.0989073454177983,0.856179108903551,0.0644640653185227,0.664129599888276,0.202565632458234,0.0870345446388515,0.72840248546803,0.114313315086137,0.829151853732859,0.078594056418766,0.712605042016807,0.0915833045877889,0.20177315805564,0.205969517358171,0.887694145758662,0.563492063492063,0.0163637929549565,0.0509191335116941,0.0696512122501063,0.738205600355578,0.312201576252661,0.793026305639127,0.158711954124393,0.0836191712246222,0.0437889721852449,0.89906060047891,0.133507752683621,0.0237968199765233,0.189252836651681,0.817209954433929,0.38846427301813,0.899270774901835,0.477946210268949,0.171150841867731,0.657776768995063,0.73978541237672,0.0301195701528682,0.009617640159512,0.211503496503497,0.652141057934509,0.123825881595191,0.298928238583411,0.308512101210121,0.0871150729335494,0.103789689313759,0.337130937098845,0.352086041839026,0.207210965435042,0.125466893039049,0.622175219859735,0.148798988621997,0.357933272318829,0.0699553476504359,0.602547916905773,0.160095263297169,0.0677678150070788,0.935992699778386,0.19264008921104,0.899566058451404,0.141025641025641,0.212496252837138,0.177594301440829,0.634197617379117,0.569063631660631,0.42503285151117,0.197488226059655,0.266782059000602,0.417420484388678,0.366559771957955,0.175256376544833,0.249346120313862,0.538524189607428,0.368930649623199,0.454404532820184,0.300948569734697,0.389201926032169,0.319292333614153,0.598135015913786,0.420283687943262,0.0689379824327921,0.376145422036803,0.471936758893281,0.253021462804751,0.31059355706339,0.413406488549618,0.336602494248698,0.184579844065839,0.512017613601615,0.488710038005813,0.268186685142029,0.153023297978424,0.448232662192394,0.486334822820326,0.269402746726286,0.484323532999878,0.215155615696888,0.13790225354725,0.400430392319152,0.55850622406639,0.224321994562695,0.305221868104928,0.247522901476912,0.156826405436413,0.18921568627451,0.502645933403892,0.068115834139805,0.134939759036145,0.0842069434989789,0.227388584228006,0.442887675136547,0.314764737696052,0.343080570691735,0.350404497463321,0.632207638991299,0.336693033937229,0.250325409330684,0.678836035649093,0.461933604232155,0.403861812260091,0.450082169268693,0.210352682428717,0.294340075625713
GSM1344475,42.5,test,0.0818909361622929,0.433716343680329,0.249851749357581,0.707299787384833,0.243893977241188,0.23997957620628,0.653338292728287,0.250486289765953,0.961157879190666,0.724945020420987,0.344842531060387,0.447208891134125,0.904624031337818,0.190232645169338,0.0603938730853392,0.910407239819005,0.93821175394466,0.171466069636378,0.889238342677424,0.822282728677607,0.0793002397655626,0,0.865971491437865,0.152805133744202,0.0625894703356132,0.132117092946998,0.0490662139219015,0.175019349845201,0.0227980741999434,0.259037646472201,0.765013054830287,0.313946056500064,0.818412162162162,0.543426922067699,0.0343110726269077,0.162960504480584,0.128039645038608,0.159634082092054,0.0245888291809152,0.252244548952544,0.84422645077414,0.771884953189847,0.485047944092313,0.647191882634266,0.0157540532272866,0.620294898800256,0.0275574112734864,0.182596291012839,0.454336300890267,0.142990537848606,0.0159085458469902,0.0259684361549498,0.809058524173028,0.0675527887608312,0.547462164109956,0.135596500735465,0.42628418945964,0.69535789977439,0.49768703142447,0.859233359233359,0.0466402041394953,0.0818218229673285,0.150608172748394,0.283528260085527,0.752717941792153,0.0498831775700935,0.844320028896514,0.0607974244675582,0.876651982378855,0.0791216067093357,0.82579145054552,0.782769117240107,0.0793650793650794,0.28471371038347,0.646260970479437,0.18253126987492,0.0622039134912461,0.84529890929173,0.0464622441178969,0.658008056674538,0.202453987730061,0.0212950890916993,0.756234610770882,0.111065940320351,0.84417094679717,0.0901788974078131,0.777210884353742,0.0696806664352655,0.242651904573613,0.1208539839878,0.927726120033812,0.597957214090397,0.0479197301271516,0.0641401933701657,0.08,0.746913219029785,0.323099803473735,0.790328617411483,0.160336812560302,0.100557343590549,0.0566541117388575,0.893996401112383,0.120837065385555,0.007427843803056,0.220983342289092,0.887968826108134,0.443044230294045,0.89059649122807,0.577523602033406,0.158106747230614,0.661904248436489,0.697568975496817,0.0291000841042893,0.0277094760733876,0.368039487891408,0.695361340335084,0.124911168206418,0.305084745762712,0.32338880484115,0.100095328884652,0.097609561752988,0.408207899138042,0.316168597293877,0.219479768786127,0.108262532915984,0.684482940741523,0.238754708619544,0.42017818444498,0.0642466148084126,0.504644890620318,0.14721723518851,0.0742412175913636,0.919209225700165,0.22431654676259,0.912786400591279,0.159965224951098,0.197140771905723,0.178892432589156,0.595575588636498,0.749062546872656,0.488579442997395,0.176819452681522,0.232270478284772,0.378439742076106,0.415238095238095,0.173820954532618,0.286834538642502,0.544523926985693,0.472981116914423,0.389636298531894,0.351312939902545,0.402829203455806,0.357768052516411,0.621915700390174,0.54857521537442,0.0844211611130196,0.441000399095384,0.46404793608522,0.259587020648968,0.30921833493472,0.380014677103718,0.434762294124518,0.21824686940966,0.599274365069436,0.583269713163922,0.278005757334477,0.217527386541471,0.556709207585262,0.533005291987745,0.342426525998493,0.496090573591043,0.270781379883624,0.118684630384684,0.640617969101545,0.607995670702834,0.219729747720162,0.322646657571623,0.303779517849436,0.249706089818951,0.269519188354654,0.481312922355537,0.0599111252182193,0.214262630615103,0.0632155991950593,0.354588715159755,0.524280782508631,0.366839378238342,0.387334058759521,0.378870112248674,0.730545124951444,0.410716125708398,0.249238088158775,0.672215108834827,0.52663599940644,0.45929384301138,0.495117007554819,0.15494944744886,0.367392583872866
GSM1344258,65.2,test,0.072132972801018,0.386963190184049,0.131941709334384,0.691675739879244,0.256887904644043,0.114816883427751,0.774260803639121,0.242592796563498,0.974382242077342,0.837912509593246,0.286672191667295,0.387845516710007,0.885919425608297,0.148785425101215,0.052242839128085,0.931910970630844,0.963405738369266,0.134038564542046,0.904203178375167,0.835311766240543,0.0804171494785632,0,0.873073909636981,0.113554235315735,0.109860423232778,0.0915488928305773,0.055317679558011,0.126187918353855,0.0322965210794408,0.234083973482058,0.767801857585139,0.257348138471587,0.824741552764865,0.534983448690942,0.013953488372093,0.139560626702997,0.110962182862614,0.123033918811799,0,0.197654213727194,0.85622293771511,0.803064545290183,0.449880760058466,0.639142857142857,0.0289110861001688,0.550279782661585,0.0192724845653262,0.187455553975252,0.405712797360653,0.166339396444812,0.00581729847216,0.0200320512820513,0.811642717178315,0.0683098992428986,0.587125657408615,0.101984067338043,0.380357255570283,0.777537016973637,0.485217391304348,0.820446735395189,0.0442438212319119,0.0662870159453303,0.131026586948225,0.248690707765973,0.768225874420565,0.0467625899280576,0.85388256508509,0.0078740157480315,0.865706630944407,0.0684243080253595,0.851387948544347,0.791460396039604,0.0691136012883312,0.303316407489686,0.677935345117279,0.208670946017047,0.0498319054332502,0.855995410212278,0.0461267335836334,0.681443499707925,0.132125916343251,0.0397408207343413,0.769619811649808,0.0767606593107206,0.88118400266068,0.0573544176706827,0.806785137318255,0.0720255018523305,0.186448653099635,0.106010703993413,0.918455780973016,0.657908847184987,0.0149517566472711,0.0668543787452169,0.0708471760797342,0.731414991992561,0.275504637206765,0.794409979320926,0.150768991766351,0.0950895178664289,0.0556635877491492,0.932098765432099,0.132691434869999,0,0.182991003225259,0.891698991466253,0.353084745762712,0.879511348133449,0.569418702611626,0.218912271112326,0.713865950656062,0.830946739466364,0.0070956691950085,0.0052469694228333,0.333099763510554,0.67489061099689,0.113750658556444,0.239316820903647,0.318496135742925,0.0888933280063923,0.0497340425531915,0.318187073650133,0.248762784559551,0.217879135789584,0.143221539914974,0.570636589562225,0.171624256361546,0.339058278656889,0.0522788203753351,0.449330954504906,0.134321550741163,0.0833393100480528,0.895879280325015,0.192265596497629,0.885908224464178,0.15360291882031,0.215714689664923,0.151946694538803,0.683538708073161,0.443996681284817,0.443819921093877,0.255570791909496,0.253404639014987,0.417196798686641,0.436734979366301,0.176829268292683,0.33557901040497,0.55647511364961,0.351097313844695,0.422965049171245,0.220549213205801,0.345475700349056,0.243992606284658,0.549808156885036,0.462383082553884,0.115364208292276,0.393567498942023,0.361534325147876,0.273447642924296,0.314253371394822,0.368999028182702,0.283546193398574,0.199588371494726,0.586637065228883,0.544322407679668,0.25129738267148,0.194661132183497,0.492906263552444,0.515016882886085,0.255567093573324,0.478785382216207,0.212763986661727,0.143192961246558,0.324068018312623,0.546643308515298,0.213890489913545,0.294598665805896,0.209766500792913,0.243937776422144,0.244647105471848,0.47239624119029,0.0458918356734269,0.140927233650599,0.0969808348647939,0.272585669781931,0.504733131923464,0.366957010396179,0.343722517325078,0.337952353035229,0.700879765395894,0.393963151705214,0.243989460972664,0.633362377771323,0.44457297088876,0.355031909671085,0.41922857375846,0.136169626875947,0.364448552064079
GSM1343716,35.7,test,0.0496587199525176,0.382316442605998,0.125064532782654,0.735751295336788,0.273965091839532,0.131408555355058,0.790089086859688,0.231765459332527,0.9714005702067,0.748074120341453,0.260168526531542,0.459878879636639,0.897196261682243,0.126661956451924,0.0253863134657837,0.94193443157723,0.977785870356883,0.103724222837796,0.882362701178032,0.86378851600721,0.0898143041000184,0,0.880422566868959,0.154985549132948,0.0658633212281281,0.116521856267259,0.0384860921112631,0.21359119564056,0.0182186234817814,0.258121911037891,0.800246134912699,0.343521515042551,0.82918212329977,0.635395932496755,0.0195654523835261,0.0892763365192732,0.102588686481304,0.163338011443377,0.0277652029575977,0.273620874538306,0.876594387755102,0.821987269392599,0.418672199170124,0.7341723582227,0.0227028812020144,0.580323542348859,0.0224881369919538,0.198436219181537,0.450789385287202,0.178000362034635,0.0030724325985098,0.0471629661877812,0.838884083044983,0.0679334916864608,0.588228140581296,0.105017601900157,0.45114479200258,0.815077675262203,0.552631578947368,0.839336850037679,0.0453749402961312,0.0624007012545883,0.151476558146939,0.257224498598232,0.767717152712449,0.0347826086956522,0.838697293492866,0.0146078570415544,0.890970515970516,0.0675043834015196,0.858785249457701,0.68116169544741,0.0548642533936652,0.276984793357589,0.6569122993704,0.194966954753432,0.0759327377824488,0.846751028646844,0.0419373328238441,0.698664571877455,0.20077622112836,0.0262453133369041,0.777526615137815,0.0813300946477929,0.859047402005469,0.078316559926807,0.782433007230966,0.0621069859591696,0.206722446624351,0.154857756307032,0.914240755310779,0.65091706539075,0.0372394082044385,0.0530501660548855,0.0413912666594431,0.749983206824746,0.336656009027647,0.794238683127572,0.156373713380839,0.0592915811088296,0.0516197183098592,0.905573644895614,0.122827346465817,0,0.152255500772684,0.856702302631579,0.428625736551986,0.920180383314543,0.503223825606386,0.175391737891738,0.65994623655914,0.767170840565336,0.0113924050632911,0.0158611879923355,0.235748656527695,0.725021533161068,0.105236571813437,0.304036509560154,0.380082860211754,0.0717528782227988,0.106550367709937,0.352148813341886,0.260207815015367,0.188985080125253,0.0777525170509906,0.760132130606022,0.240261326169251,0.320861220869285,0.0667820421459839,0.659980783089118,0.175153973261229,0.0568874042051484,0.901871101871102,0.227139935728893,0.927989836576774,0.161329580892979,0.151020797557718,0.153696153164333,0.552245586708204,0.749680511182109,0.367152501735125,0.13715735050239,0.183711811795458,0.352836508268788,0.332281042577303,0.12631847133758,0.22390289449113,0.500568828213879,0.405622287271626,0.394389918113712,0.411122738824936,0.40277929751614,0.428923835954363,0.579613746426279,0.58678716110938,0.0616753298680528,0.426287615740741,0.628338278931751,0.24226525313717,0.257877604166667,0.339269925476822,0.450019859658414,0.249516441005803,0.545177126177524,0.450103318342044,0.220496894409938,0.233264190081086,0.321879973785226,0.642733564013841,0.313699661272111,0.552184204863353,0.256198347107438,0.107054455445545,0.583782459578638,0.585039731051345,0.269352235244579,0.452975047984645,0.325996277995251,0.226451760402378,0.304780876494024,0.460175603637504,0.0284356435643564,0.22587121755342,0.0660959865282066,0.321360021935838,0.551201372997712,0.327646374563784,0.328096519399358,0.395256190242707,0.81305256389648,0.361615648418646,0.232760847107438,0.668726355611602,0.582421763530866,0.454129574678536,0.494872331519464,0.111280358805111,0.35467269189732
GSM2334236,37,test,0.08440711,0.4813361,0.1383187,0.7410725,0.2251273,0.1921282,0.8213342,0.3076069,0.9453124,0.8737273,0.2611052,0.4865242,0.9601217,0.1418278,0.0683735,0.9632664,0.9402622,0.2792141,0.9355006,0.8858252,0.07020223,0.02773817,0.9380662,0.19814,0.08526055,0.1411421,0.03622813,0.293057,0.03500184,0.2996773,0.813815,0.3783927,0.8798796,0.5602721,0.01374264,0.1566862,0.1191282,0.1525295,0.05334006,0.2717927,0.8870331,0.8545491,0.5473971,0.6500604,0.08791351,0.5897544,0.03047405,0.2124844,0.4846153,0.2229201,0.03936632,0.07151544,0.8744847,0.05949082,0.5723076,0.164407,0.5202569,0.8447548,0.5201285,0.8558479,0.03752038,0.1160013,0.1835044,0.2723287,0.8022931,0.07869332,0.9190426,0.03635534,0.9313594,0.1329519,0.8758665,0.7589637,0.05872071,0.299018,0.7326057,0.2247076,0.09338876,0.8980676,0.08121941,0.6773257,0.2107911,0.1547389,0.7660973,0.1527149,0.9011182,0.1097388,0.8277284,0.1009671,0.2093917,0.2050916,0.9407048,0.5907004,0.06867757,0.08856671,0.06649781,0.7883574,0.3142329,0.8104648,0.178413,0.1351172,0.05946963,0.9238959,0.1166763,0.0211078,0.3110055,0.869558,0.488049,0.9009002,0.5924142,0.1830902,0.6960172,0.8346339,0.01901098,0.02352176,0.3058366,0.7114489,0.1650763,0.346866,0.4227918,0.1550421,0.1056655,0.341032,0.340861,0.2413319,0.1109974,0.7273824,0.2678709,0.4081242,0.0806607,0.5483309,0.2270616,0.06986542,0.8663276,0.3241149,0.8963719,0.2190873,0.1939432,0.2388496,0.5034098,0.7949905,0.4684941,0.1977767,0.2619117,0.3940006,0.3210594,0.1206059,0.2452655,0.44512,0.4486234,0.4365571,0.2817181,0.5660641,0.3847338,0.557555,0.6438035,0.09695164,0.430937,0.6629001,0.250654,0.2975858,0.3884564,0.5452685,0.2278976,0.6261387,0.5128151,0.2453946,0.1938951,0.3515277,0.6976265,0.4867416,0.5799484,0.2964555,0.09310899,0.5856387,0.6824911,0.2921401,0.4513766,0.4080188,0.3199066,0.3753589,0.5045693,0.03218307,0.2543375,0.07977298,0.3504545,0.6984415,0.3708991,0.3976597,0.4173736,0.8489577,0.4471705,0.2927396,0.783309,0.6552016,0.573311,0.4908521,0.1351782,0.3577463
GSM1344154,67.3,test,0.159770389858885,0.375156680872399,0.179579850914841,0.67171918627842,0.187401492066828,0.179683298476247,0.753724093264249,0.183624496064504,0.970693113438823,0.854188078108941,0.183358420555186,0.340258235391491,0.929300489929232,0.138597680073345,0.0440802486578129,0.903345724907063,0.959637349164354,0.20082400169026,0.899228377288955,0.83109478647004,0.0700901251377812,0,0.880156446018744,0.164757557488588,0.114140644833714,0.13534182108492,0.0361872146118721,0.250955581916436,0.0075179894748147,0.186157517899761,0.813353330575093,0.35537226149952,0.832919146968734,0.609760114179064,0.01868790411607,0.143793613871855,0.121601545089883,0.120667566912503,0.0114821323960164,0.208989644069272,0.851330049261084,0.810791312272175,0.488687235329704,0.650350007664401,0.0440880674096222,0.647462136717151,0.017873608057309,0.212153839527973,0.391843723790886,0.18571015331212,0.0124656665962392,0.0338446554662771,0.839796376703099,0.0676389106685484,0.527727380295023,0.156496875368471,0.423959169629545,0.770166056853363,0.694580676802354,0.783340048348106,0.0470332118266505,0.0714834121307633,0.121827144954898,0.223107267485966,0.734508243320068,0.10515247108307,0.873309412089429,0.0385186652143777,0.88645399010957,0.0841195931871094,0.82693131515065,0.806391317455532,0.0616664766898438,0.218838862559242,0.684198168584175,0.162945081472541,0.0794994944388271,0.875233490825184,0.0958707584830339,0.66624203821656,0.167886707258671,0.0714868170698559,0.807469505015777,0.109735269000854,0.862739278824751,0.0809072444143534,0.744483985765125,0.100648181490817,0.254193067461796,0.14307300779386,0.925740868366644,0.580841976815131,0.0347949886104784,0.0657246333788517,0.0661412890515058,0.794715158403182,0.256079383331204,0.751620111731844,0.210050740251616,0.104196649588394,0.0477830815412627,0.893732298977958,0.195848913455807,0.0141913940957729,0.258695756183915,0.85279454211493,0.460359373993688,0.873499538319483,0.530075448189936,0.171187683284457,0.715286183641708,0.698601677986416,0.0152362161569659,0.0191209336975416,0.32231663577498,0.685849100245177,0.140183774092335,0.330151570776735,0.354263894781502,0.106256883620916,0.0997605746209098,0.194286305765449,0.356789491641078,0.242184442801861,0.206031273268801,0.381865671641791,0.186952446925553,0.321449108683151,0.0501147117866361,0.62222754108824,0.146986421027555,0.0861978826297216,0.892787788465881,0.156129032258065,0.855147690354382,0.17907454755101,0.242572820231605,0.216699428999345,0.723556537611682,0.683287419651056,0.41501550074134,0.317952415284787,0.310868797011459,0.460419010123735,0.338860806312415,0.149615450350367,0.440159017994141,0.568619333471331,0.362340769934549,0.469886726228462,0.240994688556253,0.376011620668188,0.380031481897909,0.585597446638739,0.407707910750507,0.0852648475120385,0.358019158590555,0.438164176805791,0.333472668810289,0.319585335468945,0.40096870342772,0.36986301369863,0.158481240170748,0.533128032848078,0.37764869508304,0.315647163120567,0.135995746440598,0.509287328446233,0.495320215196404,0.291587532119316,0.461089857236167,0.196292668223947,0.155259297059386,0.262303485987697,0.495796657106122,0.224869008344654,0.351521164021164,0.263507275684706,0.185665362035225,0.211758398856326,0.546189800955832,0.035744393862755,0.16496386743085,0.149033871334394,0.238078273703496,0.479346264367816,0.238869863013699,0.420675256174281,0.449451159612181,0.659240357248013,0.316235401877719,0.249017925678421,0.66952474277315,0.431272112795057,0.393425823742709,0.501609442060086,0.177097203728362,0.270067203740034
GSM1466189,64,test,0.09273299,0.3976887,0.1684867,0.7354058,0.1811093,0.1523602,0.7403749,0.1922035,0.9759737,0.8090621,0.3027764,0.4015773,0.91202032357267,0.09690991,0.03817087,0.8940236,0.9755829,0.1236466,0.8977636,0.8589308,0.06921382,0.0195789191363819,0.921242,0.1742801,0.1065691,0.1134645,0.0465439555172083,0.1853803,0.02544248,0.2976859,0.8461648,0.3197855,0.8479962,0.5094723,0.01312246,0.1319238,0.121818047664724,0.126401,0.02999563,0.2480804,0.87877,0.9327206,0.4945047,0.7398954,0.0292229355767102,0.5954647,0.01772975,0.2020016,0.4072443,0.1947247,0.01286102,0.04356498,0.8409298,0.08274187,0.5988956,0.13568571287471,0.4589306,0.8365138,0.530115676106901,0.8184376,0.02969875,0.07913543,0.1321516,0.2601504,0.765935,0.03851641,0.8376246,0.04299826,0.9060911,0.1452641,0.7935199,0.7382446,0.07006304,0.245018063162802,0.7236328,0.2376815,0.08526933,0.871193376475067,0.02765504,0.710966,0.1907214,0.1513889,0.75972,0.1090924,0.8853107,0.07430093,0.8096237,0.07140926,0.1730991,0.170508,0.8881419,0.6106257,0.02916049,0.08121717,0.05277765,0.7464257,0.302077,0.8209803,0.1433692,0.08803176,0.05747928,0.836252189141856,0.1259082,0.01065383,0.2041959,0.8875689,0.3885059,0.9105113,0.4817613,0.2234145,0.6779835,0.8253417,0.02351842,0.01009922,0.2686134,0.6789129,0.1194253,0.321,0.3334345,0.09944212,0.1520746,0.3904535,0.359161,0.2255326,0.1264659,0.6504254,0.1954549,0.3400635,0.05210023,0.5650991,0.1857566,0.08756185,0.9281635,0.2011639,0.9187812,0.1718221,0.1905842,0.1887512,0.6804161,0.5125812,0.4481619,0.1883671,0.2893696,0.4444412,0.3781761,0.211045,0.2445501,0.5851077,0.396528,0.4795679,0.1428919,0.3758428,0.381988516168027,0.5281879,0.4698502,0.1154192,0.3767693,0.4662669,0.2260846,0.3066155,0.4039517,0.318039039712811,0.1760566,0.5064487,0.5150099,0.3176019,0.1696337,0.5903255,0.5957468,0.3494998,0.5269441,0.1684428,0.133234451718494,0.5586973,0.5875854,0.2235983,0.3844164,0.2749876,0.1774935,0.2370322,0.4898616,0.06447269,0.1741952,0.09670547,0.2907842,0.469697,0.3279302,0.3744219,0.3273363,0.7082815,0.3095915,0.273114831038799,0.6601125,0.598712852545902,0.411668484187568,0.4308753,0.1921455,0.3016102
GSM1344066,41.4,test,0.0621234645176434,0.470563709139426,0.161505376344086,0.755444444444444,0.255851493139629,0.149065226422933,0.745974525354482,0.265822028327258,0.972426470588235,0.849739188961804,0.274092370422646,0.442906574394464,0.926549413735343,0.130173673105015,0.047751078250154,0.941921072226359,0.984186046511628,0.167669935745688,0.94672298678294,0.865709791584742,0.0613549948150709,0,0.893682325858982,0.155984919886899,0.051510333863275,0.0936865839909808,0.0379393281092404,0.0854637748038763,0.000912408759124,0.296884001047395,0.841505278839303,0.2755155176005,0.880510043189141,0.5949378330373,0.0162495655196385,0.121574139142656,0.103309717669451,0.119360148567087,0,0.231659281142294,0.910118335327749,0.844225716311465,0.529016943603176,0.805861282969717,0,0.579043446513326,0,0.179505776304201,0.48239640361419,0.14858453678119,0.0058135145337863,0.0220950352721949,0.850163458045768,0.0495636316269376,0.583070338506766,0.100641411814735,0.40283148718621,0.808304824820101,0.48353938046951,0.839940718784735,0.0426749079431878,0.0753082305898034,0.119286807264986,0.285425194315412,0.811841233512016,0.033289353496397,0.873643526088896,0.0019478938397857,0.926390968782398,0.0814736364324079,0.88184331797235,0.735511064278188,0.0465229824928507,0.305208650624429,0.686435331230284,0.18368633383762,0.0428508412628395,0.890696996208807,0.0273215885338907,0.731970284662415,0.163191153238547,0.0715956948993917,0.819083843228047,0.0907724246545923,0.887855387855388,0.0542388331814038,0.809845031905196,0.033867503717165,0.219265502709211,0.0978348035284683,0.93867390812401,0.682242219103443,0.0225811510114474,0.057225777645483,0.045114006514658,0.827936805881433,0.346426652337453,0.83060214639162,0.141916117735346,0.0941167014949365,0.0394445562487422,0.909652258693533,0.113697556320507,0.021105527638191,0.207589572364197,0.908165155,0.399762927841162,0.941373852484964,0.559426044580814,0.252684191040355,0.728720897351306,0.824576545474161,0,0.014905921642095,0.263668052837573,0.728790146195464,0.103182447123938,0.329664348351981,0.391772368872129,0.0748405482426381,0.0793206093503765,0.38887926554651,0.398100172711572,0.226444588184562,0.0981940715000263,0.698730662435541,0.296163131131542,0.384876805437553,0.0687637781923012,0.632880698351115,0.160285439824345,0.0328013473414067,0.921532745522098,0.286842822119314,0.945641025641026,0.16561242093157,0.138063957833458,0.160880609652837,0.567626928184697,0.754330943847073,0.403778365278696,0.115733149218952,0.0853907433010731,0.383597097882812,0.323719241629689,0.115858337035093,0.242148452070123,0.522384174908902,0.446188437756735,0.39734501286856,0.38015867724515,0.405844458967417,0.380430013163668,0.622254695491469,0.630862972934675,0.0687946241075179,0.471632815159424,0.496372869060573,0.217570111980973,0.271079902599241,0.354111264759068,0.386012811088943,0.219831932773109,0.644840945053746,0.500250978817388,0.257096946973755,0.240110165247872,0.237479131886477,0.609036711641042,0.360606060606061,0.571696185286104,0.26689258574656,0.074840880825225,0.528801843317972,0.630876629393958,0.291109229466554,0.426692244450534,0.360355593184464,0.297194201915741,0.25327726935444,0.462003510368589,0.0383845868840311,0.158563400928414,0.0271512892202547,0.315209125475285,0.620640229335881,0.364185750636132,0.336943741760787,0.396974857257337,0.832656490687579,0.491714741622683,0.19698916834955,0.646884858044164,0.552105771373394,0.376158122297715,0.510305614783227,0.0986698431606115,0.420236458619742
GSM1343835,35.7,test,0.060849943587815,0.425315699021146,0.180784776018862,0.677517106549365,0.247161290322581,0.104860520825284,0.719512195121951,0.376529567139238,0.982296137339056,0.848259937324757,0.292223530226439,0.466497031382528,0.901176645814716,0.13169568328166,0.0491371480472298,0.906101104009297,0.972411667244635,0.147564300106673,0.910989297833464,0.840121190933986,0.077858692283855,0.0203829524397776,0.909028466763337,0.131486601446193,0.0609849062357067,0.115300685105303,0.0395719893630493,0.129320722269991,0.0331508515815085,0.207651674444843,0.860484034980679,0.282408457734017,0.817518674136321,0.608329963606955,0.0078368652538984,0.132362512203059,0.116727412238634,0.14555850520727,0.0120547350130321,0.210728162688601,0.909129692832764,0.823957227660495,0.528923715141738,0.717669172932331,0.0090203746924872,0.600378858225309,0.002811066725847,0.220051639304331,0.42728852838934,0.142695647705668,0.0138177486599166,0.0216464064832587,0.829365713372743,0.0647549073363307,0.543330821401658,0.0862789423208659,0.465543458427103,0.803071060300381,0.625079770261646,0.845063985374771,0.0542557001313119,0.0787532923617208,0.132665990876837,0.28194761064992,0.789470639282615,0.0303003611380252,0.820656561126558,0.0090301003344481,0.893914854234151,0.0611044894715932,0.916054221786706,0.759938384975413,0.0591772151898734,0.326872066925117,0.652894198402746,0.185570225595176,0.0487817909809788,0.870283400809717,0.0402280235797111,0.702745903978992,0.137986333844652,0.108971348050728,0.799762470308789,0.0792741165234002,0.877578125,0.109737248840804,0.825238241623117,0.0227382346861435,0.247727473303327,0.129039207238259,0.941281491767506,0.6606472117885,0.0308854718981972,0.0802720181345423,0.046277237561218,0.768281557593508,0.299582767320008,0.795952109464082,0.132964439742859,0.0820279984865683,0.0609513791491351,0.914051841746248,0.109252066527238,0.010685469215672,0.218894888997982,0.857950974230044,0.380259623992838,0.921589310829817,0.510924369747899,0.250798500208304,0.701581460551102,0.823256793764483,0.019344262295082,0.0175690211545357,0.22967387611822,0.718533390697452,0.100565796678226,0.323888302240995,0.403694854012472,0.0857385954578179,0.0868924889543446,0.317405232247731,0.325946215139442,0.231992850759607,0.109591063431918,0.732831325301205,0.265295677662495,0.391432981733985,0.0587071762006488,0.59765871229176,0.159313413858868,0.0649304569968777,0.917019792951778,0.238854213107445,0.93554573501209,0.150650127036317,0.146091430833168,0.111346615797654,0.536227123416236,0.706914654267287,0.404809009283214,0.129352517985612,0.0935941937519722,0.352754671938528,0.359181538103819,0.140915782718659,0.261465117840596,0.544268305834142,0.454639175257732,0.391819488609139,0.30748808302661,0.431204423431365,0.450613496932515,0.60025817555938,0.626302729528536,0.0904654381236798,0.433647883526557,0.506331279945243,0.19178601516428,0.267149831395641,0.320316975367577,0.452199161200129,0.246942083804097,0.644149517844716,0.461984965267866,0.240908408783953,0.22491773662817,0.290835597375919,0.636846767050487,0.388030888030888,0.551531740183177,0.29883699800109,0.100388065398562,0.542153255479123,0.604469082180821,0.270851395873071,0.374233128834356,0.371287671232877,0.278130409694172,0.339393939393939,0.438863910516504,0.0366559923690127,0.227409963338365,0.0424541373385801,0.29695794201715,0.540989945862336,0.442017680707228,0.293326965065502,0.39720522422139,0.814274651522974,0.473391580619539,0.192447312695372,0.750741839762611,0.566615522311725,0.447911927941043,0.493375394321767,0.0965513097813026,0.420031842524244
GSM1886409,25,test,0.0315112513950641,0.464914245426105,0.193273526850167,0.805708760849561,0.14229003438678,0.137085737500592,0.867623700183201,0.208220055002448,0.979634282045986,0.928850928693928,0.211379562415455,0.450999955130033,0.992280270531606,0.158444489810073,0.0466513958706335,0.986920249982078,0.982229564633712,0.199577871366026,0.97853755380798,0.951237592794416,0.0279488076042433,0.0257411596522353,0.991382641127149,0.100398507911079,0.0514396450784314,0.0597162304672447,0.0214744789071232,0.103383817270217,0.0235503098274814,0.260959146539778,0.885240848687297,0.30316187642302,0.946912983861062,0.56668352536348,0.0166307155938178,0.082350100345516,0.0586237490149186,0.0779219057814651,0.0232942100460881,0.245467496560961,0.970872002542555,0.871633734695542,0.48340327729635,0.669479936776366,0.0213274176062525,0.646454968833215,0.0229446626067815,0.163145355118632,0.389879218411684,0.116266956053922,0.0177084449935173,0.0272212630369577,0.951607331008517,0.0252615022512663,0.545568637046658,0.12140158914183,0.486823966757486,0.911226447881855,0.615429295525858,0.965007079637598,0.0113798473864571,0.0382702410228511,0.0601101575654993,0.216562071380181,0.821292545864201,0.0305413420891219,0.941534716812935,0.0233219196736585,0.982127012793987,0.0260898796120556,0.930507182748142,0.747252966112344,0.022384818073839,0.274093217746681,0.713834575729706,0.138761725422879,0.0324889875556221,0.973746914457654,0.0382085711940819,0.755747484289517,0.189393049339262,0.214300980633489,0.857096301601646,0.0318042801388763,0.977332238434752,0.0497917875029098,0.934847088615918,0.0421878774439565,0.234384752320167,0.0520074633873552,0.986176327367169,0.690395522637049,0.0227666766852296,0.0290291930676007,0.031757579232922,0.795946171930253,0.216162144183898,0.8698681025637,0.0878530337701254,0.0396581896575632,0.0190499472142735,0.976159641555877,0.0886141254779669,0.0177321784629953,0.20466623548901,0.968132235986139,0.445080905014857,0.887373633430596,0.634846459276944,0.192037147367678,0.722962466363014,0.870399646299791,0.0299993566278788,0.0226301351399642,0.311373283451299,0.727035343036444,0.0802767624191927,0.310866848414912,0.306293020685883,0.0750840355845802,0.0575253061371889,0.433866563615801,0.270317068579352,0.166947345448807,0.0389778449612935,0.911913186895859,0.213652123032995,0.38193331734226,0.0308315386985855,0.624097207281367,0.174946343933986,0.0203357807831192,0.959525684058793,0.158045617426404,0.973296418018369,0.0813033651283602,0.11854710486617,0.206266833375911,0.462109304054506,0.882145120418658,0.28252940644113,0.0935206020565956,0.0448999149866234,0.306250921156316,0.213051453274719,0.0600313711659213,0.127277571744051,0.509459798640422,0.482075011234268,0.36437743669912,0.319250041296728,0.636719979745103,0.684769521184412,0.634731407968807,0.785924264900881,0.0231735860188662,0.462271588361002,0.777561432761563,0.184144872695543,0.174064190136219,0.235277561207821,0.581937880326807,0.241492997249657,0.736195481250173,0.515469418847962,0.19316404071741,0.22703089528792,0.443404311690991,0.734908955952323,0.542502615964379,0.59182749471767,0.336187769240997,0.038347091514566,0.903452414888042,0.748953820203178,0.261046018044404,0.516443139676019,0.437290443986935,0.227270344472211,0.228294247797398,0.495130585014684,0.0195976524637461,0.270984009242393,0.0203055377869547,0.320267851652697,0.610348288257416,0.48093686303166,0.324445779302687,0.395883806015727,0.954346570026081,0.446966541580682,0.15507593540862,0.923877482606572,0.658560319749029,0.60955563671447,0.473040311309658,0.0852668661192691,0.374779925831384
GSM1871226,67.1,test,0.04324509,0.2632133,0.2386474,0.8087526,0.1413175,0.1163275,0.5650954,0.7626775,0.9799572,0.9258001,0.4185479,0.3225422,0.9486065,0.1433104,0.07395823,0.9634841,0.9568884,0.1488166,0.9229601,0.867312,0.09611712,0.01954334,0.9341598,0.1200352,0.06856885,0.1217702,0.05449442,0.1173082,0.02539819,0.1880405,0.7673162,0.2034716,0.8996666,0.5075704,0.02378216,0.1263753,0.1390538,0.1190978,0.0107095,0.1889217,0.8900834,0.8707007,0.4264133,0.5277986,0.009447983,0.3408609,0.01101471,0.1546252,0.4678639,0.1336787,0.01807326,0.0288109,0.8570235,0.06422867,0.4176312,0.1011204,0.28176,0.8472596,0.179621,0.8526203,0.05715412,0.08279485,0.13518,0.2049932,0.8036629,0.02844974,0.8784689,0.01825127,0.9255379,0.07674914,0.8720567,0.8196966,0.05454928,0.2098609,0.7197703,0.2065681,0.02722302,0.8893281,0.03288005,0.7604572,0.07877647,0.2177778,0.8494933,0.0857738,0.9284965,0.07013396,0.8055294,0.04123188,0.2359038,0.09605235,0.952344,0.6390133,0.05248711,0.06092696,0.0598067,0.6547739,0.2631703,0.8302071,0.145783,0.07924494,0.05995886,0.9023593,0.1363756,0.006361901,0.1466748,0.8637312,0.3207315,0.9537465,0.5271144,0.108054,0.5219753,0.8041096,0.00810081,0.01610468,0.1953883,0.7378542,0.1170926,0.3492782,0.271991,0.08067524,0.07290621,0.4752757,0.1421375,0.2073592,0.1051454,0.8629561,0.09749615,0.3359543,0.1157417,0.4042664,0.1284614,0.06784946,0.9775281,0.1358735,0.831537,0.144385,0.2052798,0.1306459,0.6544394,0.2584167,0.4946785,0.1891145,0.2042424,0.4304417,0.3645472,0.1563086,0.2196112,0.3702449,0.3292239,0.6002763,0.08563074,0.3901709,0.1961415,0.4374973,0.566905,0.1426952,0.3035574,0.4200752,0.3086566,0.3094913,0.378251,0.2567805,0.1160155,0.5300507,0.5840613,0.4460316,0.1385782,0.3963337,0.5135398,0.2165731,0.4275107,0.1762189,0.09184027,0.8412073,0.5543509,0.1496968,0.3038752,0.2244094,0.1849668,0.2076632,0.629002,0.04441562,0.1026021,0.08043263,0.1431846,0.4388115,0.3619286,0.3426785,0.243443,0.6925139,0.3870283,0.2149974,0.5237091,0.3967008,0.2781898,0.2431998,0.1462334,0.3539147
GSM1345174,68.2,test,0.14837331580677,0.504954317333676,0.208200382897256,0.744029199396969,0.248664140678131,0.211174580506962,0.662124619658685,0.356557552876571,0.951734699265987,0.77768322518881,0.326450457735293,0.389829261112747,0.92604501607717,0.188861985472155,0.0284433338233132,0.936227494531381,0.952936944008373,0.227597938660129,0.914850199424914,0.850025490105205,0.119599736353287,0.0080931263858093,0.898495076484796,0.290321281906756,0.126070648827185,0.198107385311664,0.0652648163858926,0.33099667949191,0,0.393702078806019,0.781479390175042,0.406247902825314,0.841207283611873,0.550211449851669,0.0289140073690127,0.244357527571172,0.189252336448598,0.143229971498232,0.024187370033928,0.311554748941319,0.850932634499769,0.785423542354235,0.554494912409525,0.668326230960719,0.0345278182640599,0.6192128981694,0.0296063698553325,0.240599257330659,0.483651896011308,0.277281637987367,0,0.0159504924605596,0.843801351104619,0.0939684682512897,0.575781455214079,0.156712402475114,0.536361178696945,0.791431646932185,0.475605671541811,0.877316198445906,0.0640274478754289,0.112463359430077,0.235567352355674,0.265707400551811,0.779475127301214,0.156838905775076,0.863723813595554,0.147842056932966,0.937233786064454,0.127597717239152,0.802361005331302,0.731697968570333,0.0847795497185741,0.246599232647367,0.737112105819041,0.216856560778692,0.13176613462873,0.875984774718952,0.0969749974277189,0.659990524184865,0.235006973500697,0.0411546156044584,0.747823044627585,0.199371439795718,0.857301314402973,0.153032440056418,0.765503875968992,0.147652823650441,0.307404393816111,0.222897230057135,0.956865464632455,0.615448230234866,0.0170001156470452,0.0939713036517027,0.0973949777047641,0.77115892789732,0.374288209606987,0.802388452677606,0.235384710158319,0.162160652441068,0.0808823529411765,0.95293136320305,0.167712404854968,0.0281384009869001,0.315611242803928,0.87210913353938,0.564773307609374,0.890179377984256,0.586010495328299,0.249131944444444,0.741093535075653,0.762261814679783,0.0280234615026534,0.0219401527769801,0.383237896928683,0.694079197385422,0.167284827896981,0.404700175629338,0.445142359359956,0.124578263981188,0.196915215745647,0.448514344262295,0.423339540657976,0.311197456729071,0.153137261960474,0.657298345012673,0.322878632977947,0.430131844865749,0.0783235101506221,0.623225246450493,0.228246778006558,0.106182795698925,0.863479052823315,0.270345375148869,0.906312961719275,0.253760105282948,0.237872799137621,0.324237058639725,0.706215893587995,0.596697604144183,0.523839582544292,0.311242603550296,0.302215583768982,0.483266529800893,0.404031344410876,0.207888877812116,0.301028221395756,0.546925072485884,0.452752924982794,0.524242424242424,0.309943600426808,0.481269066503966,0.349228611500701,0.600388137959211,0.511023012956875,0.134558743318425,0.368184786157362,0.542644593461861,0.296230044888454,0.410555815039701,0.51092634831874,0.430827542640556,0.220495590088198,0.586688752973157,0.54357160899217,0.366147891963109,0.188783032777589,0.520428636570907,0.624914992272025,0.36017833428192,0.57662281647617,0.230543505996428,0.132832080200501,0.385245901639344,0.640187328797384,0.274488126299032,0.429250084832033,0.346343049965443,0.237008797653959,0.316688785666888,0.602410657644322,0.0449292580192245,0.170433215706885,0.0835203077063968,0.217110352673493,0.51416089183489,0.317340521114106,0.439188647478554,0.42622894465452,0.655995659251221,0.389912238402932,0.36530318602261,0.733226054712097,0.528466208818553,0.491635220125786,0.536203522504892,0.235055819869047,0.333639779358862
GSM2334187,47,test,0.1111111,0.5371885,0.2321609,0.7166617,0.2296234,0.371489,0.7014191,0.3633921,0.9124134,0.8644382,0.3063353,0.4563603,0.9469228,0.1733575,0.07282649,0.9500485,0.9578228,0.3689938,0.9447294,0.9143008,0.1134152,0.01635412,0.9368895,0.2492218,0.116229,0.1864723,0.04771633,0.3621175,0.04483433,0.4061648,0.836659,0.4055024,0.9110336,0.5992854,0.02837855,0.1617934,0.1491914,0.1661108,0.04611585,0.3783233,0.9161124,0.7944387,0.5613976,0.5109864,0.0848126,0.6894482,0.03842449,0.2172592,0.4908173,0.2504107,0.02256407,0.04902288,0.9039014,0.0736419,0.6022866,0.1667346,0.5500374,0.8509839,0.3608399,0.912668,0.04915613,0.1133986,0.2429907,0.2649939,0.7948597,0.145978,0.9118057,0.06751407,0.949573,0.145221,0.8153585,0.8436655,0.05876969,0.2958619,0.7603544,0.2524478,0.147233,0.9300543,0.1058178,0.7127854,0.3144485,0.05906182,0.6864605,0.1862092,0.9214851,0.09741823,0.8197588,0.1729831,0.2829756,0.2439648,0.9555934,0.6673293,0.0569765,0.09545726,0.1278339,0.7947054,0.3660038,0.8300496,0.2154972,0.2019517,0.05850741,0.9384724,0.1930959,0.03530642,0.3869871,0.8987359,0.5674735,0.866506,0.643644,0.2240346,0.7220593,0.8065949,0.04220042,0.01686707,0.297307,0.7563529,0.213373,0.405574,0.4967052,0.2001887,0.1803411,0.4946997,0.3999374,0.299374,0.1439803,0.6681638,0.2552593,0.4498381,0.05845367,0.6444061,0.2806243,0.07431254,0.8830436,0.2565812,0.9159326,0.2626946,0.2427311,0.3614164,0.5792526,0.7318777,0.4610102,0.2601527,0.1468158,0.4590487,0.2726213,0.1781234,0.2730467,0.4806567,0.4812332,0.4514716,0.3621275,0.5514883,0.4463683,0.5949479,0.5894848,0.08665744,0.394813,0.6638941,0.2858555,0.3821488,0.5187525,0.5593153,0.2740499,0.6180923,0.5708587,0.3649692,0.1863392,0.4610259,0.7039968,0.476015,0.6405777,0.2778224,0.09459085,0.52469,0.7102219,0.319061,0.5129755,0.4406732,0.3115531,0.3702999,0.5337542,0.0617032,0.3011899,0.1126847,0.3102671,0.5903608,0.3646444,0.4358816,0.4538898,0.7876464,0.4356618,0.3409197,0.8086095,0.5792181,0.6108131,0.5391955,0.2085392,0.3413128
GSM1343640,42.5,test,0.111175583149588,0.505808976397212,0.225902758032414,0.753797083839611,0.27927092987334,0.183787661406026,0.723006046645551,0.420113544201135,0.967936354869817,0.755698924731183,0.310444350910949,0.531784005468216,0.919226144933873,0.103216807601778,0.0388744307091737,0.922786885245902,0.969541455611837,0.236369053530639,0.924598511555033,0.850679558515005,0.10482467047998,0.0215453194650817,0.861043336818868,0.195031363486299,0.0772859216255443,0.15956474790265,0.0534463693328419,0.191780821917808,0.0087336244541484,0.369107744107744,0.86615096108767,0.349139934913993,0.861991794106677,0.605736706805574,0,0.170142857142857,0.143261702482092,0.181509132115718,0.0217611336032389,0.331367743911778,0.891367959034382,0.817810849735958,0.593109463584823,0.73670322421044,0.0249641002982437,0.636142176946075,0.0212350780532599,0.26406374501992,0.517119320375853,0.220009914077991,0.0212082998968245,0.0302814392589954,0.823401950162513,0.0830013280212483,0.597330367074527,0.12282793867121,0.509937646141855,0.626685934489403,0.555037727474478,0.839920343137255,0.0587515299877601,0.104761904761905,0.182591406163703,0.314436090225564,0.801046656022707,0.0724737713970182,0.889252234575976,0.0112638727844956,0.868508606972371,0.102956989247312,0.878498293515358,0.766280894468419,0.0791401465113486,0.370855985502612,0.682238442822384,0.264930001772107,0.0668446648231143,0.878391689800304,0.0632051922116825,0.716037140539079,0.203128237000207,0.248610007942812,0.827014792660254,0.146358876725369,0.890066551639142,0.135912069329951,0.793629550321199,0.106388267462093,0.24635547047563,0.16445066480056,0.931843891402715,0.650205291970803,0.0422403733955659,0.0994187454589489,0.0522729811236457,0.802292484037234,0.360249391727494,0.816619692699336,0.196203371830612,0.120051413881748,0.0700779831214614,0.906058686932658,0.117094483888585,0.0087195413282369,0.259685462217108,0.888020234536675,0.454165214360404,0.885730482669258,0.584619308761638,0.222101547651371,0.762958921194169,0.707972972972973,0.0393129770992366,0.0238418777022854,0.291139240506329,0.76198121538091,0.17539658784795,0.320658949243099,0.440347721822542,0.147842360193747,0.159786304031083,0.38453087233575,0.364255519023016,0.263012181616833,0.136262833675565,0.733701979045402,0.26714859437751,0.456079664570231,0.0925457991156033,0.636932499001465,0.201153999204138,0.0738706576960044,0.917253025612159,0.367787463677875,0.913674560733384,0.2204587343846,0.212067992222292,0.237742830712303,0.570145980398876,0.714173844949099,0.490511292346299,0.201754385964912,0.150953728210277,0.447823607679148,0.355677154582763,0.188699080157687,0.286229195377929,0.552845528455285,0.502642345721105,0.426772358243304,0.264354195841861,0.583175547741412,0.44289156626506,0.616114928169894,0.596337579617834,0.104418726985797,0.412483377659574,0.5768,0.233505232822691,0.361184960121534,0.452858575727182,0.493289120480025,0.311528647645558,0.637199910253534,0.552646317558107,0.319837721477066,0.257251095063336,0.480125716398595,0.659559446484044,0.49484752891693,0.621987587652132,0.27431289640592,0.124776297474647,0.509542483660131,0.688229927007299,0.302716565349544,0.498081618416463,0.352097315436242,0.292307692307692,0.391167192429022,0.466596343178622,0.0405040504050405,0.218238646810075,0.075107736507285,0.285551504102097,0.646513115802943,0.500214132762313,0.342896431026939,0.410633648943918,0.813727135425407,0.489207523897626,0.309875759499411,0.832635983263598,0.607153622023511,0.568426950553299,0.498384665087228,0.140325756219796,0.437112153776298
GSM1344484,46.8,test,0.0852073447493295,0.470565453137103,0.229206963249516,0.673127422783544,0.223090153361043,0.124299647229716,0.695591517857143,0.200124861265261,0.959440030268634,0.788781976061957,0.243891155318165,0.414825046040516,0.893137149607991,0.118660389471432,0.030978809283552,0.946539792387543,0.975442707159915,0.176897739182512,0.899577663068982,0.811482114969882,0.07627498431478,0.0182427401340283,0.86213846618966,0.168126908270277,0.066213921901528,0.114833084776873,0.0489271039415614,0.284636255723249,0.0221897422269466,0.187218555301955,0.843133180968211,0.38423727866838,0.786318034599889,0.643640796424218,0.0125484594980616,0.139082180921342,0.0887913571910871,0.148227290567354,0.0135559360730594,0.210173588222369,0.82453236219169,0.825239666823825,0.532005048683736,0.709563994374121,0.0091026376146789,0.588903530694779,0.0254703328509407,0.235883035223735,0.43488064310573,0.179330328396652,0.0170528776731073,0.043019943019943,0.825166923472008,0.0669135647479756,0.531760846201708,0.141091249819807,0.417120622568093,0.700383408853259,0.530142244298939,0.806292073086962,0.0479368932038835,0.061625599070533,0.154508348794063,0.246919191919192,0.759509848143136,0.0646378862939373,0.826940587297974,0.0355991402471789,0.898594529242859,0.0809453227931489,0.83457249070632,0.7236518236742,0.0742676167854315,0.24613601236476,0.649403571163962,0.206291661793942,0.0898377244400568,0.846923076923077,0.0555902004454343,0.634858734580183,0.180611149077419,0.165740272865083,0.685531031880777,0.113102377760531,0.83830372250423,0.09107997265892,0.733333333333333,0.109254901960784,0.264320388349515,0.180989438576987,0.934699453551913,0.570272115478397,0.0457530809534352,0.059379757993429,0.0901557235224479,0.720007315288954,0.284515025131002,0.751563896336014,0.164043824701195,0.108577094695092,0.0534099066762383,0.892439243924392,0.138344722854973,0.0208192117749588,0.252329507089804,0.891978122151322,0.504841289888019,0.904962546816479,0.610017074558907,0.215553235908142,0.68306377784559,0.71513526119403,0.0238471257106759,0.0290776044675525,0.310896152305844,0.66554114092767,0.122626737130554,0.268303740083113,0.4048500415502,0.101087744742567,0.0992408813182744,0.305512721665382,0.350998003992016,0.20225232950323,0.109300707410414,0.687680323139065,0.28909590714722,0.370197815626671,0.068932955618508,0.675237492083597,0.188409854423292,0.0704237076500458,0.891959506632534,0.255195344970906,0.923248484848485,0.171619334211021,0.167139563752438,0.191276843682371,0.601469516638329,0.832771409305462,0.431170443961503,0.203907860535986,0.214786108212848,0.36280022666841,0.365671641791045,0.12854021686357,0.286115603983996,0.503420752565564,0.395309329432306,0.424993324432577,0.301642935377875,0.425724637681159,0.483246463142219,0.625759963972078,0.46542972168738,0.074331777683496,0.444506413831567,0.528717230338203,0.252114571318724,0.323144386406139,0.378806469604016,0.505363204344874,0.265295386395918,0.584071352301991,0.565327301756253,0.256808106396453,0.182762430939227,0.348816672553868,0.579744192116941,0.406347717323327,0.549955053293951,0.283094098883573,0.132289695510064,0.466147676338759,0.538026682746665,0.279490492892745,0.368052999631947,0.244196785912198,0.220499745028047,0.251278772378517,0.496111399155618,0.04589130601891,0.235192283912452,0.0729429408957666,0.311497148919241,0.558473080317741,0.45315837656393,0.369316459533192,0.443552701979668,0.726499552372426,0.493479238494978,0.235899760409247,0.676270240089336,0.500542047390429,0.469029443838604,0.536085150571132,0.168744228993536,0.30873412387889
GSM1225465,59,test,0.09672,0.47641,0.13804,0.7046,0.19421,0.16498,0.66972,0.22949,0.95273,0.83194,0.28628,0.42663,0.90635,0.11124,0.05504,0.93413,0.94956,0.15571,0.91954,0.82388,0.09842,0.01906,0.90421,0.14431,0.10173,0.1198,0.07527,0.15128,0.03159,0.28395,0.74233,0.22577,0.84776,0.59138,0.0173,0.10282,0.11321,0.18586,0.02265,0.29002,0.87172,0.83641,0.46877,0.74587,0.02959,0.62044,0.01993,0.24473,0.45012,0.19074,0.01123,0.04602,0.80101,0.08082,0.58589,0.11441,0.42901,0.79002,0.58129,0.81403,0.07443,0.10466,0.16269,0.34794,0.77358,0.06034,0.84336,0.05403,0.87434,0.0802,0.84772,0.75751,0.07976,0.3229,0.64163,0.16425,0.06746,0.87412,0.02689,0.71475,0.16235,0.08668,0.73906,0.12255,0.88062,0.08111,0.79847,0.05864,0.20846,0.11742,0.95724,0.67858,0.03842,0.09947,0.06955,0.75388,0.30516,0.81802,0.13736,0.10859,0.08599,0.88908,0.14271,0.01612,0.18985,0.88188,0.3396,0.93319,0.5215,0.25335,0.71354,0.74924,0.02121,0.04316,0.30243,0.74894,0.12777,0.26671,0.35865,0.08837,0.10027,0.38809,0.34094,0.23922,0.12611,0.63882,0.18701,0.40974,0.07265,0.57596,0.13507,0.08921,0.9318,0.22941,0.88666,0.15421,0.22479,0.1771,0.70027,0.49212,0.47654,0.27527,0.26478,0.43933,0.40641,0.22351,0.30245,0.54653,0.39039,0.44071,0.3166,0.35023,0.31202,0.56243,0.49979,0.14508,0.42521,0.48559,0.2766,0.32678,0.39467,0.31495,0.21132,0.57546,0.53409,0.2776,0.22398,0.46313,0.56282,0.29744,0.5497,0.23475,0.13562,0.47745,0.54333,0.23055,0.34375,0.24656,0.27973,0.30815,0.50285,0.13559,0.16407,0.13816,0.31388,0.50098,0.27281,0.33013,0.31558,0.70248,0.44954,0.26932,0.61464,0.51876,0.3659,0.47461,0.16083,0.40049
GSM1345165,58.5,test,0.145478875931944,0.422999395283209,0.328952417498081,0.726500837120306,0.278224319740432,0.212573732546853,0.680465428507496,0.306600471007574,0.952220500033695,0.74982782369146,0.327694889120675,0.407185628742515,0.877986104501761,0.14102778241746,0.0545820745216516,0.907283807312826,0.947574828705373,0.249518874907476,0.878578169235609,0.811430734292203,0.105817910200017,0.0059409400663987,0.847969381246013,0.220306783000281,0.147164863979023,0.17795096606592,0.0542539049518112,0.315555555555556,0.0135036496350365,0.324370845204179,0.8235335391524,0.397981125313583,0.803096997327464,0.585577168096492,0.0294908940397351,0.165125258148514,0.149975087194818,0.132181658020945,0.0364354030666464,0.327979961691469,0.861624157138669,0.786927904484923,0.514495927126215,0.669300994685925,0.0711786068009244,0.556345904352883,0.0164994210729448,0.207812682471097,0.497952707544273,0.245758432639871,0.0257883576168001,0.0271935096153846,0.796920307969203,0.0816984858459513,0.517474521501367,0.203950035004974,0.494767775229358,0.772814469717731,0.451745379876797,0.80198796756474,0.068025735559893,0.0807213396307428,0.19661411029572,0.25330853042785,0.732139063938257,0.153356086461889,0.836170077133933,0.0706869577584981,0.878462477120195,0.102205192367845,0.788536449638286,0.68149816952971,0.0707241001433027,0.29366292898403,0.72519262199393,0.213347802495931,0.0946745562130177,0.862295560747664,0.11699908203288,0.597306538273672,0.296528575214204,0.0275862068965517,0.762933857236411,0.142421469960354,0.822934973637961,0.101300997852722,0.761966604823748,0.184253309592011,0.273020200768373,0.161159667448305,0.901848591549296,0.574456166557744,0.0355716331298515,0.0916279448928018,0.100486072163021,0.75795764583604,0.362099311963305,0.782027538449151,0.175634995296331,0.164081325301205,0.0450656018254421,0.904292343387471,0.192155681860955,0.0217127852958998,0.280290020988361,0.80721799056946,0.444926058133605,0.906467425679949,0.541025398923614,0.26176844783715,0.675859701321737,0.73146055322355,0.0241483398016386,0,0.327058751039773,0.656701030927835,0.159405799171547,0.406065352032462,0.423514211886305,0.13953488372093,0.13379705400982,0.397132075471698,0.357639578780052,0.282978342580992,0.129441181601442,0.722320690062626,0.25015304134899,0.346360527601368,0.064835659612787,0.691035963499732,0.181997677119628,0.0794528248852244,0.895235622484746,0.237496427550729,0.915124698310539,0.225094280326838,0.249302125832081,0.275391180654339,0.676620271016003,0.637349750806215,0.463955637707948,0.281812188000377,0.296575342465753,0.428049743387288,0.420859196341065,0.196875136385458,0.324517906336088,0.613624124932687,0.400629260618773,0.4605150860987,0.320016446241349,0.427555471268728,0.366666666666667,0.604487847698469,0.498221845893311,0.123929273084479,0.420569265283231,0.491397849462366,0.315025500196155,0.356475544971606,0.432798340430178,0.402142670499085,0.234521044581658,0.531427489587278,0.590168077846582,0.325406976744186,0.17263085280676,0.504363636363636,0.554975462044482,0.340782122905028,0.516834587425073,0.246995848809264,0.180644119783679,0.523138482950592,0.613935053195188,0.264140875133405,0.361227336122734,0.301637909477369,0.215647028108955,0.253504108264862,0.543930965625446,0.0802857364702228,0.227894629364917,0.0891883010187315,0.242979335402316,0.540954883924661,0.216725559481743,0.4136543246012,0.454502814258912,0.739225712198685,0.349903006789525,0.340357755452095,0.673007935645179,0.485581951292395,0.463270388047313,0.550930106555897,0.249505820338239,0.294664287033048
GSM1886413,22,test,0.0632510754228917,0.266359043891821,0.158462062405626,0.659920419362802,0.208252692850734,0.0244178944933209,0.657465885018542,0.151001917014873,0.978769972919293,0.628304164847436,0.098350950228446,0.545524028429514,0.987476026122302,0.126449679637713,0.047310928005455,0.968656557811506,0.980729211527872,0.240234809918463,0.96835273573144,0.909990565307805,0.0241009909984929,0.0230627052701161,0.986935945467206,0.0891084492135633,0.0705760247912255,0.0683389308023714,0.0158658522870691,0.318390296536419,0.0206347295109599,0.145334498588504,0.869554042153942,0.445950674720632,0.9588815804861,0.468845824772554,0.0156265310105288,0.102928553485977,0.0304734400793782,0.0433612607452755,0.0163714479440139,0.186784991658845,0.895315165926452,0.870713712029592,0.478353244915216,0.620771169805006,0.0156685438386733,0.571272481649964,0.0135473579667697,0.0455021306240998,0.393725866882256,0.0711895574798613,0.0166347800860297,0.0283045612889121,0.954616690178761,0.0211409456987511,0.713602409690231,0.14176166727255,0.261321981623432,0.945205088646825,0.679233277662805,0.910174368468256,0.0224166994198967,0.0363991961840844,0.10585277656692,0.177527245761467,0.815539187523567,0.0315919560651618,0.957509703103671,0.0200374537961316,0.946223054445898,0.0212871008373146,0.948164471370186,0.686814064988257,0.0280711283806811,0.251982860540791,0.840536502116171,0.0612083468298156,0.106856627567899,0.984386453873317,0.0196960615416239,0.78135938683096,0.130996879067868,0.257670166919313,0.661059450839943,0.0454009645547163,0.920203734508644,0.0718210025975996,0.880552033102848,0.0280809506368044,0.235629948467451,0.144468933651673,0.962505821095167,0.806375572582599,0.0265495188457924,0.0143533341048517,0.0399024883582844,0.745834119602339,0.241896704743023,0.927808826770372,0.0648977601443486,0.0240647835305115,0.0264410958432339,0.911662695534167,0.130899812316319,0.0156085513793064,0.264187809435484,0.830446569233994,0.690603044290043,0.898305803843029,0.726423993387159,0.149534299324178,0.661058518315476,0.949414989291155,0.0325936919478039,0.0192186110321281,0.27379727797879,0.701273257373695,0.0871358951623205,0.207710102924235,0.457507365717829,0.0656428409598622,0.0422714485115507,0.398513602060274,0.241610863155798,0.129026212267318,0.041501614993221,0.825759762041308,0.125728107342916,0.236873079576949,0.0160992321746542,0.697215363540888,0.232753740577055,0.0424630820080374,0.870433791542781,0.162127888708474,0.977005054355363,0.0597218947149639,0.0525032501176384,0.216685331391206,0.50127144053914,0.913416333494082,0.457930273545929,0.0511272767571889,0.0136726765236998,0.243784453297277,0.242737058757316,0.0678904032228523,0.197228282978067,0.464667821410323,0.384317731221386,0.250296577714871,0.242038068355966,0.88636944948006,0.619481825601376,0.600696006465406,0.855138046016866,0.0164485026305907,0.352065782942516,0.771619592970057,0.204824191620502,0.201291795699295,0.372465736464099,0.78745495766583,0.186370638060746,0.664273005611853,0.469433024116676,0.195803430343807,0.092884733782629,0.438000887907945,0.856513240763385,0.432673364466509,0.569560370862913,0.297889675736782,0.0170104619118115,0.847341959341937,0.720864462741852,0.286713534497512,0.260511217366379,0.355587980385932,0.142129960518592,0.390616566752846,0.446424318022919,0.0318714504787941,0.335762799804015,0.0223439441124604,0.30099809036782,0.464020323934374,0.306137577509831,0.30351506491445,0.511303633031194,0.904482511676017,0.489146166051823,0.135274597132995,0.887136395755943,0.688636869453198,0.883655431109047,0.478476428214661,0.119973363044511,0.327334852877297
GSM1344560,63.5,test,0.102156407806742,0.46489837105377,0.171504175969569,0.748036306510735,0.257645764576458,0.334913041534403,0.731995498874719,0.437017017862421,0.975622766309276,0.806192493062655,0.436609642301711,0.409146490584495,0.926050540482497,0.164161715018059,0.0376999238385377,0.912218003127094,0.974755381604697,0.143236074270557,0.942972427706792,0.813473100046246,0.110045463037927,0,0.878168804056069,0.163400172000181,0.0552202388596379,0.130426707526582,0.0436541480497524,0.191166077738516,0.0240182328190743,0.446570112462132,0.796861768368618,0.322873361048929,0.862682703198317,0.605590791637303,0.0222562247878704,0.141567177746803,0.123057190282179,0.173337325747746,0.0230287594184442,0.382401046777887,0.824781775601448,0.818888482875461,0.470540375618686,0.723959855792653,0.0187245880590627,0.571386017693843,0.0382173856717191,0.249989243147885,0.532255910244424,0.186799065420561,0.005113807279655,0.0342591696506339,0.78422619047619,0.0652616010353115,0.551337896701929,0.149358290233424,0.583241808530112,0.676266481609993,0.549243429784975,0.814735259370637,0.0551015027682573,0.0745196689635058,0.155897919614316,0.293886279451636,0.751746578619964,0.0645671783510049,0.85799615431821,0.0365629029287162,0.910512510088781,0.0797327141967269,0.802666346384819,0.803885885564417,0.0812948764755994,0.235811350919265,0.639826605256028,0.19136774086654,0.0732534578451238,0.864910921766073,0.066912698892855,0.675781681582146,0.419835358682869,0.0608061153578874,0.775696806396042,0.122308046447389,0.865353697749196,0.0943867743175702,0.730224917867071,0.0577232613642671,0.229493172028228,0.151084201633343,0.918281084889045,0.635013374630438,0.0455162275245957,0.0791127343036683,0.0924755505289069,0.74330952585836,0.369873663751215,0.793533487297922,0.194312151313104,0.125071935545751,0.0514825676115999,0.905826647376036,0.14549028545382,0.020746887966805,0.189819824057957,0.806798623063683,0.370224788109569,0.936934263243805,0.461874952862207,0.136895561934202,0.665813253012048,0.73823577635678,0.0073016213894556,0.0222647179347084,0.346016725352113,0.710875106202209,0.133993352156975,0.515633210719916,0.365302621906396,0.0982490272373541,0.0743250875409466,0.344228003660609,0.334781409460764,0.244581773870659,0.148540688104701,0.701274709033808,0.12751902332971,0.35239263803681,0.0675529761101363,0.610480275885272,0.116837036411253,0.0907842157842158,0.937633238082279,0.192663286609007,0.933854523183341,0.151524316477135,0.237290204455294,0.196341463414634,0.673685969750146,0.512770137524558,0.526195567651633,0.275995387641593,0.292820536931685,0.402079141515761,0.524494830827068,0.196460907964546,0.357503353989651,0.561444874092238,0.365932747495055,0.434600527094841,0.311258278145695,0.364666258420086,0.350777511961722,0.596887053281906,0.530032763014197,0.100825703533112,0.429010124274267,0.485593603861819,0.287212311044532,0.348915368163764,0.453807591310575,0.403132799724589,0.179442508710801,0.544730232960942,0.653343581860108,0.303754956704702,0.191627394577392,0.620701216591628,0.519338380513496,0.367882671925068,0.497635472254762,0.262821500077006,0.177300085984523,0.450461930551131,0.510807791324622,0.218302094818082,0.292530739585245,0.268230543671586,0.190761636107193,0.218657661460532,0.550799847648067,0.0445355043942417,0.198982324584896,0.0734325794446035,0.32127564128706,0.471572915095762,0.33163512857836,0.366828354095469,0.341614394189501,0.759568545581072,0.435333896872358,0.302839653120218,0.645762160403449,0.507448847128639,0.4580460215387,0.517972523681074,0.216649377593361,0.333760628979191
GSM1871078,62.9,test,0.03424029,0.3781118,0.2101707,0.7659003,0.2639677,0.07565042,0.7645051,0.205154,0.9804965,0.7847393,0.2482604,0.4296643,0.952182,0.1678883,0.08671305,0.909034,0.9621805,0.1370227,0.8945059,0.8322043,0.06588801,0.01194838,0.9186678,0.1286614,0.03841196,0.07610619,0.04838136,0.2148521,0.02076125,0.1863961,0.8846501,0.2512222,0.8492758,0.5878776,0.01029798,0.1330079,0.1090706,0.1299768,0.01017951,0.2074303,0.8827828,0.9063761,0.558482,0.7493137,0.009792502,0.5515558,0.01243127,0.1497211,0.4116041,0.1181415,0.01756007,0.04229104,0.8731493,0.07002529,0.6183126,0.1038903,0.4175422,0.8189095,0.5445752,0.8363017,0.03829358,0.07295056,0.08289252,0.2380952,0.7841033,0.03200692,0.873813,0.02891986,0.8817061,0.06559351,0.8459602,0.7282768,0.06095723,0.2445818,0.6876276,0.2022983,0.09648945,0.8648336,0.04354393,0.7407624,0.1332045,0.09668874,0.8126219,0.06160081,0.921165,0.08746915,0.8008294,0.04646793,0.2355397,0.1479276,0.8994382,0.6978304,0.05759975,0.0622396,0.04362279,0.7511944,0.3097405,0.8428816,0.153373,0.08003735,0.04862094,0.8790196,0.1044509,0.01224353,0.1687064,0.90292,0.3463418,0.9179417,0.5440426,0.2316571,0.6556769,0.8495204,0.01559554,0.006035701,0.3348088,0.69184,0.1088383,0.2867384,0.3379921,0.09132765,0.06017192,0.3932861,0.2440807,0.2208349,0.1110074,0.7332657,0.169904,0.3752669,0.1012351,0.4793773,0.1391213,0.05820991,0.9584321,0.1851495,0.9352623,0.1378352,0.2123148,0.1889919,0.7026308,0.7491571,0.4357522,0.2099577,0.1856208,0.4088723,0.353972,0.1417555,0.2555201,0.5231894,0.3987334,0.3820609,0.210076,0.4230948,0.3381098,0.5303025,0.6043257,0.1238537,0.3719478,0.450541,0.2780984,0.2933581,0.3838919,0.4045522,0.1766064,0.6060403,0.5769892,0.2429804,0.2342217,0.5603358,0.6290101,0.321013,0.5622633,0.2455431,0.1283761,0.4988668,0.5733581,0.2308788,0.3169165,0.1913154,0.2861229,0.3950995,0.5041473,0.04077878,0.1741667,0.1286012,0.2514476,0.5011889,0.3390044,0.3530336,0.3309277,0.7278946,0.4629193,0.2577263,0.6336545,0.4767923,0.4983135,0.4100153,0.1633355,0.4017743
GSM1343145,57.2,test,0.1212775528565,0.484826132771338,0.215966062475897,0.720836595459121,0.221653606268991,0.205381437065404,0.732227488151659,0.255785346351964,0.977344769718441,0.813556208670095,0.266290272454159,0.4349123461395,0.91402849228334,0.175142420452967,0.0871071199486851,0.916447944006999,0.970116656900868,0.273487885654523,0.91286632189312,0.85880155894771,0.103168978434747,0,0.860933860022283,0.213780792574081,0.0918585966791644,0.138949594642228,0.0341528649315914,0.283371647509579,0.0192680898253396,0.358236374770361,0.83039737812372,0.39502684374117,0.83749694849052,0.581840267233526,0.0221215632571368,0.168581948008479,0.146335277707329,0.149009300444804,0.0212992545260916,0.29292868348015,0.867312979308349,0.784620686260031,0.536222388618495,0.712404566785739,0.0273809523809524,0.510696935724963,0.0316089133208992,0.208146010870295,0.42523178147742,0.20401067858695,0.006492936737738,0.0545402216146208,0.854303953871499,0.0740522325189553,0.473206176203451,0.148477157360406,0.535598030214506,0.798919659160073,0.399821109123435,0.855886049434437,0.0559788009274594,0.101165445151988,0.195227405005405,0.277732262821563,0.791060291060291,0.107638044271467,0.848008721862374,0.0228975265017668,0.896978379786403,0.0965328900498694,0.77940616673011,0.80953680953681,0.066342605094968,0.258408441415696,0.71875,0.257625826131164,0.106653855392746,0.851974699166924,0.0479800314320052,0.651399491094148,0.271438104771438,0.0750782064650678,0.766653263637582,0.130371135796091,0.854477996495929,0.147292418772563,0.787113626469308,0.0880675818373812,0.270123523822451,0.16950852557673,0.922285464098074,0.58346808713022,0.0558476341632775,0.0876358695652174,0.0693316677076827,0.77220942140297,0.315996749390511,0.81201824760107,0.183409936528781,0.135170340681363,0.0683923058655901,0.916650952291156,0.149952244508118,0.012633525061627,0.283128589081922,0.854697286012526,0.472303206997085,0.905426242749101,0.565102235406293,0.230181262284342,0.725504194181688,0.777964676198486,0.022357389445997,0.0141307592795303,0.341860549263668,0.692760180995475,0.135595203275812,0.390939242114177,0.412047445538414,0.125430853299706,0.140510948905109,0.453164961636829,0.406779661016949,0.279818070735184,0.146770058157714,0.721658415841584,0.269916309972529,0.422628107559614,0.0776046440574397,0.604566512243547,0.199503069277989,0.0919377652050919,0.897792817042221,0.264950431723697,0.925342507091557,0.194092827004219,0.249072084391483,0.289970392301999,0.691360351869306,0.690653298835705,0.498694332698144,0.290899635985439,0.361882296014033,0.462280418148507,0.434660961158657,0.215138861914935,0.319587628865979,0.586373741336472,0.435432619680158,0.473154175708006,0.321984671238403,0.400143334925944,0.353295535081502,0.578348663800141,0.406171679197995,0.121444649068958,0.384077535479405,0.539204325994593,0.247222065542332,0.362805458584576,0.483878847093307,0.377383538498672,0.205885907662557,0.55910751565762,0.516807208039737,0.346639822271591,0.199567227304023,0.538118884182854,0.609369537349959,0.378821520068318,0.574779631383405,0.263593380614657,0.140043383947939,0.494050991501416,0.612335766423358,0.275347476225311,0.397399660825325,0.321828807150223,0.197791553661372,0.205352112676056,0.532914681680381,0.070667306769083,0.159388960945381,0.0875075437537719,0.325231910946197,0.541588785046729,0.31875,0.425838820947005,0.436480659876273,0.743446204259967,0.37093023255814,0.338556046383214,0.638322655794991,0.562397476340694,0.416548157724628,0.483260281637601,0.240280930760499,0.32471694082461
GSM1886497,24,test,0.0324312163851443,0.450355154120848,0.19601686666455,0.800211123287817,0.187278469559168,0.0595424983460222,0.882087687163166,0.274967750018159,0.981462864838473,0.933188234239018,0.221448076032813,0.578384462413592,0.992329197475545,0.134680718200199,0.0431365506233758,0.987328440885957,0.986393848245722,0.17797706807574,0.978818270459106,0.951237212274951,0.0152174285789569,0.0289265136473153,0.987568882776305,0.113842451855224,0.038150711480001,0.0548520329939882,0.0188301168781813,0.260130839023881,0.0222467738754122,0.171179190998385,0.890120644202136,0.366375779192896,0.920714593297884,0.780990418359277,0.0167179373471962,0.0842637500337976,0.0366116375068021,0.129837377775985,0.0205544021884908,0.181317855611231,0.959157723574033,0.859030769085743,0.482982875055246,0.679019836767546,0.0185376587265788,0.630373488002678,0.0151221716209445,0.185986727985524,0.413141455711982,0.142493487633265,0.016412526144483,0.0272376656172268,0.953682460878401,0.0211339221958015,0.569226407241695,0.101732019227383,0.486087864684417,0.894635106869035,0.609536472868519,0.958149857654183,0.0174623830343055,0.0494399233892286,0.0725490383004374,0.301631600915131,0.851249265032335,0.0734713342846894,0.949795499932959,0.0279169571576395,0.980387615717988,0.0346504740299537,0.957149330232526,0.763124975945947,0.0221878608573724,0.304290591863999,0.80690800975433,0.156397268615942,0.0742748846682629,0.933950430965269,0.017782048512731,0.789944166886271,0.239696749667069,0.268208006009453,0.76522708399173,0.056955650655532,0.986927728138408,0.0548313555586472,0.928611033051776,0.0293350198277034,0.254087684834354,0.12963972576406,0.975727813466888,0.716474114421465,0.0255643459001904,0.016869084192688,0.0415630302244712,0.685365401472829,0.259654290157457,0.886465253427015,0.0663089622151652,0.0235760442055354,0.0208614895649264,0.972211321116062,0.122292166802413,0.0168542390001312,0.238995842531674,0.966997943717601,0.54487825487028,0.952828264042899,0.601786597563146,0.151856185954445,0.667335166747446,0.920486083568199,0.0376179792921391,0.0211043161086022,0.243770686376436,0.850650956359986,0.0782924615377103,0.361907794360531,0.310473546773639,0.085115241761538,0.0349940208254159,0.40395239137802,0.319417919751837,0.157826772727478,0.0672427875391102,0.881550012366519,0.281000664699276,0.366880881472273,0.039391048234045,0.688076213698694,0.173783412542347,0.0167692693476398,0.956996347863704,0.2623920716869,0.965901501149178,0.0421491915084238,0.129176502350757,0.104893499730504,0.511180512011139,0.926031369094685,0.310276859064424,0.139776194076393,0.213999969410694,0.311101152101333,0.216537513226272,0.0632332891344662,0.180012843402027,0.42361630908016,0.493388064598474,0.304218349308869,0.388286383777393,0.674017925570092,0.554797965132504,0.639198488122623,0.845487922587024,0.0268109158674973,0.460542657039957,0.72559814945707,0.229436663811085,0.198919405574467,0.365869781102336,0.597132150092308,0.212080169860591,0.685567892197458,0.472672883108739,0.182475032153161,0.145752981768916,0.356362966498864,0.830633365107031,0.478875040732824,0.619451764818689,0.331686538902311,0.0351860722398724,0.912752690451363,0.776476099578391,0.230929081613325,0.427489895636111,0.439469597160636,0.277726395383912,0.30481947464458,0.432361862153238,0.0210865470534175,0.303941142059069,0.025304924691067,0.33412589437469,0.630361638141762,0.547013071466505,0.329723945912169,0.466860667706011,0.915845991578968,0.498700204144286,0.123210068589742,0.890660671541372,0.611258541365782,0.635131295061462,0.488736408346939,0.055036379304327,0.367420890453675
GSM1343119,48.7,test,0.0844654459539279,0.404927536231884,0.109447415329768,0.713861805849936,0.212790794630201,0.1840786612461,0.771156893819334,0.29642597608509,0.976595947103035,0.829320806420043,0.27326133128474,0.409291199798565,0.921860378064758,0.13403869407497,0.0383165829145729,0.942472641230405,0.974632472290498,0.183073182210369,0.929737402413059,0.854885622199513,0.0675172285341777,0.0094017094017094,0.907216494845361,0.176144153554874,0.0721986567691764,0.139970560685133,0.0508021390374332,0.124840023269343,0.0164134563212154,0.257420749279539,0.837620450744605,0.289539796734041,0.845307496510387,0.488706796932451,0.0121753246753247,0.127349319507453,0.149198008849558,0.111509318042187,0.0022834308548594,0.263833428408443,0.879756684113736,0.861157260169934,0.558264307228916,0.783591549295775,0.016031718669195,0.550656468567222,0.0150192815100467,0.208001871782873,0.458786098874205,0.171311825333903,0.0089678917447353,0.0201711491442543,0.821516859487788,0.0786789703739679,0.549541881540079,0.102648080840356,0.470417070805044,0.792028118456476,0.508388312912347,0.865624551842822,0.0357381988617342,0.0841701277535356,0.148486980999296,0.251578785233866,0.793517231287042,0.0776710830193266,0.869812195687456,0.0157491486946652,0.904466858789625,0.0912041884816754,0.870699881376038,0.806129032258065,0.0630481548899553,0.291277651610733,0.71713744674136,0.245402663284718,0.050820131781859,0.876382721033508,0.0354061026599057,0.687371592932475,0.213404327248141,0.0896759608138659,0.809000957548675,0.10646944083225,0.867922542622606,0.0917310227914861,0.785617890881049,0.0547040169133192,0.182263939478846,0.144451332920025,0.930544993662864,0.652678905957287,0.0195501730103806,0.0728317748992022,0.0527385329978711,0.721256598429252,0.327344954346022,0.823660714285714,0.181625964689714,0.0947145450877547,0.0482989728272747,0.923908989183141,0.129221427383131,0.0057809229542509,0.231441048034935,0.883734939759036,0.403681200857756,0.92073346809125,0.596102913356035,0.21398002853067,0.736470448611441,0.819759838306979,0,0.0176039585117518,0.24482096069869,0.671109251733206,0.134631525935874,0.262916539284622,0.363851952231727,0.10489223961321,0.144452198185625,0.373245538035003,0.401239866475918,0.23760092272203,0.147996567430193,0.735454876715656,0.200670405466383,0.401056676272815,0.0631278223205235,0.598085585585586,0.188691543099234,0.0762314308053166,0.904601648351648,0.197598253275109,0.928766664807274,0.196018031555222,0.155807631011531,0.207576343254735,0.612564820885736,0.657410746483952,0.421631925229048,0.168932251699189,0.154339562876148,0.431894736842105,0.377070256371474,0.17,0.299696102967465,0.499448428019857,0.452958428378567,0.451537744641193,0.30903339708695,0.404052587142685,0.201643017176998,0.62603572968054,0.64255249343832,0.104860151015633,0.459800350735195,0.515486194477791,0.229942732478866,0.333492281099124,0.3948076248392,0.337849596022374,0.224900084776553,0.596796784605079,0.588836104513064,0.256549051055867,0.218222394721521,0.451952343682059,0.569606333846492,0.391585127201566,0.595516080509992,0.319761775852734,0.113210674622907,0.456176961602671,0.614114733801073,0.283866331297161,0.41388518024032,0.335013053245097,0.223383923552558,0.341454130186525,0.455137807070102,0.0354003516062011,0.15013607499244,0.0729850537784607,0.300599098264468,0.531554072838477,0.390600522193212,0.35272681578286,0.409672584735993,0.806358797295353,0.452621772690977,0.258135992244841,0.673478404948636,0.534017572506026,0.46122649625169,0.534400294334069,0.16803121891499,0.384615384615385
GSM1886446,23,test,0.0516601455930867,0.436551899302643,0.215583561123357,0.811638621940957,0.186373691687225,0.064414147364696,0.877361207504449,0.227418557966232,0.981480566416289,0.741477800605092,0.18175331027252,0.562890407163041,0.986208892113788,0.120471739075271,0.0685935812074632,0.968751217112567,0.984330997074879,0.155806941353132,0.957074104329597,0.95314863715861,0.0475947025052745,0.027475806688919,0.987094293331395,0.167808550146349,0.0681549078806722,0.0669405736207433,0.0208910827631372,0.562368119786084,0.0246686024148561,0.245965910097936,0.871710975665472,0.494428552899712,0.959810120480084,0.605730657431079,0.0150323216506802,0.0954927994828184,0.111035143882286,0.0435429776149682,0.0244063455885637,0.14263270834353,0.919359529951149,0.873120344627469,0.502789108853688,0.716747870849493,0.0276469264146483,0.509074970952652,0.0213921551668086,0.11429463789748,0.427708565048548,0.104579268571829,0.0198297304502852,0.0392007537595243,0.963469457192817,0.031662581726387,0.511788526676169,0.127951205954786,0.493369025174156,0.917418324512426,0.63164660495604,0.95256568016521,0.0184956577437011,0.0453682913405179,0.075012666953982,0.197516831056504,0.779336515066644,0.0433093436226168,0.934330704726281,0.0232226920812523,0.969492236510506,0.0189203881357055,0.945266335,0.616065347335125,0.0252238572254178,0.300926128937544,0.80489658149047,0.149153665187602,0.274788690562872,0.970257661791165,0.0239250811599645,0.772524980730811,0.115029226973258,0.350862765189855,0.803312335321321,0.0462417615703462,0.954977825151619,0.122654963884039,0.933623296214715,0.0386084319111558,0.250617191897451,0.368016045808676,0.972560600604998,0.68240224886707,0.0318277082331841,0.0189058660461883,0.0369085649312898,0.702415766943147,0.252481440668969,0.912057828195232,0.0881029500019245,0.0575473996344359,0.0182803973765654,0.958367175164961,0.11346897328507,0.0166346756917605,0.23644877588234,0.926072480987829,0.62309640442271,0.961173772132348,0.689569818396902,0.117382619902926,0.618460084386833,0.951634747784673,0.0426350607763035,0.0195574307521518,0.409762112941661,0.675992975368576,0.0776270842511151,0.343898876147625,0.456682153002593,0.0698069523203635,0.0794327372579837,0.415982472879172,0.288376741053007,0.157104709840389,0.100352354223112,0.951496589714612,0.207509407657516,0.252416933982114,0.0350701383102542,0.704473032865413,0.315853519997771,0.0384329824478487,0.917829729247012,0.169187915918188,0.965349530148879,0.111240122863253,0.0797067643963439,0.152836567693917,0.481737685165298,0.908205781581707,0.287596345859776,0.0869373296796636,0.232613774313673,0.25670057166848,0.188988305104002,0.0724528149456153,0.128114635320217,0.459709576582715,0.450570195923859,0.261426900329671,0.334246428053114,0.715711724619662,0.571766794702653,0.681870631625224,0.915069474724713,0.0274020577810091,0.425996766246946,0.837267381618809,0.244444827274949,0.133989208665245,0.26909850075894,0.651485179000992,0.26294492126007,0.673838198574456,0.588603531836995,0.197242588046425,0.166362296038168,0.4488707458139,0.882304722106682,0.634474085483296,0.671385885213076,0.310953315055798,0.0750546105167084,0.826687342020591,0.732032152303153,0.22380155461826,0.484009153587825,0.410404674002758,0.292130060800049,0.444754727841587,0.487876059531449,0.0223748431996405,0.312411173400643,0.0328971272680611,0.364344625066783,0.650187148735845,0.611445567518127,0.300433675111516,0.499163281823311,0.955981582671539,0.527677277775737,0.103606025748083,0.980782630485883,0.456582827613694,0.675325832639652,0.52055207124409,0.101131669287918,0.304207299903137
GSM1282801,66.78713,test,0.03510274,0.4052537,0.04931463,0.6142715,0.2672447,0.08047573,0.7221527,0.2382109,0.9231188,0.7390318,0.2138947,0.3176193,0.9076852,0.04236896,0.03792527,0.9086673,0.9487869,0.1120295,0.9046625,0.8093929,0.09052985,0.007434944,0.9166888,0.1938219,0.03684136,0.1141177,0.04557023,0.1200048,0.02339492,0.208242,0.806389,0.2411809,0.7430982,0.5135135,0.01445981,0.1540435,0.09196413,0.06842964,0.01147247,0.1725301,0.8916798,0.8311845,0.5799772,0.8312131,0.00956186,0.5774003,0.01248774,0.2389416,0.4769953,0.1753374,0.007803273,0.02339714,0.8022454,0.07690964,0.6688632,0.08617764,0.4039168,0.8028981,0.555924,0.8565629,0.0634651,0.1042189,0.1344099,0.2152297,0.7364626,0.04783338,0.7578343,0.02087203,0.8462994,0.08068894,0.8583786,0.6995913,0.07703363,0.2538931,0.7005883,0.1773423,0.0248329,0.8457719,0.02196375,0.6977952,0.1081434,0.1190476,0.8131594,0.1134995,0.8797546,0.07823529,0.7806517,0.04988764,0.127227,0.1058308,0.8382214,0.6466759,0.02778061,0.06755094,0.03566179,0.7470115,0.2805873,0.8267847,0.1529469,0.0962465,0.06187593,0.8624365,0.1159217,0.007550535,0.2539877,0.8272496,0.4715546,0.8940746,0.6494147,0.1585366,0.768401,0.8088626,0.0209666,0.0266552,0.2985837,0.6341208,0.11489,0.2386375,0.4961033,0.07789865,0.06800446,0.4047737,0.1921241,0.2250028,0.1522499,0.6231447,0.1796547,0.3939275,0.06663721,0.524739,0.2493794,0.07433575,0.8881404,0.1816812,0.9270893,0.2003513,0.1609129,0.1599645,0.5477253,0.5265073,0.4197832,0.1729199,0.05667131,0.4265053,0.2356854,0.2052966,0.2018625,0.4724196,0.3704177,0.4667691,0.2123678,0.4403835,0.2890955,0.5190719,0.7214779,0.1079116,0.3016506,0.4884149,0.188643,0.2678131,0.3772167,0.4743772,0.08768105,0.602848,0.5564582,0.2910551,0.1996857,0.2709931,0.6350558,0.3392569,0.5132115,0.1337273,0.1322314,0.4858718,0.6046512,0.1586389,0.3902616,0.313437,0.2560588,0.2841596,0.3976285,0.05371787,0.1647971,0.05297141,0.2406672,0.4761587,0.3673759,0.2978665,0.3436328,0.7533166,0.4781006,0.2615974,0.7362468,0.5335455,0.4928401,0.3886717,0.1576966,0.3549762
GSM1343463,44.9,test,0.0913640824337586,0.410782914241792,0.148930140286241,0.646395540352211,0.261571862787668,0.136060699272019,0.700571997015668,0.348581512148772,0.964852927356451,0.79480405107882,0.307347716389475,0.440714967935598,0.909518935516888,0.124585635359116,0.0259205426356589,0.944910558809562,0.963890476437886,0.160152104704634,0.896047098402018,0.790574676349858,0.0850610346832009,0.0065511411665257,0.884687881139816,0.170823831242873,0.0814894319682959,0.127301047861796,0.038585496866607,0.175412465627864,0.0371399327387045,0.250217784627756,0.784761474112593,0.303615878422639,0.878589375448672,0.663076923076923,0.0193598925693823,0.158121546961326,0.130076650268848,0.14704445530044,0.0151882371950234,0.228351583308671,0.868190885376707,0.802601046894393,0.515037593984962,0.697563519856941,0.0369082642417759,0.621576576576577,0.0199549404570325,0.28080193656508,0.436213991769547,0.185521211362783,0.0128877433117056,0.0290280017592728,0.833622183708839,0.0612136401610086,0.553484555418791,0.113007570543703,0.490675687396999,0.773346147685408,0.533528229490225,0.822015834348356,0.0563850196013012,0.0840628507295174,0.155365424596194,0.328134677101515,0.764219815483353,0.0570376016260163,0.863115880389976,0.0299505670252981,0.908751555371215,0.0850765689120208,0.823264781491003,0.695337059028991,0.0563767617738054,0.279726344189632,0.671398891966759,0.216270371359872,0.0582315945246023,0.882400064087159,0.0522100567721006,0.662531624908186,0.179252782193959,0.103232533889468,0.800557580956466,0.101757555847569,0.860354374307863,0.0895244542223727,0.788879770209274,0.0856934039831902,0.251946525635375,0.129583997680823,0.912054586808188,0.656049004594181,0.027642448633764,0.07024688215831,0.101663982823403,0.743985802550283,0.336786876535831,0.781134797243148,0.179458582581365,0.135098003297307,0.0416432189082724,0.906300484652666,0.13763261909715,0.016544502617801,0.213148433487417,0.865096359743041,0.410506863780359,0.859910119324345,0.512473666703626,0.183290155440415,0.67987493235524,0.794218333967288,0.0248789447320087,0.0106112523488449,0.288857193795686,0.726780688460706,0.139359698681733,0.35817904945099,0.345036605526254,0.0913551006597868,0.0958526931681294,0.407925407925408,0.335140882509304,0.23223919402015,0.118652016615302,0.72854048199296,0.2570309043797,0.410004275331338,0.0726753087679902,0.572941323034758,0.165884861407249,0.0636074511585643,0.923612184938921,0.251829462297168,0.901666769936179,0.173138494376488,0.184616907543061,0.209966893186966,0.62372343799556,0.641941887745894,0.404542626011201,0.189081376795076,0.225324027916251,0.414312416555407,0.365531062124249,0.157928997045716,0.247787610619469,0.515224238788061,0.445504450247828,0.477802151885511,0.323470333745365,0.453634861627427,0.412427325581395,0.584055663659414,0.514285714285714,0.115679656336299,0.446516853932584,0.500216919739696,0.269237161376101,0.295003748892373,0.3319478768816,0.469348395095743,0.247129830085941,0.614788732394366,0.508202484180923,0.295473307649972,0.200829111008752,0.438491364117025,0.606924882629108,0.432561428318897,0.537130862767805,0.274704618689581,0.111845730027548,0.684210526315789,0.609580838323353,0.269873713409738,0.396791113853749,0.289164351357128,0.246795798400308,0.313814299579424,0.483308157099698,0.0361522390771187,0.228237791932059,0.0866921864444945,0.307583432657926,0.591375770020534,0.42606434839129,0.320985434274411,0.394166390454093,0.852696036740942,0.43336698637052,0.285610200364299,0.669633568373598,0.578061729505984,0.492490218351634,0.507677644816266,0.189366408595355,0.348767372023186
GSM1345623,35.2,test,0.0812946616225305,0.463082197508153,0.13811485340441,0.671186820576039,0.393162393162393,0.128838625489343,0.819710729902455,0.161747722314898,0.977902679396366,0.812106272254177,0.218954691240909,0.447033483454083,0.917237662637616,0.135392953929539,0.0687968047928108,0.937286202964652,0.968046922874901,0.1653988263421,0.883183884043729,0.818267610380856,0.077979912829259,0.0134660421545667,0.867635741769987,0.152986802500579,0.0707236842105263,0.117314441700247,0.0563072186664506,0.197394136807818,0.044865925441465,0.200250163797725,0.851353328456474,0.342735378231369,0.855109865801504,0.517018874011937,0.0206428782070186,0.123873189506736,0.0871743486973948,0.121881087097672,0.0092849223946784,0.215237980334198,0.835772357723577,0.808844706647466,0.497233901305599,0.581462617116267,0.0156734947237741,0.627413127413127,0.0372968652872747,0.193447389019345,0.530494877247245,0.131349782293179,0.0196325381538006,0.0478309232480534,0.834293236794471,0.0757038850589524,0.58788837744534,0.122312703583062,0.533779848573093,0.784664494247523,0.405900027314941,0.846427776541286,0.0485899390243902,0.0888831967213115,0.151998252893645,0.251937417751133,0.784303567959593,0.0414244954031491,0.861130825644665,0.0576191101194382,0.909647432263916,0.0563737442699698,0.847614161108261,0.765603226989366,0.0785848701543094,0.320034420715012,0.685511623007234,0.220634067705535,0.0695428990466879,0.877297853194498,0.0394865128371791,0.703362151777137,0.17331556591988,0.0954371299198885,0.789783766844249,0.0907809416408232,0.909770274010518,0.0752831445702865,0.775936947080585,0.0364916255360466,0.23802547052857,0.161575266838425,0.899472965059535,0.688205211461969,0.0527646387212527,0.0714233281949644,0.0536622583926755,0.731376227789427,0.407375248991266,0.813469270534176,0.15885393054674,0.0875138877019058,0.0684660961158657,0.918301497160558,0.114485408321753,0.0178670104991711,0.226206075044669,0.861222074271342,0.433948118158644,0.891967845238873,0.597314854915548,0.176740088105727,0.788681380871534,0.782755951228953,0.0285575992255566,0.0258643441541304,0.196465163934426,0.697168252521224,0.101283560338546,0.240047889853337,0.367692030940817,0.0995320508059125,0.0734604563926227,0.281884239538963,0.440104366510629,0.215747383276491,0.0870837705008559,0.557209222298692,0.204706148537813,0.38472755180353,0.0802193167439899,0.617219632574719,0.175889549893366,0.0643372645660975,0.896602753828336,0.226449275362319,0.906097693057511,0.144687459557396,0.168706914560267,0.151729212656365,0.622999342249507,0.777816942779932,0.449018940682772,0.18177499049791,0.161080686381891,0.406052349907561,0.42866742826423,0.149545101266401,0.259134471398622,0.456484087464819,0.435977684038645,0.398932621747832,0.32325535935362,0.427869807708316,0.382160606853257,0.643410107227004,0.557889009793254,0.0974671082072854,0.435922055916408,0.540312300828553,0.241700987446038,0.323453207586278,0.343409418054699,0.449713440562026,0.235929410454824,0.552935761047463,0.511953833470734,0.231883183491221,0.223192836863944,0.361720263463774,0.608570179274158,0.316375601113642,0.580524344569288,0.245519229037197,0.107342772472835,0.591887176504798,0.604686072314319,0.26052828307999,0.390621280647465,0.272121112750724,0.323257960313798,0.373687593743304,0.386885712253752,0.0099378881987577,0.159750793464206,0.0678682977615825,0.351276326111882,0.590456335418114,0.368030575539568,0.334076769573894,0.401348039215686,0.812444103743452,0.433214016578749,0.263142420322239,0.715307851628695,0.595901171093973,0.473378839590444,0.524011713030747,0.118992304341513,0.359460781649182
GSM1225521,59,test,0.11237,0.49241,0.16156,0.67012,0.2372,0.24744,0.72275,0.39172,0.96322,0.77271,0.34483,0.40004,0.91139,0.10788,0.04307,0.92943,0.95613,0.20491,0.90276,0.83526,0.09432,0.03523,0.8949,0.18003,0.10282,0.10625,0.0597,0.1687,0.03854,0.35471,0.81803,0.31301,0.84106,0.52087,0.01963,0.14066,0.13747,0.12513,0.03112,0.32555,0.84107,0.80765,0.47231,0.72628,0.02629,0.54453,0.01995,0.24759,0.5009,0.16177,0.01648,0.04718,0.82073,0.08405,0.56721,0.1177,0.5606,0.81045,0.59581,0.81824,0.06379,0.08633,0.17521,0.23047,0.78011,0.06554,0.84996,0.05907,0.87441,0.07947,0.84209,0.77752,0.07868,0.28459,0.66893,0.17971,0.08227,0.86405,0.0567,0.68864,0.34164,0.1102,0.7909,0.11736,0.8819,0.09949,0.76446,0.07825,0.2164,0.132,0.94276,0.61627,0.02682,0.085,0.09323,0.80998,0.32685,0.82687,0.15683,0.1144,0.06334,0.92709,0.10429,0.02935,0.24787,0.88455,0.41533,0.91378,0.54465,0.20216,0.69029,0.79431,0.03399,0.02376,0.30059,0.68271,0.13119,0.39566,0.38074,0.10309,0.11307,0.37309,0.36827,0.23866,0.11744,0.59605,0.24373,0.35706,0.08172,0.60319,0.18699,0.08353,0.94136,0.22405,0.89328,0.17798,0.20695,0.22512,0.66151,0.47944,0.47102,0.20905,0.2113,0.42571,0.37054,0.16788,0.32821,0.53055,0.40075,0.4459,0.2164,0.39739,0.35179,0.53513,0.49374,0.11577,0.38513,0.49319,0.3033,0.33262,0.41603,0.39728,0.18936,0.59066,0.5416,0.26938,0.19688,0.41634,0.54152,0.33364,0.5267,0.20284,0.15037,0.34973,0.55947,0.24353,0.40628,0.23999,0.21847,0.28675,0.44958,0.0724,0.21933,0.08056,0.24514,0.50841,0.38845,0.39289,0.31137,0.70604,0.43164,0.30741,0.62752,0.49909,0.44246,0.51996,0.14999,0.35364
GSM1343170,69.2,test,0.125079365079365,0.43359872611465,0.292548226509023,0.670484816196057,0.154205891284543,0.160365143079114,0.733520336605891,0.394468704512373,0.956980668916846,0.775608141651498,0.265318926455211,0.314195867026056,0.889836951930388,0.148386806056236,0.0569868491886488,0.917538896746818,0.948838787513196,0.165155599117863,0.892703246193623,0.795251249671139,0.104386021574834,0.0103572500750525,0.883059418457649,0.219000738370662,0.118299881936246,0.156549815498155,0.0404628099173554,0.281123595505618,0.036157241959218,0.376963093835885,0.771866278724541,0.385517918507609,0.777618462378806,0.616170157408612,0.0241765647375958,0.154629358335775,0.147132560325917,0.128648609449219,0.0286972770955686,0.245033397974574,0.797998680448647,0.76401285255266,0.424126517101876,0.575075860625719,0.0730928503717008,0.481064817842894,0.0240149788342559,0.197616506581288,0.422138118727675,0.235554684437475,0.0054919908466819,0.0519464866819332,0.804564564564565,0.0614271042206681,0.469928552048476,0.214581036383682,0.510241293381146,0.764611582392626,0.348130532434932,0.840418977202711,0.0438418210324604,0.070665470559452,0.15032930845225,0.229497825227363,0.726359738208079,0.124256315224812,0.800210252302763,0.0799028677150786,0.858097625014918,0.10330377748087,0.736007764477515,0.695078922934076,0.0572706935123043,0.15903024911032,0.625940710686473,0.172604422604423,0.0857077729655801,0.847683755404571,0.132218321976736,0.612228052591239,0.245205248990579,0.10221465076661,0.718478882019845,0.146665881937496,0.842460210412733,0.0981795868275721,0.692334555613759,0.165951272595369,0.33872244205766,0.165166932974519,0.893727096356973,0.543992853952657,0.0375969876768599,0.0717052991004005,0.180123278289323,0.717584550934914,0.306390375554641,0.769446071730782,0.17028957677241,0.155530637820724,0.0465166245904281,0.895646988670245,0.206449178614965,0.0222039473684211,0.2091069391142,0.797749247107307,0.388417373939091,0.906658739595719,0.482811237770398,0.142149228373213,0.651748384644622,0.688348109281708,0.0155267032525766,0.005483983286908,0.325666374671505,0.671195805378587,0.130781683626272,0.379953664187294,0.369999427688434,0.0965374371115715,0.152308966659764,0.269964841788046,0.34720058645652,0.234617191169563,0.107570414870924,0.557495069033531,0.198915092171195,0.34046099902282,0.0587999036067154,0.583580320094843,0.159967186218212,0.0912761904761905,0.858019281332165,0.166547533952823,0.899153709899626,0.188903924221922,0.282810504883183,0.261499246900707,0.7282489989079,0.529972118959108,0.463865801743361,0.363804247460757,0.32767031118587,0.407985384234766,0.423918538311548,0.183764265910117,0.330970697553808,0.592229347416069,0.368520155247281,0.485783729248831,0.278683611077808,0.394014384038357,0.2512278978389,0.590234704510495,0.373188405797101,0.106874059207225,0.40523598820059,0.449586043761088,0.369332014607425,0.352933012583272,0.470526416356167,0.359969308341554,0.17153822125039,0.45788225590267,0.661313045928431,0.300331642606321,0.131309776833156,0.555121638924456,0.471001423825344,0.329202168861348,0.4250920998772,0.249460819554277,0.162397431323582,0.400197433366239,0.501732301651461,0.214133319456731,0.29211986681465,0.202875238765457,0.141839727093183,0.15692479523455,0.572513197698559,0.0894536213468869,0.156311962987442,0.165883574855334,0.227424336009883,0.430626598465473,0.268020531131444,0.417221430855548,0.398322330868119,0.587844369260512,0.318629994810586,0.315693525704464,0.579489695780177,0.454835213871358,0.393023672883788,0.491657491318709,0.284778284778285,0.245610105715822
GSM1225692,60,test,0.0974,0.47846,0.24732,0.73015,0.21156,0.16384,0.71026,0.33666,0.99244,0.80825,0.35168,0.36712,0.92966,0.11936,0.04269,0.91565,0.95977,0.22296,0.91935,0.85945,0.11191,0.01469,0.85858,0.21258,0.09965,0.12878,0.0631,0.2415,0.05532,0.26242,0.79623,0.36907,0.84443,0.50206,0.02744,0.1474,0.14085,0.12165,0.04029,0.3395,0.84231,0.85081,0.50128,0.68286,0.02584,0.55965,0.02015,0.18931,0.43671,0.19825,0.02607,0.06537,0.8511,0.08088,0.49761,0.12473,0.49513,0.82216,0.42326,0.76515,0.05629,0.0939,0.17432,0.23095,0.76878,0.09601,0.85242,0.05734,0.92125,0.08218,0.8144,0.68233,0.08978,0.24977,0.70254,0.20865,0.10955,0.85116,0.08891,0.6716,0.31051,0.12,0.76471,0.12678,0.88216,0.11029,0.71593,0.08475,0.23913,0.19208,0.91058,0.5985,0.04434,0.08714,0.07126,0.71051,0.26557,0.80304,0.16148,0.14492,0.06015,0.942,0.12001,0.0252,0.27715,0.86676,0.46249,0.8838,0.55619,0.21274,0.65811,0.80492,0.03214,0.0089,0.2213,0.6812,0.13556,0.39394,0.3912,0.09548,0.17313,0.44854,0.42663,0.24594,0.10338,0.68543,0.24969,0.44309,0.09544,0.58138,0.17626,0.0958,0.92651,0.23988,0.9226,0.19472,0.22899,0.26824,0.67791,0.6528,0.47935,0.20741,0.20649,0.41625,0.4217,0.18787,0.28655,0.51118,0.40916,0.44086,0.31493,0.4555,0.39963,0.59141,0.54442,0.10707,0.43563,0.5304,0.25039,0.35708,0.42949,0.44619,0.2104,0.53879,0.57398,0.29028,0.19171,0.47715,0.59174,0.37938,0.59084,0.22029,0.12794,0.55293,0.57104,0.24292,0.49099,0.25873,0.1802,0.28143,0.52523,0.07978,0.2229,0.08322,0.26271,0.52517,0.53378,0.40446,0.39822,0.72818,0.33869,0.30681,0.7091,0.51066,0.47937,0.51827,0.22052,0.29741
GSM1871088,68.7,test,0.07292511,0.488746,0.1625357,0.6873347,0.1501016,0.1696873,0.5927788,0.3583888,0.9863587,0.8823903,0.2905626,0.4299657,0.9404858,0.1435677,0.07290389,0.9687138,0.9785043,0.1838712,0.9432594,0.8645586,0.1531686,0.01202522,0.936498,0.1497197,0.08569862,0.1374337,0.0558918,0.1755591,0.02956748,0.2328477,0.8433915,0.230225,0.8943436,0.5152011,0.00949094,0.1381279,0.1956585,0.142238,0.008843537,0.2754504,0.9088659,0.8978594,0.4906164,0.7752076,0.02071542,0.4986018,0.003408942,0.1809447,0.3751117,0.1731236,0.01993003,0.04936785,0.8490866,0.09258685,0.6752386,0.1004263,0.4237706,0.8559089,0.6731252,0.8025066,0.0553428,0.09080396,0.1605969,0.2492517,0.8257118,0.09400336,0.8796449,0.04617707,0.9121582,0.06254551,0.8569858,0.8499751,0.06448548,0.2822421,0.6467226,0.2212946,0.07856586,0.9250769,0.05290602,0.6715603,0.1784918,0.08921933,0.8625109,0.1098451,0.8721208,0.1245024,0.8151311,0.08401487,0.2355667,0.1477933,0.9222007,0.7019951,0.04730609,0.07744925,0.04647318,0.69729,0.2068144,0.8363121,0.1530082,0.08163089,0.06270311,0.91058,0.119542,0.0207713,0.1807555,0.8780196,0.2999911,0.9415652,0.5306216,0.1760859,0.5177511,0.8183217,0.02867384,0.00602692,0.1756535,0.7575821,0.1757187,0.3075736,0.3531189,0.06768989,0.0977245,0.4624553,0.1749153,0.2575883,0.1311741,0.4820937,0.1956747,0.3207701,0.1181221,0.4272002,0.1405485,0.0600349,0.9675869,0.2098128,0.8514913,0.1390074,0.1820342,0.1664948,0.7607563,0.4206023,0.6964534,0.2716058,0.2539213,0.4492739,0.6205022,0.2067116,0.3241953,0.7093677,0.3774548,0.4951611,0.150434,0.3294781,0.2050434,0.5133874,0.4654817,0.2011622,0.3291964,0.3945213,0.2349456,0.3337122,0.3772735,0.3763548,0.1783174,0.5955966,0.6519382,0.2846786,0.1779337,0.5292576,0.6184553,0.3496732,0.5453594,0.21175,0.1169551,0.6053019,0.5310554,0.2896502,0.3257847,0.2597732,0.1742313,0.2680361,0.4941189,0.07363081,0.08255388,0.07370082,0.2866917,0.4878624,0.4652352,0.4142463,0.2802605,0.7417351,0.3981258,0.3754619,0.6515714,0.5490666,0.4050657,0.2727421,0.1866138,0.3945717
GSM2334559,49,test,0.07277149,0.5081337,0.1308612,0.784562,0.2335618,0.3589544,0.867033,0.4561566,0.9602089,0.9136128,0.3623798,0.5183537,0.9623271,0.161913,0.07533405,0.9425791,0.968889,0.2652991,0.9615132,0.9150762,0.0707647,0.01089712,0.9466345,0.222743,0.09499241,0.1826195,0.04128181,0.326135,0.0490565,0.5575529,0.8274665,0.4036908,0.9089559,0.570586,0.02311331,0.1816131,0.1173261,0.1698443,0.03631461,0.3724692,0.9200553,0.8460015,0.5534498,0.7681885,0.02895314,0.6237741,0.01314104,0.2399423,0.5667717,0.2357376,0.01326449,0.06400614,0.9152403,0.08672194,0.5381756,0.149411,0.648963,0.8552735,0.5944684,0.9039037,0.05278941,0.09617793,0.1894205,0.288221,0.8156768,0.1051762,0.9180568,0.05352982,0.9361981,0.08846709,0.8788312,0.8249147,0.06065254,0.3262114,0.7324274,0.2678676,0.1159561,0.9400371,0.06703647,0.6909157,0.4192158,0.04070855,0.8502977,0.1556274,0.9374584,0.09533091,0.8472559,0.1202655,0.23489,0.2552045,0.9528625,0.7049867,0.04046598,0.08855484,0.09934931,0.8199198,0.3835082,0.8715948,0.1941755,0.129013,0.05224761,0.9485481,0.1605573,0.01953278,0.2841323,0.9329626,0.4810941,0.9096161,0.6355774,0.2344709,0.7390447,0.8574826,0.02545738,0.02973619,0.2705771,0.7930655,0.1626609,0.461542,0.4781374,0.1668323,0.1106264,0.4641539,0.3420688,0.271236,0.1146835,0.7669234,0.2112536,0.4238825,0.04778283,0.6422807,0.237382,0.06788048,0.89288,0.2815885,0.9120355,0.195165,0.2266399,0.2645285,0.6160453,0.7773466,0.4942598,0.2503587,0.1942267,0.4446833,0.4043966,0.2268327,0.3121769,0.5203686,0.4795829,0.4569105,0.3113706,0.5657211,0.3722921,0.5908896,0.5525376,0.08619063,0.4015002,0.6397345,0.2797241,0.374136,0.4756226,0.4390993,0.2334923,0.6407807,0.6276779,0.3213231,0.2273156,0.5571833,0.709594,0.4409779,0.5682882,0.2960691,0.1660548,0.5602606,0.6833491,0.3588013,0.4555841,0.364332,0.3307196,0.2783944,0.4968197,0.06006642,0.2049963,0.1120325,0.3303229,0.6080905,0.3785315,0.4095726,0.4424057,0.7737885,0.5307643,0.3069608,0.7378614,0.6279701,0.5422982,0.5776854,0.1603389,0.3956495
GSM1886434,22,test,0.0494550643831881,0.292812023582578,0.11716587733225,0.739709135578497,0.0941499316014424,0.163222330507512,0.540273998405398,0.351978619077677,0.984314448561459,0.729223242517839,0.267094648514756,0.641074879042258,0.977384484158793,0.137661487062586,0.0451003925590434,0.948985897078417,0.971713035168589,0.104552049614072,0.973618894883318,0.900359030494277,0.03411102566609,0.0257846749054289,0.989820121848312,0.0968022559635723,0.0737952777089208,0.0328036722494419,0.0133069207031117,0.196949664398481,0.0230453318951273,0.348581638532182,0.89351712291924,0.201537697822716,0.95165757306204,0.76851266801539,0.0137939394818091,0.0769534490519677,0.0498958860749888,0.0640950701147082,0.0208238396174982,0.198161299544734,0.886249002271431,0.716132360238738,0.646013718351735,0.659951668794498,0.013840451484493,0.523568561621493,0.0140257034163993,0.142045405128492,0.405834045304767,0.097322828498834,0.0144054608442439,0.0330750417343795,0.936571570613847,0.0207225897015641,0.569640119159796,0.0900355975687102,0.544928641904881,0.970768788506324,0.555966542075437,0.968011957634714,0.0223162362155984,0.0556077484482271,0.155157429226227,0.230736725104333,0.756025831134623,0.0242030623241704,0.951035144788509,0.026665501195053,0.97260206326931,0.0360257144618119,0.906556259482852,0.66904538799567,0.0232852144210949,0.181498519389979,0.866522885120237,0.168386368264613,0.0303664808510336,0.960886876027879,0.0148513186637184,0.810921898221691,0.0684790469059184,0.337906186718944,0.757290226443869,0.161072940540544,0.986864054026165,0.14014539427895,0.870564802440074,0.0599292339811658,0.232265236014391,0.0346275580112236,0.955620590892643,0.531860868541329,0.0221548527901807,0.0330246218741801,0.028179062267938,0.806917576850365,0.252907427185703,0.774989734308385,0.0924637101884143,0.0945218378128507,0.0249777492096851,0.904285284387983,0.128760067923658,0.0138584669236191,0.129115548395176,0.840129436697797,0.46719001656195,0.939578901971994,0.409265151958277,0.128858704177837,0.685062806277616,0.94796946270946,0.0328591400771424,0.0178682713358275,0.362504355171851,0.714725918544157,0.0607345696861278,0.227122856709422,0.336740855088815,0.085772138174472,0.0471810673247357,0.399147403011012,0.347129231106361,0.136874320536873,0.0097713887044295,0.898075388718448,0.273418979064804,0.400687370104593,0.0272346512775585,0.485001293235513,0.103904883465652,0.032420511643494,0.926287724784448,0.263149966934983,0.97018142554749,0.0564264460739141,0.0933627957380594,0.145268677863388,0.443409886806495,0.911099460862371,0.142090907996474,0.0564288406587148,0.0108918354486886,0.269791549499739,0.0590335522654462,0.0890685044555465,0.132590593531473,0.434018950953632,0.409777587933395,0.29400848240355,0.350518612682827,0.721622786982151,0.585174662592973,0.612198043709584,0.910563298753843,0.0352865855898044,0.407909876723418,0.869432793504739,0.141197654722583,0.232780241488919,0.121991948467523,0.776763197016171,0.103362775888648,0.725933220091809,0.493681871236402,0.263412414028578,0.114181506251993,0.337014672717805,0.871372140748934,0.477628810790983,0.579972316752569,0.328787655885637,0.0183658109666791,0.765289654485142,0.808590037013313,0.122123556181894,0.38183622065425,0.283665983912435,0.191207969904177,0.396800652693827,0.428925037981004,0.0196410867033275,0.332242694545234,0.0230746940538359,0.323364342667061,0.725027422079543,0.525829169265839,0.27543204727986,0.454333585444249,0.964976755089823,0.425563789302139,0.239892072986296,0.970292863292688,0.570743275578684,0.815768286457106,0.523585185429021,0.111656511285947,0.250440619996501
GSM2334005,71,test,0.09433146,0.4663509,0.2393047,0.8317236,0.2287349,0.2380792,0.7869264,0.3830368,0.9578464,0.8440095,0.347497,0.3675253,0.9635032,0.1799086,0.07474643,0.9424368,0.9487215,0.2723337,0.9355152,0.8973227,0.09178313,0.02098207,0.9374697,0.2266676,0.08856087,0.182455,0.05286542,0.3283836,0.05749486,0.3337646,0.7969394,0.3487558,0.8961948,0.5702262,0.02505954,0.2094889,0.1398657,0.174663,0.05346693,0.3192327,0.9249995,0.8248286,0.5108297,0.6497184,0.1218442,0.6334746,0.04887584,0.2347842,0.4838596,0.2475999,0.0151561,0.06113063,0.8736169,0.09845311,0.565642,0.1976841,0.6189064,0.8396326,0.5705096,0.8641251,0.02694586,0.08809159,0.2234328,0.2848467,0.7923172,0.1456323,0.9060426,0.07254714,0.9187637,0.172274,0.8546827,0.7884114,0.05644851,0.2574885,0.7326478,0.2872334,0.135034,0.9098607,0.1025194,0.7166306,0.2991841,0.1498081,0.8021419,0.1560059,0.9150641,0.1467928,0.8155275,0.1081726,0.2627642,0.2660667,0.9692475,0.6329054,0.05416309,0.0990614,0.1051196,0.7818222,0.3737043,0.8154275,0.1872678,0.142254,0.0481191,0.9346219,0.1331835,0.0377809,0.299676,0.9021819,0.5940919,0.916354,0.5867961,0.140324,0.6787986,0.861453,0.06121145,0.04551142,0.3314451,0.7129982,0.193749,0.3942666,0.4152577,0.161966,0.1554611,0.4011471,0.3379028,0.2642504,0.1422198,0.7168309,0.1975803,0.3784912,0.05661874,0.6194267,0.1850042,0.05608791,0.8573736,0.2053121,0.9060888,0.2008046,0.2348507,0.3312008,0.6590861,0.655816,0.5402537,0.2749717,0.3874371,0.4763422,0.3923956,0.1928406,0.3190017,0.5180959,0.3580247,0.4486979,0.2830716,0.4670754,0.3084117,0.5152147,0.6151246,0.1764132,0.3641935,0.5527224,0.3317244,0.3822405,0.5805616,0.4346329,0.1994952,0.5170416,0.6416523,0.3175748,0.2368088,0.5620636,0.6067701,0.4236618,0.5731451,0.2062891,0.1531873,0.4757411,0.5958507,0.235658,0.4518391,0.3626797,0.2703228,0.2931914,0.5356544,0.07051163,0.1747178,0.1275825,0.2717443,0.5565961,0.3223314,0.4287654,0.394897,0.8265123,0.3913442,0.3151886,0.7250666,0.5004809,0.4570659,0.4476841,0.1975507,0.3814436
GSM2334411,47,test,0.1067806,0.4967287,0.2353079,0.7877393,0.2215638,0.1787437,0.8169113,0.2666737,0.9648305,0.8938878,0.2497163,0.4580833,0.9602873,0.1597457,0.08332494,0.9443669,0.9382109,0.2360411,0.9502808,0.8926002,0.08076333,0.02086717,0.9444208,0.2172597,0.1028235,0.1475439,0.05739868,0.1589121,0.04861752,0.2452429,0.771508,0.3070008,0.9049343,0.5426749,0.03905169,0.1279635,0.1284856,0.1448747,0.04141838,0.2379861,0.9150892,0.8050338,0.4975213,0.7244073,0.07231687,0.6891337,0.0321855,0.2436761,0.5021484,0.2120542,0.02922222,0.04724634,0.8757015,0.07816357,0.6075923,0.1147631,0.4782189,0.8548119,0.5540608,0.8966844,0.04613631,0.1003243,0.1815987,0.29123,0.8222772,0.1279652,0.9248038,0.03893766,0.9318016,0.06798743,0.8989921,0.8111645,0.07150432,0.3649724,0.7382561,0.2635996,0.0696402,0.920545,0.1109817,0.7396746,0.1772644,0.07194929,0.7980606,0.1369776,0.9312502,0.07996132,0.8394022,0.1541957,0.2336625,0.1287888,0.9588477,0.724753,0.06441269,0.06585276,0.06462108,0.7958883,0.3658799,0.8854335,0.2099926,0.1492668,0.05974301,0.9703872,0.1232795,0.02690657,0.2612301,0.9211065,0.4345891,0.8778732,0.5814202,0.2158587,0.7508985,0.7982334,0.04195119,0.006690937,0.3268791,0.7810971,0.177015,0.2661427,0.398515,0.104354,0.09589484,0.390688,0.3544535,0.2590863,0.1409031,0.5958543,0.2172665,0.3585047,0.06217255,0.5832192,0.2128828,0.09283255,0.9414997,0.2784808,0.8993036,0.2195091,0.1574661,0.2307979,0.6270904,0.5696531,0.4620421,0.2421528,0.1980641,0.4585363,0.3113073,0.2180617,0.244725,0.4786678,0.4513324,0.4984246,0.2603141,0.4466353,0.3528186,0.602782,0.4842419,0.08926479,0.4687549,0.5488209,0.2672063,0.3585812,0.4714267,0.4187947,0.2276558,0.6145164,0.5928781,0.3114157,0.2343801,0.3491079,0.5990126,0.438571,0.5353008,0.2977953,0.1192216,0.5137489,0.6481731,0.267472,0.3603618,0.2954436,0.2619072,0.2562444,0.5155976,0.1080448,0.1633569,0.06459257,0.3076794,0.6376398,0.4148044,0.3730808,0.3577719,0.7513557,0.4402163,0.3004171,0.6432758,0.6160843,0.4834859,0.4732022,0.1722178,0.4063715
GSM1344860,45.4,test,0.150319752820292,0.551831210191083,0.239470842332613,0.712105170284101,0.238390712570056,0.239821567655597,0.687847498014297,0.413900646023613,0.965898205504822,0.810748736793753,0.333683657383079,0.468206358728254,0.912671869193608,0.200087685646956,0.0355047240179015,0.948198198198198,0.962509412277573,0.239048313340844,0.899011657374556,0.845019508836355,0.11709567028716,0.0018276762402088,0.887446947437153,0.269656112710195,0.145477195653678,0.148056462656694,0.0542098294259678,0.363588494701507,0.0234086612046457,0.427244897959184,0.84979248046875,0.434308711327241,0.878621244635193,0.595905252932825,0.035725780495655,0.173399833748961,0.14809246382259,0.139611071443572,0.0028444224585703,0.345264904586938,0.877721335268505,0.777408392434988,0.578492063492064,0.748477401431777,0.0504335164471507,0.583696875879538,0.0339696799550814,0.269884189582164,0.533744208409826,0.239911756595275,0.0049096622152395,0.0367189177582134,0.839920948616601,0.103037667071689,0.485337127499802,0.195114345114345,0.588597210828548,0.810380753930669,0.568400183010523,0.830610392557295,0.0484342677794422,0.0926087957632973,0.173204623708805,0.295841705250284,0.771024696111325,0.140228741919443,0.860383186139665,0.0586383313656041,0.901622036663787,0.157263938551185,0.807541696881798,0.781992337164751,0.084651292412736,0.265945286900861,0.731565915816172,0.23396017699115,0.135145806306052,0.872511528511978,0.0955991963186208,0.659277108433735,0.297856514977348,0.0701639344262295,0.769556952770873,0.174363566585647,0.872704243191894,0.0763568309419838,0.770687022900763,0.168163032635029,0.282697762369997,0.24256427491178,0.949874686716792,0.592514381417025,0.05744143638659,0.114362296180478,0.105759922555663,0.77295021055239,0.366995672679535,0.784292565947242,0.219163535370038,0.168352971311475,0.0718192933908231,0.897451530301183,0.17236145428874,0.0356345663265306,0.304991192014093,0.869250490122153,0.507709026692929,0.889407598197038,0.59686643164904,0.254628176968936,0.719850653391413,0.716953125,0,0.0005253283302063,0.372929303919702,0.7054637501194,0.191565463317252,0.425953156181073,0.480614605132724,0.147033129493986,0.11152371825587,0.404288266825491,0.385124095541897,0.29515116340421,0.13001239157373,0.694130925507901,0.280878888408097,0.397333851032162,0.0612985128763148,0.610032089174126,0.23390816121917,0.0771454530436937,0.880955304518664,0.22955858846674,0.922489885987495,0.235224438902743,0.226886984904121,0.235580081461043,0.585421314570105,0.826310380267215,0.430325255102041,0.226498717051551,0.136507746605252,0.422324418088668,0.31928148058546,0.175474144918139,0.291682936352987,0.51188317266393,0.496411869053378,0.449108632651269,0.300628587045641,0.525399011585514,0.505302226935313,0.647556515224959,0.542767868767088,0.0911887497253351,0.382710756203441,0.585887708649469,0.257531257866913,0.38074822640739,0.437785823170732,0.485232067510549,0.240828657747087,0.60502921005842,0.558717824186498,0.283375447462624,0.236241195138943,0.461474681670121,0.643154705548192,0.41484664041055,0.613227182849412,0.259737037955842,0.109435215946844,0.603675192450956,0.65856737141054,0.28351556928928,0.470486486486486,0.399332185527208,0.250481558108012,0.262785208497246,0.528221401446184,0.0524210827024711,0.239910313901345,0.0608440870269933,0.258275009209072,0.582690498588899,0.38386403594452,0.412216557091104,0.429452114265868,0.749334945586457,0.382712484358456,0.312725749882217,0.757321772639692,0.58018366964453,0.520014295925661,0.550358027169912,0.199518525042569,0.337244823740484
GSM2333957,37,test,0.08593891,0.4888691,0.1361865,0.7687683,0.2149324,0.2583541,0.7847101,0.3773306,0.9435881,0.8452772,0.3256645,0.476511,0.9587865,0.148141,0.07210725,0.9444413,0.948124,0.2589252,0.950735,0.9100822,0.07557248,0.01260506,0.9429888,0.1760709,0.07973849,0.1408697,0.04969655,0.156789,0.02828861,0.3688868,0.7986116,0.3174848,0.8977343,0.5714946,0.01488227,0.1402283,0.09354173,0.1876424,0.01421693,0.3717449,0.9077438,0.8270335,0.5564874,0.8362556,0.04185187,0.6320388,0.02041722,0.2159767,0.4324014,0.2061408,0.02432125,0.01710732,0.8919581,0.06733779,0.6133693,0.1112234,0.5826877,0.8484774,0.5293145,0.8833787,0.04889964,0.1138622,0.151083,0.3281446,0.8297537,0.090988,0.9248264,0.01892719,0.9285544,0.08669856,0.8791059,0.7969409,0.05379959,0.3585116,0.7407247,0.2652446,0.08593424,0.9161162,0.05191407,0.7253799,0.2682185,0.1068352,0.8335243,0.1399101,0.9010755,0.08094729,0.82519,0.09402696,0.2110638,0.1481259,0.9296084,0.6957661,0.07663502,0.07811505,0.07886519,0.8265897,0.2978385,0.872427,0.213736,0.09595816,0.0614209,0.9222665,0.1635743,0.0254413,0.2982789,0.899069,0.476428,0.919879,0.5790875,0.2131168,0.7363279,0.8485343,0.03501215,0.03444457,0.3250095,0.7730049,0.1541324,0.3793427,0.4520325,0.1619724,0.05411315,0.3848952,0.3574059,0.2528386,0.1414514,0.7901063,0.2533332,0.4029865,0.06058318,0.6139862,0.2177359,0.06763402,0.8730923,0.2773862,0.9175365,0.1766296,0.1907923,0.2371594,0.5757817,0.7588992,0.4527543,0.2032909,0.1057344,0.4148467,0.3320341,0.1755346,0.2612054,0.5007796,0.4860926,0.4223603,0.3607023,0.5358159,0.3460564,0.6101385,0.6838311,0.07004354,0.435139,0.6175748,0.2387781,0.3319929,0.4453949,0.4466083,0.2640772,0.6799667,0.4899083,0.2535286,0.26073,0.4352819,0.6749639,0.4935525,0.5718723,0.3170288,0.1081255,0.5384793,0.6549187,0.2909238,0.5317029,0.3318603,0.3194513,0.3750807,0.4816333,0.05673122,0.2283856,0.08605378,0.3752422,0.6463169,0.4442243,0.3808456,0.3898121,0.8433513,0.4830343,0.2375625,0.8341437,0.6440692,0.5647108,0.522701,0.1415825,0.4297131
GSM1344963,52.3,test,0.105238282788499,0.414563025910189,0.234111021721641,0.716666666666667,0.255585516178737,0.178386226923875,0.624750499001996,0.25546463400964,0.966316241149968,0.750075187969925,0.293091359043102,0.414984297891431,0.9190625,0.164271951555189,0.0578911095796003,0.913739914570479,0.979298776745899,0.18929939453849,0.87975525405693,0.839349361674551,0.0635575385133429,0,0.88365748481915,0.18611065144244,0.115431787028353,0.146501841136244,0.043086252293944,0.265248226950355,0.0248860848229933,0.405396973951022,0.819496619083396,0.376892505677517,0.850623525446579,0.650900548159749,0.0067749500564579,0.156500668449198,0.140519820493642,0.130803794308537,0.0029407645987956,0.361556064073227,0.852383687535899,0.816592472683124,0.536407766990291,0.714285714285714,0.0292090114419729,0.61854372369301,0.0232657967032967,0.182580969961403,0.553269588072688,0.220170519308804,0.0145807171759453,0.0333098756744077,0.84903557651093,0.0752977793739151,0.510087194392204,0.164087116097088,0.569224735259511,0.794613626536537,0.456310679611651,0.825250582160575,0.0350819456328572,0.0898595631965615,0.19708276797829,0.272617959694098,0.754086538461539,0.126837893169551,0.86838460777525,0.0407283181600383,0.876773325049187,0.0846319628647215,0.865481819664112,0.757524518092662,0.0742979287978182,0.253658137823919,0.715496756791471,0.185449208512423,0.0889379528985507,0.895520520520521,0.0630010642071657,0.649464219731494,0.228410071378147,0.0907230559345157,0.784683564827325,0.133887158186224,0.863932509188106,0.0925446703635243,0.747853368560106,0.127742600500663,0.240409207161125,0.184437153988107,0.919341392246769,0.599597735399285,0.0454416961130742,0.0648134383826371,0.0849278544542033,0.76144786272718,0.423098100394604,0.766206851887831,0.156660899653979,0.140915300546448,0.0629761612189727,0.900104680723792,0.156208078700253,0.0328451338937516,0.268417300380228,0.833696328562539,0.499666987345519,0.923293172690763,0.59737457291854,0.222433789163926,0.730019444582939,0.738751275628537,0.003589108910891,0.0026343519494204,0.300695215283052,0.726568344554879,0.131209127591485,0.388905601347693,0.392100192678227,0.10126404494382,0.124688644688645,0.41626854412874,0.398727377902653,0.254842486164325,0.12462520553245,0.700920810313076,0.235785780621195,0.40628813437657,0.0654686510449652,0.65284131340856,0.16873393675271,0.0653746984945521,0.893501400560224,0.220998232014144,0.935104205433569,0.199000936621917,0.245673969550687,0.264865658493613,0.679133749516601,0.714745500059602,0.458400489079086,0.230541955090326,0.241144073100513,0.45112650891184,0.401855610321832,0.178073894609328,0.286440677966102,0.57798833819242,0.411630509641873,0.461250501359241,0.308007084834789,0.516181229773463,0.386746987951807,0.641622638130205,0.518053777208707,0.0906666666666667,0.417093055946022,0.50102572195045,0.274774578559916,0.339426250317339,0.454411919001154,0.476553403196782,0.196690006365372,0.591769920419059,0.609978788158259,0.259805583813722,0.167794419524063,0.543835116731518,0.586015442005726,0.39592449056132,0.570219865339927,0.28270079435128,0.137296532200991,0.493069306930693,0.625871024958824,0.26179649205693,0.387380028588932,0.292072393576345,0.181905217807563,0.300733496332518,0.506885828520657,0.0706266875088816,0.221669980119284,0.0770470279302936,0.270976929649672,0.543920292801952,0.306932818201331,0.41139881888388,0.422464334571038,0.769640306453707,0.351003602676274,0.286738556842951,0.805197441884073,0.567694685211315,0.52335201494529,0.558544177508181,0.217598908594816,0.326139998915578
GSM1345540,42.8,test,0.076649647773541,0.459932076017053,0.175697865353038,0.667695836273818,0.207024327372322,0.144729837636412,0.694429893486991,0.270100019234468,0.983088455772114,0.775059382422803,0.313895089285714,0.452584933530281,0.899015416504729,0.140158717037282,0.0611412035319433,0.921402550091075,0.96540726202159,0.2145305003427,0.910099376011093,0.848790107664428,0.0986198579659654,0,0.895849931194322,0.235685502764502,0.0602821452986141,0.134966922005571,0.0456704630000572,0.250273423259205,0.0121053650978113,0.364105636723971,0.841668300974047,0.39167862266858,0.832803071859572,0.618942453306411,0,0.142455539937664,0.110085113216637,0.153754202465446,0.0289327263530602,0.256397797214124,0.871289081763488,0.822220712611664,0.537229733939809,0.681919168045379,0.0514933628318584,0.570467223517606,0.022569801742471,0.201870515886573,0.478076113116727,0.183015554440542,0.0118961184026808,0.0559888022395521,0.854389721627409,0.0703675490382784,0.551144693808503,0.188308242326062,0.489959410382397,0.707603840427171,0.498121712997746,0.787326809417692,0.0460258152173913,0.074394131428352,0.183390619802639,0.254075301553046,0.771800264097423,0.0597703076536172,0.879545662727856,0.0212667591308368,0.874200613228209,0.0654053740351692,0.818426966292135,0.808904649330181,0.0802315963606286,0.311119646629537,0.706677842972897,0.236518825781749,0.121519323564567,0.850914205344585,0.11078919921196,0.631969347153313,0.273916854495367,0.0224815025611838,0.740804791631517,0.119137376649296,0.899579802008404,0.0973357393058062,0.755028735632184,0.0999175209143396,0.234044390707315,0.149100662669612,0.919326241134752,0.611782382770926,0.0343096234309623,0.0564888432931521,0.0636606461460188,0.772841611596675,0.331486146095718,0.814735454095929,0.228758606858747,0.146366676801459,0.0582774349342635,0.916678012253234,0.115511452212496,0.0093823299452697,0.327023121387283,0.896278701504355,0.509659128370805,0.911597151576806,0.532687822460951,0.156958135962105,0.686914846188141,0.751598250336474,0.0213666987487969,0.0193643754619364,0.321535599875995,0.706088840736728,0.133754505639316,0.329629443410931,0.457079505859994,0.136889045355865,0.128442602973434,0.305365502340655,0.361369063412046,0.251557300110931,0.104542177361211,0.646746031746032,0.258717928350147,0.369297943237964,0.0648790823409074,0.685663257022244,0.213351016799293,0.0813407344150299,0.86485718345886,0.182653708007606,0.935364126899085,0.186622719781781,0.188835618983908,0.213294016463939,0.574846755442824,0.849181605611847,0.350774904071361,0.153295009580938,0.165770609318996,0.408812300795068,0.323304575734411,0.134978802902924,0.279493496820031,0.498251922884827,0.425774332587123,0.43149073801823,0.287798484071351,0.481462708182476,0.399414776883687,0.619471239728475,0.557466693179559,0.0807786832233864,0.431504825684459,0.605797925252238,0.259549166447146,0.318910490669006,0.371732236221822,0.43943882886023,0.239111407493852,0.616072563896071,0.508100995147627,0.270689894182339,0.198483009708738,0.437088329674042,0.655042963210144,0.36971244587543,0.583769263396013,0.281155351998227,0.124896167081998,0.432903813614473,0.608034145116746,0.272394613583138,0.412979858839731,0.300534946943787,0.235647966522819,0.337805840568272,0.489517261414807,0.0114991224353931,0.19303451507106,0.0612890663031837,0.296168687982359,0.542812391228681,0.348734873487349,0.36226897664647,0.436138977244923,0.77588696369637,0.416533864541833,0.264820512820513,0.694790361800899,0.591464435146444,0.483701067615658,0.56885308784043,0.146111769018215,0.366928780049427
GSM1345606,35.5,test,0.107050210411022,0.379731814406076,0.175940079486396,0.661801531086785,0.231874741723679,0.207363611932276,0.724402606806662,0.37150084317032,0.965885558583106,0.779380989095715,0.352442761853254,0.429817488822107,0.918600562587904,0.173311698346469,0.0538914236593269,0.906156767019257,0.961265069672773,0.154408358639148,0.901255453655062,0.833166213054481,0.0727577103856803,0.0158393614367673,0.855069812816292,0.167287920370295,0.131540697674419,0.106265620960097,0.0476027397260274,0.238720403600298,0.0233774467073461,0.282581579688569,0.838640735199829,0.358158404049427,0.83520329387545,0.577164301871273,0.0289009932713874,0.119463560967002,0.0942950044339344,0.124438310437797,0.0127151156417845,0.295160450997398,0.858816487087395,0.785023034350555,0.456039485816565,0.723285114325712,0.0447146200020348,0.598901098901099,0.0124536783913492,0.190077485219052,0.388213314104035,0.207928278245841,0.026778329197684,0.0185185185185185,0.814263756532432,0.069848714765255,0.511292723874687,0.160578760578761,0.466190520359892,0.745702640439483,0.428156894136482,0.821153357608604,0.0450579444270437,0.0684553091652161,0.161542840876744,0.261560350960398,0.766257995735608,0.107218451207941,0.846321605117767,0.0477944400596334,0.89168458781362,0.0810526315789474,0.79629855107756,0.789550954285425,0.0491110538521,0.297899533229607,0.678837735122913,0.206587633032467,0.0899268477255528,0.842067957294112,0.0469565217391304,0.63691048080538,0.248105846432206,0.0473316990382802,0.771347800781575,0.102485737571312,0.851663846587704,0.0883746643500237,0.751069720614145,0.108362910381544,0.231918008784773,0.153633854645814,0.934077079107505,0.552468007312614,0.0591005291005291,0.0882016036655212,0.0719414129810454,0.744018380605292,0.279229122055675,0.773730839544368,0.166473706660167,0.128980636901904,0.0469561222145647,0.891161671406694,0.161069524200164,0.0179997381856264,0.239907917454575,0.817325800376648,0.432324799586243,0.873803774259905,0.531357606548123,0.199268292682927,0.681741395086929,0.692064279952845,0.007684077424375,0.0259041421599299,0.283885389148547,0.69768289718869,0.138176127286362,0.374031930082637,0.360045197740113,0.0961218968054303,0.0903568716780562,0.364594594594595,0.420305867302436,0.220842623202891,0.122326775021386,0.736594883653707,0.287045060658579,0.374119759913039,0.0544554455445545,0.639566208468605,0.169912439613527,0.0580788099382814,0.850371661925301,0.230788056779246,0.905638876635789,0.175155046043977,0.229453047967055,0.246946821809789,0.589991511975495,0.863182304673564,0.38689506196233,0.186020359848485,0.199043519846963,0.380317439917748,0.333863200710646,0.126598387976486,0.253483595181258,0.433016349683016,0.447431263714986,0.395074877356055,0.338729172062505,0.457780962617939,0.458941445401794,0.640784367595041,0.651944395565722,0.0683714830710539,0.433236874741629,0.597742195599585,0.266352611643378,0.302836852642315,0.380122177225616,0.469436978843636,0.247618397241097,0.609733270940571,0.437467866323907,0.253505843071786,0.204447127477613,0.397223162885201,0.656777077829709,0.377552864630399,0.549782339550302,0.283017518770111,0.0878980150183363,0.604691384715166,0.615982701509017,0.270114013099377,0.39226914817466,0.383162777000663,0.241112997754286,0.244200433034333,0.481772802904251,0.0377888145109048,0.181313803817133,0.0747008022445311,0.32170011217749,0.523196233208697,0.403166092174135,0.38268129070166,0.408983451536643,0.816379157033612,0.439207749024143,0.249357798165138,0.694065484311051,0.568669932177845,0.487749838813669,0.477903748264692,0.180580541644382,0.354950176792028
GSM1345062,55.1,test,0.112353443590341,0.450546290971823,0.248577579578656,0.701408718827337,0.259234003864075,0.274894514767932,0.688859714928732,0.447105594880248,0.974997112830581,0.833236236527818,0.403391327986951,0.370376288247983,0.898081087135071,0.180900137140007,0.0470850098450475,0.906292594275329,0.961065645133206,0.144139705479827,0.915015576323988,0.841580502215657,0.080570652173913,0.0329062317996506,0.866022209794679,0.158173887181521,0.0894934333958724,0.106007771246388,0.0539099884911261,0.211530788668706,0.0143008474576271,0.473045884251787,0.861779091094355,0.320056346237917,0.81862652869238,0.582799325463744,0.0160690255679569,0.124099223946785,0.103804096719544,0.125777231902971,0.0229309742754045,0.438072947142578,0.879784425868896,0.814894030721369,0.470943613348677,0.69734360687537,0.0338718984420081,0.530533955417315,0.0130562016958055,0.177857018611933,0.444835111542192,0.178427603880652,0.0220449172576832,0.03183841150291,0.139354838709677,0.0616792472339985,0.519651806911105,0.16241855116903,0.592721725866202,0.76864353671737,0.39901547116737,0.808073432773547,0.0395577395577396,0.0756624225739849,0.13502994011976,0.240196910541504,0.729021258458096,0.0335615135957406,0.83288409703504,0.0280972011282274,0.898853868194842,0.0745709615908472,0.819362950544845,0.76710447761194,0.0621040047818291,0.249067044138464,0.663827506105188,0.182139563479865,0.0749234009957871,0.861109374022888,0.0539316299808904,0.648005363727791,0.43873046175874,0.131175889328063,0.773962876559489,0.11566307610807,0.861706462391003,0.0846800974097853,0.710343014850835,0.0916514320536258,0.279057646200354,0.122274069136273,0.920243068742879,0.616486665197267,0.0316200921766525,0.0586416081836565,0.0712267227012535,0.752854654538417,0.36607346047062,0.765179822512844,0.175965665236052,0.075391455635028,0.0463169051404346,0.92495451788963,0.163400406370846,0.0249372520443689,0.218699596774194,0.846434810227092,0.404107813917325,0.930558945569929,0.580502797698794,0.261543926118873,0.695193380438825,0.732071801220267,0.0109865216898856,0.0180742688136707,0.326300599606897,0.680252162439525,0.113043818160497,0.569258172673931,0.360624965494396,0.0890484536665347,0.0787137029037677,0.349583983359334,0.365384615384615,0.217706292431767,0.102754605491832,0.724890829694323,0.236342592592593,0.34485298631146,0.0569265487369877,0.625074373140671,0.140754716981132,0.0871216999356085,0.930677493022076,0.22844465763281,0.923735838629456,0.163563365530083,0.202373651744165,0.177668711656442,0.70254871038307,0.586078987562732,0.482910409114448,0.30862432269717,0.329246231155779,0.414439458321751,0.491339169305271,0.114518346198583,0.348574576504614,0.575112347528354,0.388343513670739,0.444003800553559,0.327284981077298,0.341723446893788,0.474807480748075,0.599408235390811,0.435315101070155,0.111836843508398,0.451666482117152,0.56245314140051,0.319248469174305,0.311725919985744,0.398942731277533,0.428410689170183,0.206653726357604,0.569934517359966,0.559813006093998,0.265744466800805,0.171026519935053,0.528708397619572,0.565027224850487,0.327991324255934,0.497448335101814,0.271402862284686,0.16706886950065,0.489972337482711,0.5170692431562,0.241492981709911,0.271981489272192,0.261605897589161,0.209349183961314,0.248832961234017,0.540381875178113,0.02376855923023,0.195407556490714,0.0975785528970885,0.321880556427152,0.48692044019484,0.283241163741284,0.420230214111051,0.405588562940958,0.776164186269803,0.39435874834729,0.242713690913544,0.611990079534764,0.521295818275684,0.39813207703116,0.519092654483396,0.179173767409062,0.350528980920517
GSM1344052,64,test,0.132634371249921,0.410724886221225,0.146783625730994,0.783451842275372,0.183924650410262,0.183714133900106,0.734961481724308,0.342937138728324,0.968626078843014,0.690331155166685,0.252426239085981,0.39506381540022,0.910022354694486,0.138065522620905,0.0302830809743252,0.91594462702918,0.97840329218107,0.249165983046213,0.915169194865811,0.845952851004529,0.115018592046386,0,0.894827018121911,0.222345920912006,0.0957226304880347,0.163829514911046,0.0547196462568323,0.143239113827349,0.0013179861172129,0.269176591112819,0.793658458071785,0.319820854386771,0.86407822835778,0.565086177989404,0.0038130892956184,0.149881097756925,0.170747579923534,0.156320326835855,0.0133583802963891,0.281877627276973,0.871433898937162,0.82526855547983,0.500575304305699,0.750341449630292,0.0752928924759177,0.530763596410914,0.0107760081328363,0.209305987481793,0.456147192285876,0.20366574219221,0.0072860773792713,0.0255340288127173,0.849640243527458,0.0772762420259037,0.553457446808511,0.181044924766494,0.506565955766193,0.718522770761577,0.551243177683445,0.865294228238391,0.0639552164866739,0.101883408071749,0.199742343502957,0.276756913486282,0.780388049279266,0.0752013630731103,0.860212524016782,0.0430993199885068,0.912526059763725,0.115023052511826,0.857464564843026,0.82534150317612,0.0687852443609023,0.257997349990536,0.67027617723028,0.213172870603601,0.0436907020872865,0.864850682186814,0.12637557685481,0.668375755356162,0.206653510008458,0.0592711253504205,0.804331932005118,0.158620689655172,0.877440114408295,0.169221812536387,0.77037037037037,0.140763132378943,0.231346047028328,0.112046339035207,0.9360625574977,0.605619757142019,0.0086789411691773,0.105573478696184,0.07073662310643,0.760973162779032,0.331919681495586,0.796329406815313,0.176172607879925,0.142698533278794,0.0509525919361985,0.895138461538462,0.192518921282002,0.0093963361049144,0.30907994573137,0.870593485051316,0.504250736794378,0.956400845289734,0.487303741035084,0.20338121266048,0.630008948990753,0.730833515006177,0.0315789473684211,0.0267869439471147,0.304078601622301,0.686460600783631,0.158517641837414,0.370955717906665,0.412641799177689,0.126059951390764,0.181995189554461,0.492174553489229,0.436111706306692,0.268780335752772,0.124676771293313,0.56205029300497,0.247593908629442,0.490804474080447,0.0515517130137428,0.633298574904414,0.173598723124589,0.0892997639653816,0.915802855466458,0.233823069709284,0.935459203181158,0.202534933250221,0.225027135990076,0.263528077141237,0.671379365587953,0.641329887218045,0.462559117183395,0.229620323841429,0.28613914924297,0.432451115939167,0.385440835266821,0.217425266636623,0.298162519972609,0.548122166139105,0.440102037479151,0.469717216223049,0.193130540956628,0.432904477826493,0.393817204301075,0.621792189679219,0.528229769575188,0.110174362904771,0.406561989471773,0.543765903307888,0.257713513710885,0.358986041502713,0.467703087365886,0.437327772398898,0.187308399754752,0.580041222947441,0.610763626366073,0.317509112467612,0.182004930156122,0.630313439244311,0.599538759113227,0.343718991863465,0.540451552210724,0.30656613717883,0.131752668060293,0.518808143454227,0.61832654741754,0.216467593499119,0.421022400919012,0.304667597994905,0.181231903132403,0.26140231449966,0.523572980884375,0.072608770224687,0.123682750970605,0.0653968569723493,0.283029996629592,0.512510936132983,0.381230354737315,0.408994852343538,0.403117680316614,0.707752315943442,0.393732103086223,0.336838384730936,0.684581084252523,0.510344099641123,0.453107344632768,0.418575304435611,0.239756986634265,0.340261210626339
GSM1344238,59,test,0.117550809507406,0.503082257753805,0.186680514085421,0.742199108469539,0.220988292011019,0.233976029181866,0.787708186722965,0.456951510077919,0.960595094491355,0.875393700787402,0.255009018671087,0.429428279734558,0.917342262953824,0.137565775985786,0.0382122603294626,0.934099404679496,0.978571063263949,0.19007997414977,0.908071748878924,0.87360236949278,0.114533401325854,0.0224907063197026,0.87603606885873,0.188460743089543,0.0900618164526866,0.143722943722944,0.0639054391697098,0.172988182329769,0.0263631687242798,0.482533970341875,0.862386012510363,0.302278783923424,0.8623790291854,0.647951273532669,0.0040564033223874,0.13823664825046,0.169286094832179,0.191296030607365,0.0265201465201465,0.27285584973976,0.894589115858413,0.839570244923973,0.52876938606956,0.787519634442382,0.0408485273492286,0.613772195755738,0.0210478771454381,0.190504027020005,0.437762237762238,0.241042560211151,0.0107694980024318,0.0183104452767374,0.857002166633839,0.0681589342421191,0.6121318488455,0.137671141238906,0.418224123695864,0.729874656478316,0.563048683160415,0.85594616863499,0.0537210861548776,0.0927735484604022,0.203783545974483,0.334742419118476,0.810106121301567,0.0865323435843054,0.873935363434838,0.0351255389297489,0.907096603673847,0.116387893269614,0.891490696215764,0.869672943508424,0.0632064381951352,0.304701541954404,0.686811039011805,0.23211112905831,0.0608999500820081,0.893167869427396,0.0616009477068878,0.719728316027793,0.22737035900583,0.13845050215208,0.823053779616397,0.133446375582874,0.892406273909717,0.108429118773946,0.803734756097561,0.0980281690140845,0.269221199303309,0.18909979867702,0.917536988685814,0.68359757291055,0.0535117056856187,0.0907087770840984,0.0913722542387038,0.836804026423404,0.316778096147724,0.81317747077577,0.220580896297036,0.13235002969709,0.0586974443528442,0.927753934191702,0.11178247734139,0.0121602947950253,0.249611439229095,0.868187818216104,0.43167701863354,0.94213238208482,0.622167243938644,0.194922547332186,0.768145045613633,0.751651254953765,0.0125837778689646,0.012778684067428,0.284869841991588,0.767369534117062,0.159531000177651,0.496971532404603,0.342775980430837,0.11287784679089,0.143139841688654,0.259524235378287,0.348201438848921,0.294788170476854,0.168175011393971,0.729981829194428,0.263088400343302,0.405526245193597,0.0737744859175519,0.535640977794365,0.168639053254438,0.0898000366905155,0.923839861000507,0.218804502933249,0.897971841468709,0.216150690041029,0.247457463729696,0.277173913043478,0.750423852674656,0.50947782546495,0.555231805231805,0.310089399744572,0.277007759135221,0.496571198063735,0.498684018131306,0.225897191597477,0.415538391640164,0.732418753329782,0.428884547577072,0.547583457897359,0.337059056678557,0.463982564808442,0.273226185809486,0.566653970672253,0.475057433541188,0.155217391304348,0.444703804176393,0.496813933729822,0.297494172494172,0.369914003337184,0.453101094503943,0.392032713362353,0.233590614387157,0.599297232854364,0.676782658300057,0.361793103448276,0.153498446181373,0.549727791793919,0.601113397071282,0.404517883288015,0.485722304076335,0.266422594142259,0.213032210292484,0.571184631803629,0.573120635355333,0.30294219453098,0.370026139994191,0.331114582625824,0.217479674796748,0.249063032367973,0.601769911504425,0.0895011705384477,0.164324984728161,0.107644072857569,0.289428890062804,0.488888888888889,0.485930281394372,0.452123768128416,0.35137925101795,0.740242261103634,0.31805196571895,0.320697544987941,0.662028047464941,0.53086524581812,0.461174124392372,0.504743184343219,0.225897014516571,0.400104739460592
GSM1345596,50.2,test,0.174779967287172,0.387649081729714,0.229090620536423,0.619311134433737,0.184558866406204,0.167047606608764,0.652465212162859,0.221492690433444,0.948227172889865,0.763757981149286,0.22675701839303,0.342436024957049,0.856988622207458,0.206020942408377,0.0751137502891956,0.893915181315304,0.955331139604372,0.164607342283474,0.837940654324119,0.785186154550808,0.08276740237691,0.0063725490196078,0.836903817332275,0.177945821767014,0.122110872965302,0.111348600508906,0.040049889135255,0.201192785801538,0.0315070226496267,0.236412250850754,0.773182891629494,0.337620396600567,0.79461735077432,0.5588508492569,0.0185038590936078,0.148421570695353,0.12778952313836,0.0993570116350276,0.0195030338052586,0.212575239249989,0.741477272727273,0.765851267655839,0.405474822575194,0.665676167374166,0.0384681435686072,0.489337503554165,0.0389746521821994,0.200623137361149,0.368638299740921,0.167916574217883,0.016829370545607,0.0506850976112526,0.780993448876358,0.0553600504228163,0.480310262529833,0.148741857197599,0.389611174941041,0.714546672349753,0.413555992141454,0.797916189603847,0.039356210142727,0.0667737903945724,0.159193625118934,0.20243694843883,0.71240452989202,0.111251314405889,0.810183639398998,0.0627540650406504,0.87122969837587,0.0595423993482246,0.756593581188433,0.731446111869031,0.0581012658227848,0.214439880247859,0.63081017917424,0.204049572351196,0.0942028985507246,0.852835069089919,0.0878661087866109,0.570778622437226,0.225819946452477,0.0838672102504368,0.692245743212149,0.115101740622702,0.827469082041456,0.110660310376306,0.694235588972431,0.146550551095387,0.295620437956204,0.110190714698517,0.899782565724451,0.528944877302847,0.0576729179270014,0.0723961371443386,0.11293242156074,0.70552182055502,0.272567170918943,0.709779387553507,0.144589741852429,0.100630144032922,0.0433061420345489,0.898585981450509,0.144300753834156,0.0214718296935217,0.23272165154084,0.869800196528005,0.432445067788686,0.876596883151629,0.508084772370487,0.218791621261654,0.631928260208734,0.687124690921936,0.0125275330396476,0.0214231785579464,0.361956381468577,0.603265832303808,0.127543987675343,0.357662771285476,0.303887317695336,0.0885482714892209,0.0928452579034942,0.283233735483144,0.367468836565097,0.202907238123782,0.114351166897342,0.584048640915594,0.22429994361962,0.330995878698407,0.0615961034095167,0.608127043437646,0.185053007242574,0.0564020128599385,0.867374825968133,0.181498829039813,0.909432268070691,0.177642253678733,0.236466734758567,0.201909802116889,0.6320412226256,0.647370525894821,0.377727921680604,0.243394421137852,0.177723292469352,0.385619543317663,0.367698557220899,0.140703905015227,0.266273999847013,0.536527691350342,0.369320918285439,0.377990843914658,0.307634969651794,0.367130654856058,0.442612555485098,0.588897553367775,0.40002417794971,0.0782250994672601,0.418253968253968,0.507953502600184,0.271406291604854,0.273094347055348,0.354649091556822,0.370053272450533,0.185567449993603,0.493160259610584,0.434450963956412,0.264101398777963,0.139590620546703,0.448030338209117,0.531283518055059,0.326923076923077,0.474284484613729,0.230338824992229,0.10958015885881,0.375691391292015,0.532934131736527,0.224308947182921,0.359255631733595,0.294841409913771,0.213357693869265,0.232982844493636,0.508783559827643,0.0504670553570309,0.243195939441673,0.0908350305498982,0.262782172486977,0.498896247240618,0.286036960985626,0.396134965512956,0.395535814685708,0.678416676425811,0.352115278034362,0.226910039113429,0.619998108031407,0.484518206589051,0.406463846978316,0.575066357000664,0.163132933463524,0.320180045011253
GSM1344116,38.9,test,0.101414509057821,0.449720181881777,0.211189760496461,0.661958951432636,0.188014467448241,0.150585518720106,0.680904977375566,0.212299188115391,0.958858102434929,0.773089700996678,0.207561604123047,0.416162931274993,0.899855109520157,0.136511070370893,0.0536011849657471,0.895074428173787,0.957740916271722,0.183018510329143,0.884245257080011,0.823269991568844,0.0761333832896216,0.0008496176720475,0.839573705555032,0.193113222403023,0.0874559456989949,0.114319965126417,0.0622667588113338,0.310153096199254,0.0158817690526084,0.189572388860645,0.821055133079848,0.368870645662303,0.81372094563274,0.571975957926371,0.0070120080638092,0.135282497036744,0.118753246753247,0.127141822862199,0.0330175536361103,0.181635355864031,0.825999497108373,0.782509541096528,0.470736168267032,0.723798387593083,0.0261987448973375,0.531682236222753,0.0096825797760377,0.172865897107026,0.427667766776678,0.177650965901118,0.0254878534448427,0.046681664791901,0.82296447390787,0.0640139413302353,0.457812154696133,0.128284389489954,0.387597453687147,0.577534960086056,0.399093655589124,0.792845822956758,0.0479560288560632,0.092372682468904,0.151827338129496,0.249404153898536,0.745609302883175,0.0674455134498331,0.837316719480101,0.0138797957313081,0.838214324887573,0.0759001202518215,0.807692307692308,0.69776144791454,0.0794553602206136,0.232675539238183,0.608386683738796,0.203252032520325,0.0877805486284289,0.850052659294365,0.0602782071097372,0.624507389162562,0.161312489263013,0.0751173708920188,0.776510638297872,0.12004662004662,0.86511119212541,0.0886984715145901,0.712878787878788,0.0789775168265788,0.225814234016888,0.161985449857261,0.88961449336423,0.575157232704403,0.0594812950061472,0.069726592332366,0.0839687470582698,0.713165760203832,0.291539387207257,0.76609796367639,0.162357723577236,0.108687828402793,0.0461519727228446,0.901993081864602,0.126397770712015,0.0195703622792645,0.240335859549643,0.823182711198428,0.436039034722748,0.880164228894021,0.526934201012292,0.1683914843288,0.624778676365028,0.576133607016234,0.0271053958648512,0.0129928315412186,0.268636668905306,0.643706236769256,0.108885995240447,0.338334230355221,0.389912173700903,0.0907776450619224,0.0824108241082411,0.288520646799412,0.385435168738899,0.233394972262482,0.114625078460721,0.589236790606654,0.20463669209153,0.332328461891343,0.0418661409931475,0.640859140859141,0.209429824561404,0.0732072498029945,0.9250888153865,0.193886573196918,0.915229689975107,0.157827230167383,0.18805770667086,0.195559954751131,0.603297617809217,0.838996985475473,0.392819312036572,0.214541387024609,0.0658224120159034,0.385348076365594,0.29464743355056,0.130931696204487,0.249083957304445,0.468563057013796,0.453861488007202,0.374534523756113,0.343635170603675,0.503809208347135,0.380010834236186,0.618076659151064,0.54808072813613,0.0840485579525246,0.416579093775113,0.570350144555092,0.22242678540846,0.305510661592201,0.394050570153694,0.412195121951219,0.198261608956493,0.557932939710742,0.506619980304191,0.253798564711705,0.189017504234896,0.416259925693888,0.564668174962293,0.386881994616801,0.540704594144251,0.242131930234824,0.0677952817618936,0.514652014652015,0.620500535838114,0.264523440295837,0.405411350637923,0.276581649552832,0.248132602973607,0.268852459016393,0.473599571160547,0.0296703296703297,0.21240975201423,0.0735474905125875,0.267782679639814,0.529927861181517,0.309702395354464,0.349687903197685,0.327623723706969,0.791336430718776,0.415367727771679,0.237916128670072,0.734087403598972,0.545200312174818,0.484266565262858,0.452158086323453,0.154215658158876,0.320516239133913
GSM1886500,27,test,0.0252731355958572,0.463828552625299,0.191537250751358,0.913446143314327,0.141112727198351,0.166769918488607,0.864588612654981,0.146823018747544,0.976420119338216,0.880459718240917,0.169704397459495,0.531391030082176,0.992330627373713,0.1100369404412,0.041206162313995,0.983827814142552,0.987409643774404,0.200763415840331,0.979165425341368,0.952993909085398,0.0257486643049036,0.0279835088028415,0.988900453821098,0.167763834034324,0.0386674148551677,0.0621128059464807,0.015410394223998,0.469403099343739,0.0239940389640323,0.208445250362728,0.859863816880348,0.424656253094302,0.949709323327088,0.612951285130026,0.016096252966682,0.0905033488489646,0.087573826964254,0.071121947587771,0.0200134710551908,0.209536052223643,0.975911917563424,0.861604468067175,0.579138660844749,0.67715024733697,0.0189597747909008,0.63957240535752,0.0158042965145249,0.117814911020799,0.416192844876413,0.137304028540135,0.0160609287670828,0.0392384225828035,0.95804821689326,0.0227460287561828,0.488051148518541,0.117375474872804,0.411914735114285,0.922777289047114,0.719730874264928,0.968892808661445,0.0176607806459147,0.0461414886309374,0.0713133502236393,0.209196459898301,0.834270187815832,0.0560009361049493,0.950597573608991,0.0232617963557788,0.978660335629609,0.0759985810043866,0.860879115555884,0.85097972027626,0.0193427505602834,0.20178440827155,0.802391015458122,0.117602186190692,0.119119135216654,0.970923849706233,0.030776680958566,0.765596326904038,0.179921879533084,0.231712722446884,0.790052969042954,0.122703451143221,0.982166649926889,0.077581619578304,0.954655379939674,0.047534019951884,0.246892238384365,0.239484697791802,0.981344934296845,0.596574666726328,0.028696888304619,0.0205892021414119,0.0361928435064357,0.782719971221578,0.295186223699568,0.869056987141608,0.10955840068705,0.04060626607346,0.0219773156434886,0.971486072674773,0.144656297846253,0.0152374390279719,0.314065257150409,0.950716783802916,0.588564014833914,0.940096046940321,0.653115858338128,0.191270685084766,0.657967250169794,0.894884066035538,0.0329242925838229,0.0164837605536461,0.330472335181374,0.725858920321274,0.0797184997167805,0.342874823580559,0.457732878312787,0.0734394472974765,0.0417531217103861,0.372819078114704,0.289343605412738,0.168210135714063,0.0348843403891717,0.935174675367688,0.22376297527149,0.400782609238121,0.0282949774565592,0.636074264760828,0.203241821765097,0.0166542702298038,0.918018670980105,0.166117211215828,0.967288492726322,0.118678447165174,0.143367292041855,0.217036297368105,0.501901869639722,0.912970122687095,0.290223845059698,0.174866553100017,0.0277068642232809,0.323382013934402,0.213133876513731,0.0671409684971844,0.140872459850218,0.529810602528025,0.463247072165372,0.34789076559402,0.407774081792532,0.647521172254413,0.626694367107072,0.595162637208024,0.768803107821867,0.0230475588133422,0.393827950569013,0.706421409230979,0.201650356941317,0.231531463841382,0.28237116129052,0.641978223788168,0.237297239107522,0.645866901621005,0.498979374714339,0.202395650553365,0.150190290139421,0.432280762676021,0.783667038433677,0.442784636855165,0.584613013858706,0.217491683270056,0.0347103302144049,0.882792365837902,0.729266626634073,0.262790856225989,0.557294123048388,0.544399981908111,0.18449337771958,0.425977141592742,0.461959022628824,0.0200375681875251,0.316901263288672,0.051004960948895,0.360253653044603,0.617820633151747,0.479572457547478,0.375950881554579,0.457369806313642,0.946797510698066,0.394156743334977,0.185571912853094,0.845543133257247,0.573892068523983,0.648149681620322,0.517967961306267,0.136315920822661,0.272187012360933
GSM1343985,57.2,test,0.0557764755127668,0.324372455902307,0.162460406661898,0.760594196222939,0.225508691551004,0.244594398490785,0.745755606791029,0.380572987721692,0.976411670779504,0.834919401825597,0.354419512195122,0.425815857351127,0.924927561682325,0.127752439801873,0.08354795508396,0.914090726615817,0.971441467317714,0.196726764686315,0.89887471867967,0.840242606140186,0.078020694259012,0.012847965738758,0.87332908975175,0.150034770514604,0.0370918589464519,0.11027216856892,0.0476558113419427,0.387195881424894,0.0219831618334892,0.287976222642529,0.80755803270656,0.389868058290666,0.839649727246626,0.583256899858251,0.0257907979870597,0.146269162361311,0.113741466637305,0.128016289043885,0.0076457010963646,0.305138829356575,0.843072289156626,0.827134698425965,0.484986766450671,0.63871193968792,0.0251997937612787,0.54664214841206,0.0149695387293299,0.190279047260605,0.423021582733813,0.17115987460815,0.0177537384664333,0.0483954451345756,0.814045749978898,0.0684580152671756,0.546163585717903,0.116019505147192,0.563212468603078,0.775506243126092,0.354091092301491,0.83652486826886,0.0398006407974368,0.0833372591510812,0.151342663898748,0.25158264947245,0.74910440122825,0.0317241379310345,0.849277391608741,0.0128959559283836,0.901200369344414,0.0653852213644241,0.792442497261774,0.817152935988829,0.0560943833236827,0.258127387541904,0.669674962983854,0.200447532681663,0.131951900365042,0.859532396468101,0.038087835211815,0.689418265999552,0.303384157679435,0.0816929133858268,0.724708015572503,0.0818542493213615,0.812580348943985,0.0667074663402693,0.763346922927587,0.0608765055869975,0.238829528897523,0.231377927832876,0.917365564874198,0.637551647929278,0.0548636291975406,0.0537569186443248,0.0708933232297718,0.778916625337521,0.308267978881542,0.795208138134119,0.15575506910118,0.0875442549082716,0.0428696962088878,0.909731232622799,0.0999165465442683,0.003039785426911,0.229678273825948,0.858990404672507,0.39735247924613,0.902794736128069,0.546295431187518,0.26212700841622,0.726792109601501,0.810538243626062,0.0263539333245487,0.007237530519707,0.298368026158293,0.665066754937659,0.116501486620416,0.393537074148297,0.348505194713407,0.118368722615436,0.103180883051116,0.404214028278348,0.359054788791301,0.237221699592349,0.0816097388015601,0.681462140992167,0.168045964893785,0.372843363673414,0.0753358148567729,0.628803465078506,0.147733061640346,0.0856862263687699,0.962121212121212,0.192087312414734,0.92394263931748,0.14542646925243,0.17755522276301,0.165176470588235,0.663206652156928,0.533057851239669,0.468540012217471,0.211332171999633,0.194318735640187,0.404137278513676,0.45195810564663,0.163781522281503,0.30968,0.528659793814433,0.394616709732989,0.445221932114882,0.246233174847653,0.365384615384615,0.276898222940226,0.622077317186772,0.532997568600208,0.0911522175172721,0.407237219988512,0.551502145922747,0.248108232056868,0.289957325746799,0.390835579514825,0.366071428571429,0.223999135555676,0.580623954099928,0.586012464140865,0.218144432674933,0.16446354715757,0.455196354957691,0.524228558019477,0.354305740987984,0.516686565467053,0.27327892864616,0.101569276870909,0.495774647887324,0.573084032418598,0.251947065155449,0.313814531548757,0.2831926323868,0.217169534019193,0.332,0.477703640087204,0.0792202405640813,0.160365058670143,0.0752585216392187,0.291613796285615,0.563188745603751,0.238110437280562,0.352747252747253,0.36929366341131,0.658716829022506,0.350475783171175,0.250550660792952,0.61315649867374,0.513407672905881,0.448275862068966,0.542904724340433,0.167509525458954,0.338073953677367
GSM1345072,44.8,test,0.0783019709266031,0.326502353918582,0.213248847926267,0.755644090305445,0.252539796816255,0.14314762098414,0.683182816695143,0.271588536724236,0.9605582017214,0.831941366967786,0.379394578024715,0.506964131640577,0.942854595702951,0.171839799749687,0.0676273543167741,0.917378917378917,0.963847921854051,0.195454172478871,0.961761642612706,0.879533948262709,0.0946877534468775,0.011038961038961,0.889452332657201,0.185233606275373,0.0668946168683149,0.13869099141088,0.0635984779851422,0.263028953229399,0.0137593813964066,0.257905138339921,0.819679530580005,0.332443626323056,0.85568481907073,0.576078561182831,0,0.139678615574784,0.120786868813432,0.141434876321462,0.0065170166545981,0.272047402634758,0.866942045312304,0.807687512985664,0.511342155009452,0.761217087587319,0.0108638970971667,0.550972078988579,0.037082414440905,0.289483579844573,0.454182874587621,0.189488071570577,0.0037110341415141,0.0314565159925985,0.845471014492754,0.0789139633286319,0.528625426385176,0.146629692832765,0.553326293558606,0.726293517984228,0.471873812238693,0.873035230352304,0.0544142143253748,0.0870658135283364,0.175609357107803,0.31576640736277,0.779449065062231,0.0506594724220623,0.855822166822478,0.0389139139139139,0.919845594913715,0.0765143464399575,0.848139576286274,0.770950547823512,0.0674120082815735,0.273714576616324,0.692420231294413,0.234896810506567,0.0485414767547858,0.864274570982839,0.0412162687611789,0.729230554781154,0.234073534765198,0.0711111111111111,0.745297943399543,0.113638209731135,0.879577336491164,0.0907710477475957,0.795873834556636,0.0789337919174549,0.240483451937196,0.146627188465499,0.93351302785265,0.627209838585703,0.0610549751669806,0.0690740578823118,0.0705394190871369,0.765424129955355,0.319411160561452,0.82673773364486,0.150788834951456,0.112584000736445,0.065640796907523,0.908306769173073,0.128840604311662,0.0011602998928953,0.25107040078613,0.904895104895105,0.445289395859738,0.901054746358614,0.562069607295738,0.199451947543551,0.709005481597494,0.707532136407097,0,0.0242585290588034,0.249725776965265,0.729498164014688,0.157981008365363,0.31822923458078,0.402816268444311,0.118272369632544,0.103003426728482,0.361554933289409,0.331098596585322,0.257213622291022,0.110183238209673,0.591325246051728,0.308336302101888,0.471477663230241,0.0743694546904596,0.506353671549132,0.20894132257063,0.0903432666918144,0.923205458469679,0.292543316831683,0.926989247311828,0.197626935819401,0.196312042713071,0.215747741102711,0.629820051413882,0.865089877010407,0.477815496396879,0.230874316939891,0.150774526678141,0.45485,0.364491978609626,0.171468401486989,0.297475699985493,0.494477172312224,0.419189843357538,0.452740312566902,0.314561483508132,0.449759194395797,0.373573309920983,0.618959443591365,0.50701334245638,0.107509881422925,0.439793248675898,0.471803018268467,0.264770007976602,0.329159761860922,0.40730980751604,0.424714181464364,0.229962311557789,0.606778468394512,0.51240680983643,0.289584429247764,0.260430747048752,0.465711150733781,0.60663948747816,0.391233435270132,0.600246561121204,0.261920624345674,0.114310519461728,0.568048422597212,0.617140568682419,0.280902730141309,0.272496025437202,0.382486525767577,0.272590813569499,0.238029624526352,0.470790163525153,0.0385210818686823,0.142684401451028,0.0716442088211472,0.34480122324159,0.566813130007754,0.369747899159664,0.353354393548923,0.370566522227572,0.761574074074074,0.380934101087652,0.290900643791067,0.673361082206035,0.62627415803637,0.482609166756962,0.555633617282866,0.179845999330432,0.411068437952528
GSM1345259,61.4,test,0.125522730338594,0.430537772087068,0.224199928083423,0.735727977331444,0.236922240348015,0.289590818898482,0.685619314205738,0.464036011876257,0.956334006546417,0.820831661986897,0.426764823790954,0.3887908579111,0.920219288754238,0.145694769009527,0.0499745460716104,0.955818497611811,0.96793669841746,0.208051257253385,0.912624584717608,0.826107928851372,0.112778065183652,0,0.865860235765467,0.199122087694757,0.0942353735649825,0.16149536737772,0.0618225050702846,0.172210923881464,0.0240620265573478,0.388235830143977,0.800506268081003,0.292875028454359,0.840143155383239,0.515413697833358,0.0273064309140168,0.130301443638268,0.155800099288433,0.144637407353582,0.0309031556039173,0.365085013839462,0.880782169890664,0.773215281650865,0.502135207936404,0.615833168610397,0.0039347223118106,0.549967783505155,0.0146358792184725,0.206226952340942,0.437124638540817,0.2,0.0054293183189221,0.0250445352614482,0.820821381095641,0.0940153659522847,0.545642359782692,0.136735644420786,0.577001322347676,0.776810073452256,0.50766073871409,0.831192140563008,0.0620036005506725,0.113998427607895,0.182334804425367,0.252806588198734,0.766280789433423,0.0800068236096895,0.839656629453365,0.0391055748417398,0.876788990825688,0.108732351135666,0.86404833836858,0.798674852592548,0.0688387096774194,0.273547505126452,0.660592020592021,0.231664184661206,0.0537084398976982,0.869386585132811,0.0451260249013058,0.673600439077936,0.315724401483646,0.0801733477789816,0.770342955835184,0.109132852241808,0.889129784688995,0.104834144684705,0.763806970509383,0.0780619111709287,0.277817340217198,0.11298613131607,0.947293447293447,0.633344230140569,0.0343130553656869,0.067964731814842,0.0980038813418353,0.744295866841219,0.352614628358335,0.800344950636374,0.221332955591756,0.116225546605293,0.0670870256759827,0.912766228797347,0.108733742165914,0.0087633149505174,0.279123577466119,0.874739039665971,0.42962515114873,0.861539236425909,0.623215305539692,0.121468926553672,0.71900460503011,0.772413189888918,0.034224049331963,0.0190934266141962,0.29858980493709,0.692239191415468,0.153257180696962,0.422605999037588,0.389587371919136,0.130578976953345,0.132647747982296,0.376100628930818,0.349626104690687,0.277347235921281,0.157668791466112,0.636363636363636,0.254341449788165,0.372547881601857,0.0783719597084596,0.561609000539416,0.198316831683168,0.113404196576477,0.886346530182147,0.20847788378144,0.912155564047043,0.204021855461049,0.233361731129664,0.226708463949843,0.655719491600747,0.552199947930227,0.479261777561923,0.236954330464449,0.264638058953279,0.437867231122952,0.384885290148448,0.20485627566506,0.313857448761089,0.562221562221562,0.411567808810826,0.514657723416847,0.283105534393905,0.379507057704966,0.48034803480348,0.579428571428571,0.503510185291748,0.107251540117272,0.420570606569168,0.49366529169122,0.287847366238075,0.337222574508561,0.432722213128172,0.50960812284971,0.221974344673731,0.573205469046715,0.550337630448128,0.29884778064077,0.193479109722765,0.58901154039137,0.585608532993712,0.328098976921247,0.552229755801775,0.267752715121136,0.140879689521345,0.549170537491705,0.561855158730159,0.253517686144225,0.355701847526014,0.333818115711494,0.257045088566828,0.279832935560859,0.518932308781154,0.0475769727451913,0.17284062983526,0.0790721590584471,0.272517432075018,0.542007305618368,0.326117982873454,0.377935873696521,0.389543057996485,0.710081402629931,0.427982847052888,0.317849156332588,0.654799015586546,0.527516448379758,0.43971568971569,0.51509003296982,0.166351606805293,0.373090426036626
GSM2334329,33,test,0.06401434,0.4692963,0.1759449,0.8028764,0.2842202,0.2313947,0.8047253,0.2572948,0.9772546,0.8299537,0.2556529,0.5492102,0.9512873,0.1597769,0.06818929,0.9550864,0.9502209,0.1811977,0.9587806,0.911289,0.05410962,0.03399014,0.9402761,0.1457636,0.07054569,0.1450778,0.04419085,0.2992198,0.06021996,0.231192,0.8365984,0.3482835,0.8967382,0.5619985,0.02863783,0.1422352,0.09795182,0.1582281,0.008723114,0.2371862,0.8813299,0.8556379,0.5062868,0.8411511,0.023681,0.6490921,0.03570622,0.246622,0.45178,0.1605996,0.0317838,0.06609139,0.8816063,0.05795644,0.5610947,0.1069109,0.4141732,0.8688776,0.6006388,0.866218,0.03557533,0.09522291,0.1345301,0.2732135,0.8268348,0.04642264,0.9111511,0.06480066,0.9392866,0.1012839,0.9043997,0.8120069,0.04668831,0.329677,0.6984019,0.2460404,0.1047683,0.9248811,0.04361869,0.756921,0.166449,0.1239782,0.8497443,0.08660808,0.9144309,0.08622807,0.8638171,0.05192393,0.2168262,0.2322702,0.9569944,0.6814253,0.06370022,0.04591841,0.05851869,0.7663943,0.3597881,0.8362252,0.1415012,0.0774626,0.05735687,0.9333328,0.1023398,0.02942637,0.2514449,0.9415975,0.4005232,0.8698514,0.590134,0.186236,0.7674002,0.8704411,0.05290265,0.04558687,0.2565952,0.7395005,0.150722,0.3472745,0.364088,0.08383991,0.1280134,0.4053075,0.3506052,0.1847291,0.1156446,0.6449813,0.223888,0.3471393,0.06402279,0.5342399,0.2201406,0.04350172,0.8765035,0.3197183,0.9161043,0.1573301,0.1729738,0.1359083,0.4755972,0.7762745,0.3964092,0.1093501,0.1096455,0.3969771,0.254458,0.1335771,0.2014618,0.4301824,0.4614671,0.4095237,0.3715501,0.5267872,0.3951039,0.5698858,0.6647173,0.06539655,0.4004807,0.6168653,0.2519461,0.2732587,0.3804302,0.4798675,0.2579879,0.6296668,0.430686,0.2501659,0.2672122,0.2938503,0.6247527,0.4360094,0.5895815,0.2762355,0.09788494,0.6247614,0.6533775,0.3206926,0.482318,0.3417793,0.3347169,0.4375914,0.4188204,0.02928861,0.2444475,0.06027665,0.4226181,0.6884497,0.4430093,0.3092274,0.3712505,0.8665515,0.551597,0.2163617,0.7947145,0.6465034,0.5309368,0.4572341,0.07967909,0.4046577
GSM1343647,55.3,test,0.0833753572028912,0.573915763135947,0.203098891083093,0.820909740414384,0.166796041141083,0.156793546760776,0.691983122362869,0.445369328833896,0.96689934699392,0.849256900212314,0.247620558375635,0.440487062404871,0.931885755473466,0.121688613477924,0.0227610830110086,0.944043321299639,0.979533757190433,0.296103896103896,0.924520069808028,0.873610214475289,0.118976651763537,0,0.905852417302799,0.257903364296308,0.0652463382157124,0.172009864364982,0.0842127934525091,0.11586007364545,0.0207813798836243,0.28669616053089,0.77424037158893,0.267767446831249,0.881943332799744,0.559192115829176,0.0210311473955098,0.164355679938939,0.178930041152263,0.185512577123873,0.0158248714229197,0.284774646834592,0.781735561418939,0.815097199928661,0.565484311050477,0.80963523743978,0.0359376551176412,0.724681375907907,0.0184307983808457,0.23651196270652,0.394151981142665,0.246600869625233,0.0294358974358974,0.025267127592709,0.857511997046881,0.0959165942658558,0.656248374850486,0.143236074270557,0.414761007981347,0.824694393225432,0.633633059116128,0.856992777413001,0.0705589109385486,0.130765757047932,0.218820964665274,0.278106859376851,0.825591469510163,0.0928549894482966,0.879762096126025,0.0151702022693636,0.906789127466799,0.137040948022997,0.857028434120945,0.84088079676315,0.0954081632653061,0.303921568627451,0.746078509435465,0.270412493634357,0.0665470559451965,0.90159557147509,0.0840133675293386,0.75183691110791,0.154458987074222,0.0564066852367688,0.853814332643874,0.183180147058824,0.901551891367604,0.125435540069686,0.77070189274448,0.0825621042377009,0.274782412117102,0.155895496734273,0.900647465952221,0.693575575950553,0.0548109403944644,0.0899556272690601,0.0565439492689801,0.790990453460621,0.28731027043686,0.838565346034495,0.211278485901893,0.143335643335643,0.0836288967705806,0.932782792394853,0.127626779016596,0.0047270367967374,0.366967055695081,0.884347334714636,0.513587203489957,0.892793210899688,0.620425090720581,0.123526396719631,0.826368452030606,0.842767295597484,0.0265474919957311,0.0234305923961096,0.248507139766335,0.746774095838129,0.18278232405892,0.237267582861762,0.483430460120031,0.149716199869731,0.23028969563623,0.528776978417266,0.342567445229042,0.283195668772125,0.172496662216288,0.721958738439649,0.317051202106284,0.420723290696604,0.127787823990356,0.521998805494724,0.25392,0.115489278328072,0.890015410820018,0.255801104972376,0.869338735349443,0.232473309608541,0.201370940555119,0.250851305334847,0.715835390001722,0.464081826831589,0.525394271000966,0.303262182843335,0.200636942675159,0.54501807196418,0.363790905227369,0.197397789754478,0.325002089776812,0.562266500622665,0.484647008069837,0.500949508489723,0.173261508325171,0.503240689882456,0.308531746031746,0.54208531641107,0.540570999248685,0.217736524267502,0.398853003320254,0.551830522418758,0.27713566216827,0.388430297827379,0.499936828806064,0.51237890204521,0.245084464137358,0.576529008737193,0.652394775036285,0.430128624373229,0.142892521050025,0.439673229995811,0.56186536291839,0.434399540317947,0.60715455140799,0.248714785112071,0.108251727017384,0.638031319910515,0.590015693894328,0.286773686965626,0.448920399613277,0.393804685294948,0.170460293373799,0.259672619047619,0.516018888485289,0.0356109725685786,0.135312329266072,0.0564937325905292,0.294486435811801,0.566532797858099,0.399250234301781,0.386488731955551,0.38035559631158,0.837371785342649,0.422056384742952,0.444671201814059,0.802527254707631,0.5719186678939,0.481582537517053,0.434562172381198,0.165305993291564,0.423504216303038
GSM1282816,60.06297,test,0.05822639,0.4501693,0.2479532,0.7154527,0.203821,0.08991113,0.701519,0.2518496,0.965657,0.7988984,0.1727041,0.4286453,0.912952,0.1449203,0.05250888,0.9017532,0.9707633,0.1472723,0.9256275,0.8628188,0.08796073,0.02369413,0.8763547,0.1213576,0.04980658,0.07209322,0.05844896,0.2377362,0.04151052,0.18482,0.8639284,0.3240117,0.8937319,0.5539626,0.01906433,0.1275886,0.1039675,0.08977351,0.01911353,0.1680651,0.8371202,0.8290291,0.4509034,0.5278621,0.02545825,0.5225741,0.02403846,0.2534565,0.4353624,0.1200805,0.004080908,0.05721754,0.8641077,0.06141426,0.5024088,0.1237475,0.3746389,0.7870469,0.4786223,0.8383517,0.02959112,0.06014947,0.1223564,0.2025291,0.8181686,0.03879368,0.8778653,0.03486884,0.9020401,0.05825243,0.8577874,0.7332615,0.03777258,0.3021594,0.6440093,0.1879869,0.08362302,0.9016066,0.040554,0.714658,0.1333,0.04034528,0.7816262,0.06751425,0.8958043,0.06726558,0.7594794,0.05674163,0.2309188,0.1455735,0.9355252,0.6400208,0.03008056,0.04288895,0.06964899,0.8082364,0.2744083,0.8475831,0.1243389,0.06703083,0.04562543,0.911464,0.1313988,0.01056034,0.2299319,0.8773682,0.3840492,0.8645939,0.4803188,0.2250175,0.6920156,0.7131702,0.01986557,0.02365396,0.2599187,0.6970817,0.06637875,0.1888701,0.3543481,0.07576323,0.07449693,0.2961659,0.6007747,0.1982849,0.1016628,0.536766,0.1669019,0.2760604,0.09427845,0.6123285,0.2858387,0.05201819,0.9132895,0.1686902,0.8999197,0.1831952,0.1966899,0.1210489,0.7274108,0.6201476,0.4202617,0.2072397,0.1512491,0.4052577,0.355141,0.1808836,0.2597793,0.4936532,0.4141638,0.4595531,0.2370979,0.4310317,0.3491667,0.6424655,0.5278401,0.06699288,0.4025411,0.5225961,0.3028331,0.2804539,0.3771821,0.3575242,0.1811439,0.5752441,0.5339686,0.230916,0.1754782,0.3085217,0.5677562,0.2904806,0.5540667,0.2343336,0.0653901,0.4958693,0.5177165,0.2477212,0.368568,0.1904918,0.1965156,0.2320227,0.3585162,0.0838348,0.2004442,0.07566576,0.2199052,0.553834,0.3409091,0.3320145,0.348193,0.7207614,0.4346943,0.1867559,0.7588865,0.5468466,0.4376005,0.5156645,0.1163717,0.3599502
GSM1886668,15,test,0.0308023616640969,0.36979942428844,0.159638518409355,0.828721536333498,0.205526278140002,0.0669405076512216,0.802692194939555,0.361768766562074,0.980847720777897,0.852485092761257,0.262474246415174,0.546737061374273,0.989209178846225,0.111243281706074,0.0481499560602847,0.968382684526493,0.983560217241805,0.114194540983071,0.970210393546068,0.932681990628641,0.0232491256469238,0.0351503740328526,0.989864193101074,0.0661954219153486,0.0573940477461796,0.060671649335267,0.0118823763680484,0.0641000007462928,0.0290703134879254,0.219147781054765,0.881220398845618,0.289828137623745,0.923301967590234,0.70472668437288,0.0148148121301501,0.06361342863485,0.0663241900426745,0.143402882579714,0.0212590651213393,0.204221862828125,0.953568792195804,0.933369072519031,0.536542753789718,0.866051374245105,0.0181830391336668,0.574459358419111,0.0140859032062042,0.145822368102874,0.387260415153234,0.0913934343245063,0.0200253656852114,0.0300288745554395,0.964679366272728,0.0356987757150984,0.560712835293714,0.0954219596512812,0.531999734589943,0.820428066480897,0.616417968053606,0.962025494742033,0.0113913509183811,0.0502817372959765,0.0717999075473518,0.218276219507692,0.876056922491043,0.0260869397575764,0.937575304704174,0.0242145784428729,0.969999013928956,0.0221027712942741,0.953887551079199,0.731947134751808,0.0207136487098253,0.349619688475292,0.810971362830736,0.108585247963209,0.0444717829864596,0.980042854349582,0.0189088715820732,0.782139351097093,0.10016722168565,0.337148762527599,0.790546489860613,0.0233141215098094,0.982387571389414,0.127284757396805,0.92832654728879,0.0393840985016471,0.227642445332571,0.038300032707079,0.975602608242088,0.734256466142202,0.0317011892308644,0.0188427051512305,0.0222220906641697,0.755253465377438,0.279924458246135,0.823575030036771,0.0618553228614821,0.0254676839157622,0.0332694592261358,0.950603420994983,0.0829683425581391,0.0143937220176965,0.158019892792839,0.907154737074607,0.45199023154492,0.970010449883309,0.657862008511163,0.166631991009922,0.78060509874378,0.912146094348593,0.0389917310509132,0.0196157195596755,0.314238329840826,0.65989630198442,0.0651569976620158,0.375532007464795,0.368680207720736,0.045840886954343,0.065734547580003,0.446226929257209,0.323724262004447,0.14451970715545,0.0514474901030915,0.939815429609284,0.170273200101593,0.340998849773932,0.0256699423322368,0.636980390641211,0.193241816100558,0.0263069150752952,0.878584484105745,0.217981525164899,0.962181879644022,0.0662472871994705,0.132082620088392,0.142519604783091,0.380494085782236,0.930424957385234,0.278207413368966,0.0534616283566603,0.0132003234168763,0.228529260242915,0.222731003763978,0.0435812417891569,0.142074459469412,0.387822563249684,0.477840770442115,0.297743420623446,0.365511205363845,0.633579349324537,0.640995785683238,0.614306523474872,0.896855602914313,0.0194651919579949,0.446680071140088,0.761455772910345,0.16847146070999,0.140985938387547,0.244906177757845,0.657777051268756,0.204497740748913,0.84838441417328,0.386471883443703,0.143698158872047,0.228093526889227,0.0552231309523346,0.822769115135966,0.543351582877965,0.616152764390134,0.345267928999545,0.0605342238145863,0.798739317596403,0.723403041079756,0.235323446383638,0.382801373900332,0.492671592901385,0.296288591692305,0.356656690159136,0.404277690190272,0.0357984168115002,0.283486751891662,0.0496171583083195,0.375162882381449,0.718337715907845,0.372450033706847,0.257705442086632,0.463279496868865,0.971561332406183,0.555984386846454,0.150803526978923,0.789274810855579,0.618171993248469,0.645693288834976,0.564167300525413,0.0363586789346513,0.378021985634135
GSM2334443,53,test,0.1334655,0.5682568,0.3017586,0.7571125,0.2525207,0.3369491,0.7693033,0.433031,0.9461627,0.8556433,0.3641338,0.480325,0.9575996,0.1673319,0.07784604,0.9427475,0.9281812,0.2834416,0.9490559,0.8963971,0.1234662,0.02360053,0.9302118,0.2487161,0.1228794,0.1597163,0.0492354,0.2835558,0.05467932,0.3696343,0.8072403,0.3647881,0.9178974,0.6319051,0.04117812,0.1728883,0.166869,0.2042251,0.05779115,0.3598625,0.92796,0.8160651,0.5328934,0.6622615,0.05743995,0.5984878,0.06193591,0.2580385,0.5115613,0.2597853,0.02650066,0.07085963,0.8901302,0.09046039,0.6241245,0.1591603,0.6127062,0.8204412,0.5753006,0.8970089,0.04184907,0.09975433,0.1665687,0.3093985,0.8010614,0.1213051,0.9128228,0.0546494,0.9328769,0.1021666,0.8876037,0.8089756,0.09057773,0.331892,0.7938897,0.196918,0.09849671,0.9033366,0.08458403,0.7385852,0.3584677,0.08243124,0.7563413,0.135961,0.91664,0.06376796,0.8411014,0.1171294,0.2580399,0.2259722,0.9431034,0.7257047,0.06587323,0.07240517,0.0911564,0.7856649,0.3568542,0.8656068,0.1923379,0.1418667,0.05050632,0.93912,0.1499199,0.03283862,0.3542869,0.8948972,0.583818,0.9039033,0.6784678,0.20804,0.7173288,0.8596605,0.02022777,0.02513756,0.3057457,0.767483,0.181017,0.4133394,0.4859213,0.1782307,0.06993535,0.4177897,0.3315582,0.2490194,0.114495,0.7033835,0.2568899,0.4353339,0.07284285,0.6587125,0.1818834,0.08611624,0.8812553,0.2075716,0.9039125,0.1880384,0.1962528,0.2296183,0.6242467,0.6530289,0.5465926,0.3130501,0.3308278,0.4406394,0.4392543,0.2282004,0.3108876,0.5297939,0.4772343,0.4384261,0.3225853,0.6332884,0.4241068,0.5878019,0.525175,0.1165088,0.4077407,0.629946,0.2994848,0.3892577,0.4891795,0.54317,0.2525593,0.640685,0.6696683,0.387496,0.2181182,0.5371612,0.6742985,0.4953414,0.6352849,0.280799,0.1514002,0.5628554,0.6677161,0.3062596,0.4339239,0.3249051,0.2352759,0.2431812,0.4957528,0.08134837,0.1748785,0.1105448,0.3436451,0.5599432,0.2363452,0.3583553,0.4384143,0.8298781,0.4386785,0.3271401,0.7853317,0.5523249,0.5238336,0.5284969,0.2261185,0.3860192
GSM1886536,25,test,0.0326866112672275,0.291214042829092,0.186789528575073,0.770018250373437,0.166332269953491,0.125659769766958,0.80088518243221,0.3091892252972,0.983910578981134,0.761096247890265,0.231094495161637,0.546218387430665,0.987363158444353,0.12286777275029,0.0420857643652253,0.960718734393885,0.983643534558592,0.151688802424847,0.975743523004145,0.887102710936827,0.0275841149826337,0.0242602009225796,0.990266173929494,0.105811936881912,0.0709692225648951,0.0866744858565751,0.0137060307104509,0.212345769426028,0.0203191018144931,0.154528109946889,0.797387893400332,0.24563879767308,0.95541529888169,0.71991755422493,0.0151114915115391,0.0970192946690598,0.04473676896857,0.122786777122601,0.0186539236959667,0.185186251280481,0.950819733318304,0.858629806245216,0.413894583921494,0.68125569549979,0.0187289094467982,0.584769212628964,0.0126416405636385,0.163638259039062,0.362002006283995,0.153181317694561,0.0150845009864111,0.0264080803891915,0.938456028964268,0.0329871131400479,0.660636367644131,0.0887954675866489,0.505282119229862,0.953941453325621,0.481991351007793,0.965755903547755,0.0138248064482117,0.0558478749663696,0.0433508634972831,0.282763155758965,0.772235330784533,0.147602334644138,0.944863974737638,0.0190864227804557,0.970179722915506,0.0278583037743755,0.976255223214445,0.7032122800852,0.0217583129945976,0.283717361391188,0.808830019936233,0.0875299784361665,0.0388736168607607,0.955757244042101,0.157449991951964,0.824360433730706,0.190210614824154,0.207891406127452,0.775932956956332,0.0451267067635411,0.988196962893905,0.108039472502914,0.943258210103672,0.0307796582161928,0.238228361831536,0.108842258094697,0.974467689924516,0.725444566380061,0.029662153160547,0.0179957785030413,0.0340791849285932,0.763431009037043,0.264727688770301,0.938364682143994,0.0677579124383545,0.0219282639975527,0.0228693636155328,0.924612267701665,0.139649107942999,0.0146127377712543,0.169562507920767,0.875463080489127,0.420745281975574,0.947861094932036,0.7691404058757,0.155945011119622,0.726428815948056,0.957085150200021,0.0299430777956584,0.0137613147969477,0.267233517643224,0.791321549325666,0.0911714364691484,0.297148456313369,0.437871304885343,0.0381163326316062,0.0274814148261099,0.474681767653789,0.223623030102094,0.124228139607657,0.0778051758748162,0.876653837024224,0.203651673167084,0.302122514597625,0.0182579077863968,0.704813590701669,0.0856151910178472,0.0185710201491354,0.952924559735794,0.275063273333546,0.968855638523427,0.185774430491683,0.121141232825923,0.102243816738384,0.536493621000399,0.84993507375482,0.269303899528237,0.0964121264966366,0.0155185984744833,0.304759357589127,0.189684256409125,0.0858744355960329,0.200789564810383,0.458911759019538,0.441415831091202,0.230686788272394,0.29384882983977,0.497512683269049,0.503035735190231,0.557458736104836,0.946276703059848,0.0591812830304547,0.435192859172062,0.679578572802243,0.185483090721448,0.207234247806814,0.201262000554371,0.619529638885292,0.165943946011625,0.731185873974475,0.511412336460314,0.178519655538982,0.194029694081473,0.4262719514405,0.805522556126814,0.596741747631702,0.551425897584408,0.206004058304405,0.0954736916506402,0.668801079162691,0.593270485398798,0.193013777382442,0.410461460574659,0.480760802419831,0.131873237732918,0.300048526183029,0.419511874037694,0.0266568417087833,0.437017579633591,0.0463494252921773,0.361618284807549,0.659233588451757,0.312251985192231,0.282249002658389,0.394575419278975,0.96291748307326,0.467173872869218,0.132370234325793,0.951020712336816,0.533590630783229,0.619865839031407,0.514600193996712,0.0755629276171356,0.363600495697302
GSM1225477,62,test,0.06942,0.46751,0.23091,0.68241,0.18724,0.17298,0.74808,0.33904,0.96921,0.83786,0.33634,0.4047,0.92205,0.15787,0.05463,0.91121,0.95271,0.18528,0.92577,0.85312,0.08175,0.02473,0.89066,0.1584,0.07726,0.11371,0.07662,0.21066,0.02431,0.29735,0.78425,0.35094,0.83739,0.52493,0.0133,0.12575,0.13857,0.12078,0.01704,0.34697,0.81248,0.80667,0.41375,0.7385,0.02507,0.61481,0.02059,0.24624,0.45469,0.17292,0.02026,0.04699,0.82765,0.0934,0.58056,0.09605,0.47925,0.79612,0.42562,0.78807,0.05753,0.08956,0.17086,0.24299,0.78171,0.05415,0.85839,0.02782,0.90219,0.09354,0.84919,0.7341,0.08283,0.29515,0.69265,0.21945,0.09777,0.86327,0.03697,0.70583,0.34388,0.09217,0.79047,0.11277,0.84452,0.0818,0.78788,0.051,0.22442,0.17187,0.93797,0.64309,0.02221,0.07709,0.0662,0.77052,0.30731,0.82249,0.16441,0.11007,0.073,0.92439,0.12398,0.01993,0.23308,0.88481,0.4079,0.8861,0.50089,0.23382,0.70698,0.78756,0.02701,0.0146,0.29588,0.6638,0.12563,0.29022,0.41196,0.09649,0.1081,0.3897,0.37836,0.2323,0.12375,0.64479,0.16466,0.38676,0.069,0.54255,0.1908,0.08232,0.87227,0.20668,0.90571,0.17991,0.21533,0.20852,0.69657,0.49016,0.55445,0.27786,0.20324,0.44726,0.48281,0.17412,0.36567,0.56268,0.38575,0.4727,0.22153,0.46423,0.32281,0.57503,0.54907,0.11984,0.41144,0.42803,0.26907,0.31592,0.43106,0.31541,0.16152,0.54224,0.53907,0.27358,0.18585,0.53486,0.52068,0.33889,0.51755,0.24853,0.12775,0.35919,0.58391,0.24925,0.4339,0.2996,0.20272,0.25149,0.49912,0.08196,0.17928,0.10189,0.30152,0.50332,0.27411,0.34352,0.36046,0.73319,0.42196,0.27747,0.6788,0.49531,0.3927,0.44241,0.20364,0.36686
GSM1870364,67.7,test,0.0564329099944782,0.4553387,0.203039594720704,0.815360943710732,0.2311695,0.2578543,0.8460912,0.4823837,0.979513597699772,0.8251628,0.3689768,0.5162694,0.9624745,0.171654848512754,0.0794431777271091,0.964055138719246,0.974142555702586,0.1923614,0.918797300061362,0.861686,0.07564285,0.0146695236525466,0.9373496,0.197638203996886,0.0589054978464657,0.1327027,0.06596421,0.21513972408914,0.0240910597856117,0.377305,0.87627964401461,0.312751981879955,0.8935229,0.547024952015355,0.0142287545930733,0.1531612,0.1227605,0.1607672,0.0086859411837697,0.4266755,0.924115,0.899619525621307,0.5206014,0.7647422,0.0346114873873393,0.6588231,0.007902445670686,0.2382614,0.503656,0.1897667,0.0210768884892086,0.0559579439252336,0.8566657,0.09476021,0.6293955,0.145163957012951,0.58948,0.8654071,0.6168874,0.895294774037567,0.06768061,0.09343467,0.1467491,0.2273101,0.8146918,0.0669082125603865,0.8766051,0.0300676016547271,0.858855375096674,0.08938285,0.8765562,0.771281,0.07925914,0.2597356,0.7253714,0.2049229,0.0707143967258975,0.909732251972003,0.0478268260894203,0.7422849,0.339835250233136,0.1832612,0.7896449,0.117089184752873,0.9166667,0.0405522,0.8339728,0.0669439227260531,0.23011062282164,0.1799473,0.9421343,0.6593356,0.0480247869868319,0.0750993558996848,0.0462356526814085,0.7184095,0.3613146,0.8428918,0.1957442,0.113545816733068,0.06335168,0.955489614243323,0.14560024657112,0.0150918635170604,0.2706617,0.921900347624566,0.4417772,0.953937130407719,0.581704010275439,0.176523783686019,0.697599497112325,0.8125308,0.0076754385964912,0.0095489936829734,0.296878177750661,0.6678443,0.1347774,0.452278870351384,0.477265649330427,0.1046478,0.08670113,0.448755326306347,0.260584434371685,0.2838093,0.1261936,0.749543,0.2030643,0.3486951,0.08782849,0.57684630738523,0.1718097,0.07969925,0.966295561994815,0.2704335,0.941238966982674,0.223133170839796,0.217431582197862,0.2009409,0.744182692307692,0.62431693989071,0.526480992476708,0.276721265963354,0.323342541436464,0.484306505348062,0.405883298505063,0.2279295,0.358880531273294,0.644324466684224,0.4282826,0.457896094959573,0.256504363428758,0.4649734,0.346745562130177,0.581108909352294,0.6852038248616,0.0962632006498781,0.359883329593897,0.441896024464832,0.295620437956204,0.3200861,0.4241983,0.413797795618451,0.1916422,0.6555503,0.6702376,0.314126937701082,0.2324162,0.665594855305466,0.6186302,0.38361153262519,0.5456711,0.242774566473988,0.121616517688531,0.474826033565289,0.582985160639677,0.2100193,0.3646907,0.299056296778392,0.197536154258168,0.263129689174705,0.530840540680512,0.0634446611409069,0.159629248197734,0.0810822978570142,0.312986664279961,0.5555556,0.4363354,0.411817907747965,0.398380535727991,0.718957,0.441318956086889,0.3306398,0.5909548,0.5078991,0.3733796,0.390324095819634,0.156404702970297,0.343941
GSM1344317,51.6,test,0.0721267620125527,0.36874878381008,0.126256006989952,0.676169320004936,0.254127840444662,0.171262954505533,0.705238649592549,0.304120423523409,0.960964317075118,0.752848040162193,0.265583482162303,0.407070166041778,0.88666191881168,0.142720897615708,0.0413223140495868,0.906447324692589,0.97629846378932,0.0948071216617211,0.861064891846922,0.807698338037002,0.0673358427436219,0,0.8818361519877,0.134310134310134,0.0776014109347443,0.105103806228374,0.0276490808548797,0.134273504273504,0.0065762433210028,0.265499145716378,0.775872422766398,0.256004844244096,0.78387358184765,0.618614106416829,0.0062479801788215,0.154471544715447,0.0721904120354777,0.155109313300587,0.0466983938132064,0.274113066842134,0.837256220578346,0.833096711908683,0.415582067968185,0.710924006908463,0.0253230357938512,0.507665120388778,0.0075494796980208,0.195058280718796,0.435430988894765,0.156156508476565,0.0085599194360523,0.0316943127962085,0.799620932926187,0.0552976791120081,0.516792704626335,0.134020618556701,0.414353466313293,0.747620101837503,0.471130713712911,0.812697106814754,0.0433453737149208,0.07308602204661,0.117414248021108,0.280521407376007,0.740286013254273,0.0682716049382716,0.819485689012447,0.0109273030808924,0.891323400525854,0.0839847142608998,0.851742344244984,0.7141458639256,0.0553188251407701,0.258517210944395,0.611849870170745,0.170138888888889,0.0490892803822036,0.828243073047859,0.0350944115964143,0.640947410678442,0.20548989706443,0.0714285714285714,0.723291173304629,0.0841984732824427,0.834827945776851,0.0871408384361752,0.739097314797181,0.0571090047393365,0.21031108514678,0.0801975540921919,0.886751202448623,0.556946420104315,0.020077519379845,0.0504282339043119,0.0764092703167696,0.697696285848613,0.308654124457308,0.755052238236864,0.141626431884881,0.0860434863408288,0.0478085007625489,0.882693420798765,0.120903773736079,0.0103036876355748,0.158340736691041,0.882890921258086,0.340905194582548,0.927365274299103,0.492166079122601,0.176088369070825,0.643732590529248,0.768875,0.0193645990922844,0.0064901617389512,0.329405637653799,0.667097691860089,0.10594315245478,0.308086996477255,0.316678912564291,0.0754315261196867,0.0868199106995204,0.353569152326323,0.294139194139194,0.200087950747581,0.121243906953785,0.709181494661922,0.222071307300509,0.390327234074861,0.0480974974416225,0.554513184584179,0.105813019019555,0.060294848434653,0.962007314099959,0.226793989608201,0.924131303424207,0.136096166778749,0.191683168316832,0.138059701492537,0.6039952216618,0.726939036067667,0.36779299847793,0.162025557886706,0.223342828547232,0.370463545306313,0.372714369207648,0.123734372771783,0.260193632470676,0.477772578380908,0.345212940789783,0.394710634059976,0.43061902783548,0.354170794531405,0.297515327525008,0.574686867581907,0.459281821096505,0.0782439519539841,0.437556973564266,0.45352323838081,0.277832512315271,0.26907555721115,0.32547830144657,0.351732013703845,0.211940836940837,0.551155345211581,0.513822252684487,0.22870836917783,0.204270906398566,0.542095602904796,0.545307443365696,0.350285330647868,0.504912516823688,0.25984990619137,0.0782112624217887,0.379854620976116,0.560467179183915,0.208068508730849,0.320379436964504,0.269374385849984,0.249566408032862,0.303598971722365,0.465039273063299,0.0392067817135937,0.1649701261341,0.0595653861078774,0.222795533307663,0.457775614504746,0.331224296108826,0.336561646037615,0.348013530543211,0.671872801463346,0.366746411483254,0.215431674886073,0.627254729432468,0.456580841196226,0.39398819108964,0.457237502509536,0.198815111179503,0.348666385694503
GSM1345722,43.6,test,0.116037670997457,0.398168398031711,0.205655296229803,0.673746972237749,0.239694007649809,0.267130750605327,0.663110443275733,0.287763876141249,0.964536364200981,0.810209068693999,0.291233172987284,0.431145536078271,0.890811053695799,0.154236499068901,0.0545515676220896,0.891223247594738,0.960808962176951,0.17902548816838,0.909184328837508,0.854000514535632,0.076059761240975,0.0179994098554146,0.873911337779521,0.163139476753874,0.0814887591747096,0.12342337741919,0.05306331709818,0.225476472488425,0.0057099762982115,0.24402333866887,0.843983851910201,0.360107716593927,0.832086282440175,0.628826207943334,0.0128684462220676,0.127847879425166,0.123854796888505,0.149334100624794,0,0.278519503967311,0.85784581738655,0.832105977701897,0.493889190657252,0.724372109361279,0.0580022845538774,0.555625901304914,0.0210708389024294,0.171781551490811,0.432552093911207,0.167465969093639,0.0081613342007215,0.037425673312347,0.814155031295137,0.0648835121213553,0.505243313302698,0.159509202453988,0.491438454886134,0.779370952821462,0.445010449320794,0.835051546391753,0.0461095100864553,0.0928559407606866,0.143642072213501,0.266639038541235,0.748381527837721,0.0894308943089431,0.838709677419355,0.0319954776710006,0.87521333199478,0.0839260312944523,0.856997455470738,0.731015678254942,0.0501519756838906,0.279466131963156,0.665890057301178,0.183661475168969,0.134951901053596,0.832280498406259,0.0708108507650233,0.65017825311943,0.274437846133316,0.0647601039943276,0.775158708252829,0.109514913354377,0.840313919867823,0.0694362600667845,0.749829862528923,0.0867532782904323,0.229738491463151,0.1032414910859,0.922328379334749,0.616326835461946,0.0488777137250092,0.0868645468367819,0.06768609795855,0.768599445747175,0.291726361031519,0.779112864658058,0.152517208800108,0.108044333214158,0.0408642304614564,0.893462739848282,0.156935711535994,0.0185228241494226,0.215178745848799,0.845099383139136,0.397284569751086,0.899647778533028,0.480845543345543,0.233329413148301,0.692722921016449,0.775888069705094,0.0272955562834371,0.0104091019123699,0.267589778228076,0.686922197984834,0.112012395187751,0.384330421320358,0.347845451508741,0.0886009760632117,0.0905674102812803,0.347029545695224,0.398053124056746,0.198853736817973,0.104196301564723,0.628158271094867,0.216605478678339,0.405159997495147,0.0522242365081579,0.552533048062963,0.147312978355691,0.0502438698469967,0.920262267343486,0.231507513330102,0.928352697469152,0.161142595454806,0.211406164006604,0.148328061455038,0.609661648676122,0.835212401852225,0.412151215121512,0.176324689966178,0.191663887962654,0.371749107598164,0.379798228346457,0.144175904052335,0.283648081534772,0.537583547557841,0.428103801861492,0.394134968335283,0.305471669140605,0.490544506031953,0.323511356660528,0.637004598204511,0.589501407683226,0.0691404770920106,0.471606536159198,0.4099560761347,0.251147435381271,0.296683540710602,0.353871272664776,0.328338547670015,0.2022722003246,0.567506368525333,0.539719438877756,0.237825885740731,0.196761285482056,0.518572380779252,0.553799596503026,0.346360061956392,0.540787661801157,0.286396826827729,0.0962018297754366,0.548101435663491,0.559720387494496,0.236145934605741,0.371013939278213,0.281372691580631,0.211126279863481,0.280163599182004,0.4680901262239,0.0384071775333374,0.187803472965188,0.066439147905543,0.351045296167247,0.513074688087506,0.352645342989338,0.358805797845049,0.384662327095199,0.702051926298157,0.396598108131563,0.248403378656778,0.696929028183469,0.539147000983284,0.457798784604997,0.54176982386645,0.154446387730391,0.349541650059785
GSM1344890,35.5,test,0.0789193614408514,0.421653255303584,0.227344296710987,0.690473795392818,0.272767378836579,0.180374531835206,0.712156166814552,0.288023552938562,0.972077343849383,0.821891852499636,0.281221233507211,0.461583179924426,0.909609443080092,0.173602311318364,0.0818069659295815,0.928114229443624,0.966683935758977,0.182507063960956,0.903543576412642,0.819839978302143,0.094151545829764,0,0.85376511900117,0.176355150100774,0.0934201507882111,0.110818244327298,0.041776798825257,0.263360798246277,0.0279151555115947,0.285845340240678,0.794522268986745,0.394804172407006,0.828936406553735,0.609544766882135,0.0240100340440781,0.12805186058259,0.105917589399165,0.125383263153591,0.0174244486795535,0.25168146354587,0.814576996733131,0.800008367850717,0.499502411390952,0.688257929104478,0.0373513339762134,0.559350566757697,0.0249350649350649,0.210577295621852,0.494419144566479,0.152930084850891,0.007011116725619,0.0436095675283885,0.819072716791567,0.0635013791889195,0.518654643360827,0.128902605325486,0.469960026251417,0.76926506177557,0.43048128342246,0.824153815341478,0.0387489794636689,0.0776586362159402,0.13668354929948,0.245716075343385,0.750293083235639,0.0642678868552413,0.833893961236585,0.0224482202654099,0.880539710399298,0.0577068522160036,0.824132231404959,0.751613808588268,0.0444282109177846,0.28731559155337,0.71174067376599,0.198778892280855,0.0907143622148442,0.847318845040941,0.0545468300801937,0.671422313997872,0.217921651419188,0.0784802242292121,0.766641452344932,0.100654022236756,0.842942345924453,0.0952380952380952,0.748475875283052,0.0826078418537671,0.250386398763524,0.144311089774364,0.886545293072824,0.620014662756598,0.042017958736034,0.0505642361111111,0.0691451783821971,0.758796344921752,0.354745596868885,0.785113399286628,0.173804897007384,0.0883994126284875,0.047809005741916,0.919007557393412,0.164050424209116,0.0179131213613972,0.279268721434431,0.808905974691655,0.528828270303782,0.896755162241888,0.518104534005038,0.208476203538609,0.670583775587566,0.763143280266568,0.0090711639197649,0.0164325470447919,0.314859961446876,0.647637486264455,0.108024548936367,0.33689033958948,0.40109322805952,0.095992305226034,0.0948647589180713,0.358328496807893,0.420537897310513,0.212461592706392,0.109734513274336,0.661217161217161,0.277783295262687,0.336162551440329,0.0587095211176613,0.700365877142307,0.204314295294512,0.0644663787785318,0.839607539375161,0.257067875462245,0.941101035082898,0.157673527412077,0.196472184531886,0.189594926879772,0.566846585011418,0.84318766066838,0.388469457789979,0.160930436050751,0.110602759622367,0.355666188507299,0.317631133671743,0.128624771589735,0.261707785492687,0.509105766985758,0.443060109289617,0.401272242757672,0.297359680234195,0.457372975751864,0.594644317252657,0.650140615077565,0.597745644996015,0.0715552471277662,0.4772403577736,0.548603793466807,0.265927002157355,0.302332735196104,0.364377400918205,0.538189465634261,0.232088434319955,0.589142536131965,0.520113366246114,0.239522282428398,0.184104001245524,0.464298010053019,0.609404558147915,0.337783851976451,0.544449755048393,0.29146265467818,0.0931122448979592,0.566605839416058,0.635339261785845,0.254434359613217,0.417000801924619,0.329587087830478,0.261867868713903,0.375663455867899,0.463200200954534,0.0377162629757785,0.300571428571429,0.0843422584400466,0.377777777777778,0.501721170395869,0.34004764998917,0.386294138474909,0.461151569130822,0.741227077201721,0.384424648728074,0.19683219660673,0.758727695888285,0.543460601137287,0.531590211221736,0.549235144899685,0.139912554653342,0.350729669614279
GSM2334192,17,test,0.08778968,0.498624,0.1645032,0.7444084,0.2758079,0.2863178,0.8304174,0.4258584,0.9598074,0.8693837,0.2944204,0.5639574,0.9606214,0.1527953,0.07333508,0.9390425,0.9243985,0.2219781,0.956967,0.9214367,0.08505964,0.02158273,0.9449762,0.1828288,0.08964906,0.1277832,0.05035345,0.2282254,0.04190243,0.3729682,0.8277508,0.3476975,0.9089027,0.5973938,0.02388154,0.1391744,0.08830339,0.1929593,0.01931761,0.3520362,0.8920927,0.8183159,0.5281545,0.7496745,0.02668067,0.6114629,0.02236796,0.2677229,0.4991494,0.1722765,0.02412783,0.06440021,0.9133915,0.06283281,0.591361,0.1221641,0.5923091,0.8280965,0.6068507,0.910046,0.04365293,0.1023776,0.1532105,0.3405413,0.8350387,0.07861019,0.9269568,0.02824772,0.9469299,0.07902841,0.9033553,0.7673281,0.06015494,0.3748486,0.7647847,0.2387278,0.1007715,0.9263583,0.05096574,0.7401457,0.3298856,0.06103868,0.8471217,0.0879289,0.9187633,0.04524288,0.8727271,0.06157258,0.2663756,0.1770839,0.960658,0.7050481,0.05853041,0.06121975,0.09342525,0.8210411,0.37684,0.8972247,0.1699645,0.09131741,0.06360406,0.9343803,0.1525828,0.0191064,0.2859651,0.9255109,0.4959336,0.9097472,0.5735296,0.1720436,0.6804052,0.8727219,0.03434598,0.0276854,0.3037056,0.7964034,0.1431566,0.3956889,0.4226825,0.1161145,0.1047732,0.4644651,0.3709755,0.2329176,0.1018614,0.7719434,0.2681151,0.4068274,0.04519064,0.5992391,0.2803039,0.07495184,0.8331156,0.2417793,0.9260232,0.2036773,0.1398674,0.1679421,0.4441205,0.9478747,0.3562199,0.1453309,0.08312058,0.3573218,0.2102394,0.1532472,0.2073713,0.4336733,0.5322476,0.3798624,0.3619019,0.7607068,0.5302864,0.6384429,0.8169354,0.05167802,0.506302,0.7398574,0.1976369,0.2847708,0.3483537,0.6450301,0.3063121,0.7187404,0.5029535,0.2357567,0.26683,0.3196539,0.7307301,0.5283809,0.6821925,0.3583018,0.09058305,0.854126,0.7137683,0.3404426,0.5878092,0.484839,0.3623873,0.5788911,0.3920506,0.04035668,0.416705,0.07662572,0.3898189,0.6903186,0.5140149,0.303552,0.448291,0.901946,0.5137883,0.2298128,0.8689555,0.6550946,0.6797769,0.607432,0.1277011,0.4597324
GSM2334413,16,test,0.06007364,0.4464553,0.2417426,0.7081257,0.3918925,0.2247628,0.8369584,0.4168496,0.9516517,0.7583552,0.3167299,0.5684471,0.938083,0.113174,0.09336339,0.9409386,0.9657972,0.1780239,0.9017506,0.837603,0.04120654,0.04041339,0.8441674,0.1779271,0.1257692,0.1612163,0.05993468,0.2218294,0.08382759,0.2962032,0.7495045,0.3222356,0.829271,0.5710585,0.041184,0.1956408,0.09276185,0.2338556,0.05435318,0.2822387,0.9232613,0.8163924,0.456983,0.7026296,0.04537018,0.6656525,0.04559656,0.2549731,0.5431059,0.2174999,0.01424501,0.06737982,0.8522198,0.07250036,0.58186,0.1546597,0.540168,0.8511127,0.6526673,0.8619731,0.02576154,0.1544463,0.1110229,0.3311445,0.8221087,0.07523759,0.8775424,0.08483278,0.9447964,0.1205226,0.9020207,0.7568922,0.1096088,0.4176009,0.7148197,0.2299644,0.1368903,0.886877,0.05876885,0.6731874,0.2536262,0.1810442,0.7475438,0.1358652,0.891335,0.1337883,0.8648974,0.05949174,0.1956147,0.2487892,0.9535488,0.6693485,0.05172125,0.05872603,0.05243215,0.7195031,0.3404742,0.8591598,0.2174671,0.1413314,0.106599,0.8929455,0.1279636,0.0224873,0.3425152,0.8923655,0.4231306,0.8471342,0.7193646,0.2331721,0.7664461,0.816849,0.08381215,0.05803728,0.2834442,0.6600435,0.1856465,0.3631049,0.4594699,0.2076388,0.1017899,0.5015396,0.3410119,0.2021955,0.163872,0.8780673,0.2778303,0.362863,0.125852,0.5545044,0.2663804,0.06534298,0.8356663,0.3249511,0.9215636,0.134581,0.1198947,0.2077913,0.3969307,0.9042836,0.3882162,0.1328573,0.04041152,0.3455152,0.1825623,0.1215065,0.1753263,0.3633076,0.4879878,0.3605465,0.2575298,0.6911843,0.5867447,0.6059285,0.7695356,0.1079939,0.4555665,0.758119,0.2950687,0.259315,0.2918025,0.6890919,0.3221828,0.7305418,0.4819467,0.2651338,0.3380821,0.3969159,0.7456252,0.5799685,0.685484,0.3265072,0.08942152,0.8276437,0.6950221,0.4256318,0.6291614,0.4632884,0.3804853,0.5860899,0.4440461,0.03274132,0.3734754,0.09835651,0.3859969,0.6510454,0.5055832,0.3186031,0.4543142,0.8738715,0.5825427,0.2777926,0.8489636,0.5447576,0.5549598,0.477118,0.1268154,0.4599684
GSM1344501,51.9,test,0.102427921092564,0.393053982634957,0.265970465856245,0.685209796848301,0.205672534806121,0.177229319111993,0.659052611870436,0.256937610706554,0.961605281445448,0.785776869158878,0.260824243326756,0.400333920786569,0.890956771846714,0.163371572695468,0.0400573452521504,0.923903312444047,0.965705854834647,0.198934074846484,0.902589719994742,0.80556974961676,0.0814646227993842,0,0.88234309623431,0.177682682915484,0.0807712656516372,0.132181599035757,0.0529606702932533,0.268047788510422,0.0103893138486129,0.244897959183673,0.842361371049676,0.351564858609238,0.80174081237911,0.597536750099325,0.0192825112107623,0.123533087980001,0.12378847134841,0.126521989629345,0,0.226997985224983,0.840574548907882,0.789721512175434,0.473256890534862,0.630027986610328,0.022099778403306,0.504063850040272,0.0174884624726743,0.196683957919232,0.392329359107921,0.186350480814116,0.0073365940417963,0.0362206468763846,0.812546676624347,0.0705545430877376,0.485477001703577,0.155560343500877,0.470023546458975,0.757715568302263,0.432388881428763,0.798296385279021,0.0427794108449559,0.0786421841024402,0.171263115647039,0.223848471803702,0.710706812369217,0.0801788375558867,0.829363802167149,0.0327156257149394,0.869791125428661,0.117639553429027,0.834195314876787,0.704095502629868,0.0651858395910898,0.240190564414742,0.628220176684994,0.185311203319502,0.102590969708516,0.835987453251297,0.0646718146718147,0.633413751507841,0.272145555469894,0.0933044017358958,0.688297926023111,0.119707512678382,0.863679124262379,0.0645746006570749,0.714973730297723,0.0951285930408472,0.269664200341491,0.161471640265713,0.955792058943921,0.545791646260407,0.0315685629727063,0.0686942517343905,0.087367374005305,0.714614379084967,0.263095238095238,0.779839085045548,0.150805716023107,0.133990213821302,0.0501557121783314,0.913555067461563,0.161683027641436,0.0268565095063518,0.253725229146398,0.802253358370649,0.415048204554981,0.886328450637132,0.517557375719731,0.235208886742333,0.653566162919278,0.721424726359232,0.0078870372726116,0.0037456445993031,0.374682219231344,0.643017897331476,0.117606779080716,0.347429620563036,0.391794758376645,0.099917032120422,0.111565357719204,0.33868775484987,0.364119543434695,0.219377744557601,0.121542258915652,0.69001113247647,0.227552111170497,0.364586498146685,0.0667563930013459,0.578085286642191,0.117301231802912,0.0739192014568018,0.905469802134052,0.174902891670263,0.918005916686655,0.172395241795684,0.208113604246372,0.201471489883507,0.650825151451849,0.738879115355617,0.423315716558058,0.253286653329523,0.25855726666251,0.390193187403123,0.374101231579697,0.170674777196209,0.292384441499727,0.541156267887808,0.399312977099237,0.402312919427679,0.294738673937003,0.389440223290433,0.348979591836735,0.608445120545798,0.447614898714877,0.0656079146055715,0.433427252562796,0.47921162422673,0.269132653061224,0.293278529980658,0.379481174563142,0.404789984577701,0.189080982711556,0.523888400020705,0.533480565371025,0.249327861893307,0.159504452187379,0.456032983315081,0.574944469124833,0.349955018635137,0.475624619134674,0.282203690560681,0.157656687486539,0.397325356325884,0.558986956776043,0.21500443918319,0.320076849183477,0.290940856071117,0.19074112232983,0.266976556184317,0.490840176879343,0.0534534183285572,0.167263931195126,0.0902701624962616,0.307366414235026,0.512241054613936,0.279089738085015,0.416424065987385,0.404833071584173,0.719874453536599,0.343522286363206,0.271134402625589,0.637663994169096,0.436409906275216,0.445600201325392,0.502185110035898,0.236593264248705,0.316119814257284
GSM1343199,40.6,test,0.112164841796707,0.455321010609209,0.205955334987593,0.651349862258953,0.231082743771147,0.193282149712092,0.732893839508979,0.331918389702862,0.946062094369409,0.794626501119479,0.336196197190091,0.439016534249517,0.910131174993023,0.10948587078302,0.0735607675906183,0.932862190812721,0.944136768601011,0.192188468691879,0.926960939980946,0.844412800719478,0.10109159943047,0,0.894267647973463,0.196994991652755,0.0778938906752412,0.126428075490753,0.058098884634593,0.212419503219871,0.0288570779368325,0.269181585677749,0.755307664627564,0.300163033633235,0.835076045627376,0.540880503144654,0.0220838602976943,0.150521343908743,0.123722789871168,0.123069819935361,0.0141995476250314,0.257166392092257,0.856273543900319,0.772449191206968,0.485820970834595,0.717889748414524,0.0277396738302088,0.521977585247596,0.0183433648609917,0.245941417759547,0.431546961325967,0.185423551922073,0.0195273149941883,0.0292532717474981,0.792271479011377,0.0678134962805526,0.558892207439587,0.141489097089794,0.470671156707651,0.774050999710229,0.473348283594963,0.833978896754374,0.0492755995743636,0.0915340909090909,0.17064663268044,0.261526048870447,0.758815612382234,0.0784538445509481,0.822527872031023,0.0518527886682686,0.875620623806493,0.0967989102673251,0.818249813014211,0.741445745992602,0.062992125984252,0.309018567639257,0.716225875625447,0.182858424949518,0.0635515205383785,0.86577575446068,0.0452596867271228,0.664157050379961,0.18731356378312,0.14792899408284,0.801108374384236,0.111404599129894,0.886349470184916,0.0954545454545455,0.752380952380952,0.136964390941998,0.238944630248978,0.133571588117043,0.916253833451286,0.614163506482053,0.0408825438027255,0.0909572589191099,0.0874638205499276,0.784299858557284,0.305802886091495,0.788982402448355,0.178443968593862,0.142457627118644,0.0637506760411033,0.892548704559148,0.133070651113799,0.0144086826347305,0.271113538608589,0.888410336726703,0.45670256544961,0.878583989601652,0.556020684560453,0.210938924339107,0.702573657854897,0.771580188679245,0.0240021574973031,0.0159260888693357,0.301092258020196,0.665613449385954,0.149146594353166,0.32631149768959,0.424443285916437,0.113419593345656,0.0996486296556571,0.388760448159346,0.339512466400964,0.251752021563342,0.1658480681074,0.696424106026507,0.166887000314762,0.418862076599513,0.0642533936651584,0.557214510673043,0.217666705055856,0.0818069742867207,0.84630215161564,0.179777020749458,0.905782652043868,0.192805986963869,0.198679899330453,0.196791997240428,0.559277068479523,0.716709075487701,0.397799687387279,0.208698733280184,0.132509911558402,0.401401735482025,0.317383769120639,0.16535889433794,0.259444494060909,0.467707212055974,0.470560278819243,0.384816753926702,0.267397302268547,0.501072661132357,0.455599734923791,0.599886081193041,0.56748889229355,0.113762073805003,0.414135151890887,0.6102724955891,0.225015770027935,0.30514390691978,0.402810595697053,0.469621446854372,0.243415850617359,0.629389788293898,0.576967370441459,0.27585326953748,0.220558546433378,0.441314230610277,0.615697674418605,0.454866984468707,0.614822829321071,0.306132188021952,0.0992464463092995,0.595218963439132,0.597024487471526,0.278278972935461,0.405995343422584,0.341778379043168,0.248891593497349,0.368888888888889,0.50102082482646,0.0459868364817506,0.267730258747821,0.0933157721435627,0.30004013914905,0.634532990574122,0.336748449716905,0.357865068002863,0.412523634745857,0.781800253556839,0.47767490917614,0.271158244957372,0.721029001334789,0.614902662788096,0.479285797642665,0.494234404536862,0.171284634760705,0.345211062590975
GSM1345235,35.1,test,0.10517723880597,0.440514015392219,0.203301260783013,0.696428571428571,0.224705221785514,0.241034247001057,0.687123555266157,0.271415598829583,0.97018039023193,0.762038073908175,0.28423593081508,0.367151441260995,0.893094549151482,0.134469527973588,0.0385830132309006,0.944349732099367,0.975154203340495,0.186280919690531,0.934454828660436,0.845944368799844,0.0731044538706257,0,0.867019079871149,0.183957270715042,0.0565560440884178,0.115961346217927,0.0460001256834035,0.245689655172414,0.0006827492034592,0.248682066519697,0.832523543878592,0.359144023651978,0.835246959711937,0.638676129576277,0.0001777619767131,0.0922047244094488,0.101085972850679,0.115207704470318,0.0049643584521384,0.27131683549173,0.847572491945339,0.791442552675213,0.481024,0.664679059978955,0.0100637762565093,0.559570803129261,0,0.167683200287021,0.465247053959066,0.158345803292069,0,0.0438228966142,0.788254310344828,0.0465561224489796,0.467532008205418,0.128594249201278,0.406363137685134,0.647528497137154,0.37300360638846,0.781919111816019,0.0477275192537152,0.0720468221910807,0.161386082091682,0.253915878190347,0.71845398199041,0.0565341208733256,0.807804784505489,0,0.877399210212141,0.04002849002849,0.80898134389962,0.748962792229174,0.0421183800623053,0.235909572149218,0.653447259870359,0.189569123273998,0.0760638560767064,0.855639189768068,0.0292880855772778,0.631941334527541,0.255841911488466,0.018470631695604,0.738192419825073,0.109679487179487,0.84295358649789,0.100149796704473,0.787308868501529,0.095450249763737,0.270273120320574,0.142234617395851,0.937870919881306,0.571590909090909,0.0308798908662491,0.051753771723216,0.0790799194089993,0.764584939604215,0.326173595670596,0.752482224072769,0.138406695598264,0.119025613942435,0.051276432562726,0.872146739130435,0.135838680109991,0.0122242647058824,0.273706783827606,0.914855947207468,0.418839021768342,0.928263624841572,0.575344495480812,0.17723018599692,0.672782305005821,0.6803254867771,0,0.0103361344537815,0.290666277457491,0.678043056830936,0.10676362434409,0.358164445255919,0.398163058388501,0.119806706346868,0.0989800649049606,0.375,0.407307067110457,0.19742744667216,0.0770296481019673,0.684126278345932,0.279776545628882,0.322044917257683,0.0498857329415606,0.661271255797036,0.151222795602423,0.0585350112939658,0.843010190749935,0.244748412310699,0.928081135276878,0.160627011562761,0.16031683452206,0.172711781888997,0.53730134629011,0.870460191647936,0.348503331143849,0.167925206760158,0.0701507254542893,0.333158319870759,0.297854613622162,0.136925826004695,0.234787770851885,0.485326218772738,0.411944869831547,0.366220735785953,0.293118903242816,0.41958369065253,0.406298172208765,0.639550202314858,0.5646281744676,0.0621765233593265,0.465413209783428,0.548121899362154,0.240621478022863,0.293735116321671,0.333821733821734,0.500592417061611,0.224900265957447,0.546322473003661,0.487771410121882,0.286114445778311,0.189826302729529,0.391615956727519,0.616061416371949,0.363335455124125,0.541521927920104,0.290010146665437,0.0985895921628569,0.501767264817836,0.586906077348066,0.254931016862545,0.440269209197981,0.29788209406803,0.237068965517241,0.20019550342131,0.49749944432096,0.023859649122807,0.218099395567495,0.031987977672821,0.292792792792793,0.544473316010394,0.398811962310528,0.354688672168042,0.449112130432808,0.851910828025478,0.405274384331976,0.251362096892947,0.705775846460257,0.516112022498242,0.511148086522463,0.580352334794984,0.16024875934418,0.323504782052977
GSM2334204,19,test,0.05119664,0.420224,0.2410378,0.7723818,0.2860246,0.158347,0.8236762,0.2952951,0.9603577,0.8438834,0.3223872,0.5900631,0.9484835,0.1414214,0.06323583,0.9507555,0.9585357,0.1943248,0.9562976,0.9103982,0.05931637,0.01668468,0.9451241,0.1441313,0.06572146,0.1110487,0.0499364,0.2273221,0.02701955,0.2559289,0.8305877,0.3254818,0.9095029,0.6046067,0.008099328,0.1442536,0.1120449,0.1999113,0.009332505,0.287087,0.9142825,0.8150015,0.5682774,0.7288232,0.01997423,0.6583498,0.02997564,0.2354538,0.4695069,0.1954232,0.02459834,0.06765209,0.9002634,0.06086274,0.6432977,0.1064681,0.5156097,0.8371328,0.6380406,0.8942872,0.04763522,0.09669641,0.1068378,0.3275482,0.8179549,0.059556,0.9287293,0.03177951,0.9463057,0.06181363,0.8992041,0.7898999,0.06142249,0.3744798,0.7446219,0.2235256,0.07266667,0.9194401,0.05959253,0.749713,0.244809,0.06912691,0.7860142,0.08085691,0.9225962,0.07120309,0.8789982,0.06343358,0.2664525,0.1793859,0.9537658,0.715328,0.05125033,0.05847313,0.06871727,0.8043354,0.413343,0.8590801,0.1507067,0.08406591,0.06510211,0.9351573,0.125962,0.01422517,0.2486417,0.9181484,0.4844647,0.893958,0.6026528,0.2267425,0.7332739,0.8497353,0.03306972,0.02384189,0.2802066,0.7981263,0.1598469,0.3215575,0.3731579,0.1205648,0.09010052,0.5446308,0.3406142,0.2232243,0.1102985,0.7468849,0.2755645,0.4590389,0.05966607,0.6506981,0.2852657,0.04137641,0.8651377,0.3262953,0.9011243,0.1420077,0.1448601,0.1334864,0.4491657,0.94061,0.3677816,0.1097894,0.04180188,0.3534665,0.1943433,0.1504281,0.1643914,0.3522263,0.554973,0.3582042,0.4142963,0.6828569,0.5127524,0.6372043,0.7265344,0.0749349,0.4317576,0.7583077,0.2205694,0.2723781,0.3757566,0.6157476,0.3136312,0.7212078,0.5157322,0.2582361,0.3253543,0.3273303,0.7762186,0.5234501,0.6816161,0.3174169,0.07238854,0.761687,0.7446782,0.3777481,0.573815,0.4721826,0.398157,0.5551457,0.4175656,0.04882738,0.3711497,0.04769266,0.3723972,0.6398044,0.5681053,0.308176,0.4021378,0.897799,0.5355464,0.2201682,0.8385908,0.6661816,0.6487532,0.4838428,0.1196988,0.4809635
GSM1344587,60.6,test,0.231063955201886,0.48921920940869,0.211584578491053,0.760154921594559,0.215770808705931,0.159639330184629,0.603468797823499,0.246079980551841,0.933109890893532,0.779984239558708,0.298003983557232,0.428935086974968,0.901589393065964,0.173468311715702,0.051461427886919,0.898338108882522,0.963325692852678,0.232642626480086,0.899684044233807,0.843353373413494,0.151922044042047,0.0256771016531833,0.872993311036789,0.295311185870479,0.212842105263158,0.206595845885524,0.0514087225009649,0.412609341475491,0.0266335628032953,0.28732332155477,0.832742017232641,0.489323762059348,0.839040348964013,0.571124781651097,0.0133465596537109,0.177196095829636,0.194196428571429,0.122479861142018,0.006754893851668,0.247191582371779,0.850673918183968,0.80329769419039,0.535370447886145,0.734738201455741,0.0738531819047015,0.555452529731909,0.0463067934071684,0.202900041135335,0.442036881810562,0.268242875294972,0.0167575475462163,0.0536054421768708,0.841379310344828,0.0912556448302152,0.430314679063115,0.245643384915656,0.538988515011082,0.777444393712087,0.48282770463652,0.866812227074236,0.0620253972305533,0.0918832428238945,0.267086448904631,0.245928712326253,0.729666646717338,0.172110307060434,0.862403582980841,0.0783989834815756,0.896257514058561,0.212830889670271,0.743643475831238,0.755389073432751,0.0523560209424084,0.23633815973844,0.684112028910687,0.255339255339255,0.151918604651163,0.894516150167071,0.126693002257336,0.602064621486061,0.228762444589783,0.0650663297536323,0.69685060001048,0.219970018901128,0.870981532147743,0.149696894717308,0.701564945226917,0.35202434177844,0.295230631437528,0.284855112083106,0.942709369405212,0.522934472934473,0.0655169817004292,0.13814825666569,0.0979496898690558,0.791300175915561,0.351908770992026,0.696727407958349,0.199918765231519,0.210815696316939,0.0472262870826127,0.902375809935205,0.263709119652208,0.0316494217894096,0.328974135425748,0.838690115221346,0.555537694904356,0.908214978414565,0.560404912047793,0.211086142322097,0.652725227528377,0.681143177360605,0.0094748240389821,0.0143145531290145,0.430581741672815,0.644775311315647,0.20727956254272,0.344801174443097,0.503255247946456,0.135476832242331,0.200835848618528,0.32602512443707,0.448617198126039,0.292546086027251,0.128595942263046,0.625817143909401,0.312324009761592,0.42719836400818,0.049760040414246,0.648235621005835,0.264913203577065,0.0729975227085054,0.832525672089535,0.301647177165849,0.927203782594448,0.245732087227414,0.273177132146204,0.391449814126394,0.699500028733981,0.724056338028169,0.475591034694504,0.308254590836156,0.210655737704918,0.462997184090109,0.34552936775159,0.184695563747299,0.271423149905123,0.587892219759711,0.456440804169769,0.463955119214586,0.342988630211153,0.529511369134011,0.483604623732012,0.606951516493248,0.450121654501217,0.0807381776239908,0.376004947433519,0.594714265947143,0.323264949803579,0.415478615071283,0.541932946612919,0.487388282025819,0.202498388935706,0.530072335474733,0.602221419541268,0.36047223923818,0.152102376599634,0.515322202105545,0.659479905437352,0.408724574645005,0.61201936770151,0.251854599406528,0.155215896064196,0.410145296966607,0.61134197017844,0.325794621026895,0.498375304630382,0.347707696582384,0.191255998171986,0.171570748593682,0.547003593369653,0.0618640318537089,0.209069311021589,0.0903834449178332,0.27538644470868,0.516682554814109,0.252269024901094,0.468451918321204,0.451557874667603,0.691830985915493,0.376092136616362,0.393087382848475,0.696810438564697,0.546700413605778,0.503408713002993,0.577032584625119,0.290430622009569,0.29521947203211
GSM1344380,38.5,test,0.104188799514342,0.419754816112084,0.111556624788381,0.72702431915475,0.220986876038741,0.228168110362528,0.743037974683544,0.260688519827628,0.972699757869249,0.800052103686336,0.275314995563443,0.393220966845712,0.886503496503496,0.170848048433702,0.0544045814384369,0.908222004996199,0.973833438345502,0.157107660574113,0.879827826896231,0.836389961389961,0.0764537511298584,0,0.852553975776725,0.165016027941247,0.129660508237177,0.121774277127163,0.0512117890634515,0.2564542658943,0.018278174345663,0.281176585747847,0.806295028358285,0.354585670634378,0.827089519236844,0.63732748919031,0.0030269906667787,0.173944424395525,0.11231732776618,0.143352421019828,0.0136746143057504,0.265680323722812,0.846611978874031,0.80719471144097,0.482410357215482,0.687210355297502,0.0314557855126999,0.5899703987463,0.0245459381411961,0.192853015689586,0.453281578009268,0.182166277892698,0.0043542185026012,0.0215090474564698,0.80894153611005,0.0494644708050213,0.529285928207761,0.143160093688675,0.483704877220776,0.700815332486235,0.450794047767913,0.820002022449186,0.0469308035714286,0.0728997917148808,0.15819307073862,0.271834800270819,0.763171622326552,0.045074483421432,0.833270124205935,0,0.880794701986755,0.0633084662240778,0.805963231886297,0.665645944072105,0.0461843536109512,0.266722623966942,0.677974228348816,0.194736384956137,0.0831264927644827,0.861131520940485,0.0568431157432803,0.63843432109686,0.273201537616694,0.056422569027611,0.773298565840939,0.117511261261261,0.84591779051926,0.0976628655300892,0.756541853404655,0.0899184258048446,0.229285156685625,0.148298530549111,0.902435038404968,0.61271375464684,0.0715239019655423,0.0787591009813232,0.0653227667923367,0.797145396559837,0.34520802871195,0.758561133940802,0.19376424737113,0.114263754563505,0.0610852377342142,0.89417242839001,0.159768947568871,0.0063829787234042,0.234832478116511,0.842091469007994,0.49013716525147,0.934146049958169,0.570414293516423,0.230316973415133,0.690227638537595,0.731466227347611,0.0138388184672636,0.0317914603960396,0.356597347644357,0.694977032154983,0.109153564505708,0.344384026194235,0.369215583812344,0.0851321853019646,0.111327677138271,0.329511034184336,0.422911547911548,0.213729422189059,0.116674900076346,0.658001693480102,0.21316433177674,0.415258855585831,0.060731492162584,0.640137812230835,0.18352298588985,0.0671786267423851,0.887505716172959,0.225991141838609,0.942663506714898,0.179933404536031,0.2176916536772,0.220932878270762,0.587002806542147,0.8206046141607,0.375141298471519,0.203238279362011,0.172856430707876,0.370659622525937,0.351152710597399,0.129681595390429,0.250725478816019,0.494294842537654,0.430260738759819,0.392530062913116,0.332570028757056,0.430811674168724,0.412577319587629,0.620511961121119,0.555608140085187,0.0765746638358103,0.427146457875261,0.551815883996275,0.256023177798109,0.295540082800151,0.367321316473859,0.481736417033774,0.231915167646933,0.563974842767296,0.491029641185647,0.25695759182128,0.199475418656265,0.443611371446423,0.534604860775793,0.3708528167446,0.562427317898298,0.29697652256779,0.0915103155776005,0.640309079201545,0.57370647575659,0.293309279991511,0.388344507478081,0.33997464227495,0.217503949447077,0.281565656565657,0.500930773705643,0.0345362103174603,0.269163914479402,0.0704436933311873,0.330410400203926,0.55860774611841,0.397727272727273,0.405164871632425,0.421092492663069,0.797044105667404,0.391278875125544,0.255603617774282,0.718528488111261,0.543875043875044,0.395079252424888,0.523865386025368,0.149241308662526,0.334527911784976
GSM1870178,44.4,test,0.0664358363990478,0.3570731,0.206381491133287,0.707806420233463,0.1955651,0.1315066,0.7811081,0.3534984,0.951504054407533,0.8327609,0.2888938,0.4024134,0.9610482,0.17897622652318,0.0881464887503653,0.937212620897416,0.951865611371346,0.194029,0.917415072237407,0.8341835,0.06822748,0.0249638205499276,0.9365295,0.118714997846021,0.0474228981833545,0.08962703,0.06045209,0.195105687804228,0.0194328324483109,0.259904,0.84302671983134,0.289864093785662,0.8222445,0.573039542992804,0.0141445126107703,0.1412567,0.09467399,0.1550091,0.010862365876275,0.228849,0.8391608,0.862960129218737,0.5531039,0.6278323,0.009730317099674,0.6027187,0.0031221443801401,0.210885,0.4886738,0.1222268,0.0429928508471256,0.0456426332288401,0.8432599,0.07097703,0.5806533,0.10326357383287,0.4330159,0.8375214,0.3946633,0.841269841269841,0.02535007,0.0674819,0.1141839,0.255379,0.7972194,0.0419727177334732,0.8360093,0.0236061151079137,0.870941689549346,0.06866362,0.8071998,0.6990883,0.0625102,0.2632203,0.7144405,0.2109869,0.0923026744944553,0.857638512414616,0.0393428175752235,0.6942257,0.192804508019072,0.02357724,0.7305367,0.0505202381668371,0.9243518,0.0596401,0.7295918,0.0430170202844486,0.242616952696228,0.1585539,0.9171123,0.6279035,0.0567572452852925,0.0547415992419273,0.0566450338600451,0.7210629,0.3177883,0.8133304,0.09805456,0.0603747986093445,0.05550614,0.920923722883135,0.127438831090233,0.0211391661773341,0.268466,0.856316916488223,0.4564889,0.912266347787778,0.558623162423808,0.249177760375881,0.708528820375335,0.8355404,0.0144739684597105,0.014715232991189,0.330865350928413,0.7114516,0.1180348,0.299940945938691,0.379956290977209,0.1084998,0.08481192,0.367678193366267,0.224815134927494,0.2123635,0.1108267,0.6986168,0.2125405,0.3320956,0.1138762,0.495697602950215,0.1438499,0.05180504,0.935327443825619,0.2252783,0.927460772854461,0.130522456461962,0.169577304155678,0.1554878,0.570578495291317,0.695017793594306,0.381911927184721,0.168651136036813,0.236757157220723,0.358861996898807,0.307826665557681,0.1304035,0.258426966292135,0.568995889606577,0.4104254,0.352270016697146,0.191478803346094,0.3783574,0.369592476489028,0.62778603268945,0.670810313075506,0.0834334534775063,0.410071412795406,0.429857170808061,0.232374768089054,0.2480909,0.3151498,0.40531190715322,0.1729389,0.6201392,0.5164786,0.219694453669877,0.1701742,0.521796835119959,0.5766304,0.296626054358013,0.5694438,0.312161115414407,0.0993864203357832,0.773044344793224,0.578137280586848,0.2752674,0.412345,0.309387903813456,0.226396485250605,0.362555066079295,0.423992201387694,0.0355590162870677,0.204987596291944,0.0612292266270541,0.26815372211771,0.5026738,0.3422131,0.341706275194032,0.388852973771703,0.8602564,0.429549114331723,0.2486578,0.7101233,0.4635697,0.477384,0.454010425424584,0.120526116099659,0.3545485
GSM1343908,46.6,test,0.101509630400833,0.434962787550744,0.1357,0.617823479005998,0.202125202125202,0.285429289197576,0.663323157435674,0.385620528587477,0.991204233409611,0.782060518731988,0.362503598305712,0.403121470376835,0.900141143260409,0.135166213673427,0.0516401124648547,0.904655493482309,0.960582498089802,0.218954694323144,0.887391573729864,0.848359506449804,0.0795794512351483,0.0001892863903085,0.87737267430934,0.204891838741396,0.0811954957243248,0.1538711248174,0.0510760836617157,0.209886613916306,0.0247783311065225,0.435404365960674,0.835138705416116,0.355752212389381,0.826148673888681,0.642330156778358,0.0165329208160108,0.143040347242774,0.109742807323452,0.14720741599073,0.0099628252788104,0.369359497957964,0.825741992359683,0.809000424548328,0.501118939079983,0.627462904402822,0.0419671680747304,0.603404817982728,0.0121432370147137,0.193366348036393,0.445219852618223,0.201421927620677,0.0107367380094653,0.0294412427962917,0.831947232578147,0.0753859561752988,0.537977407208176,0.148713763892127,0.546437944056839,0.788546838795101,0.527470598560646,0.833333333333333,0.0486980290605668,0.0815113454282318,0.17117903930131,0.279870663108191,0.747786752827141,0.085487906588824,0.81968524939984,0.0491843194545897,0.879478414989239,0.107186042494386,0.774847161572052,0.800310033821871,0.0533802816901408,0.268599428338097,0.679710793082886,0.239658393381372,0.0955192160103902,0.865254526819269,0.0543994756677044,0.655581459133297,0.34094942324756,0.11317254174397,0.713927941260174,0.11977567098411,0.830359645025689,0.09059955588453,0.711451444483119,0.139997129735936,0.186170924167447,0.163471355643789,0.924805135259055,0.578520770010132,0.0340267574046864,0.0817897522251624,0.0713017000761228,0.790447455311397,0.291480796431291,0.775904845300642,0.186601059803179,0.142310694769711,0.0421757981868348,0.890646258503401,0.153268190135088,0.0010213556174559,0.272974372249547,0.846684553468762,0.434383092473478,0.920313031643416,0.514941690962099,0.163292311763927,0.697124304267161,0.77032877032877,0.0240473061760841,0.0192239231043076,0.329747370965792,0.702024338871987,0.146824801080919,0.431020039951028,0.402520385470719,0.104400029284721,0.106617647058824,0.377278645833333,0.387693798449612,0.254897545597838,0.140439534610413,0.737010757610437,0.229500268672757,0.372194777699365,0.0483118971061093,0.556374807987711,0.152202354993458,0.0699646061404231,0.911740269700262,0.202556782921683,0.927991062360349,0.178371249587867,0.220243266724587,0.208660229330115,0.605625406460004,0.729016120066704,0.436573311367381,0.176612359008966,0.237771365759824,0.413234301147873,0.408248479964838,0.178092113672191,0.288564850345357,0.552643538857749,0.418351546254922,0.442709657732798,0.335100193923723,0.451289949942241,0.42828965905889,0.584680891780691,0.61518911645986,0.0939638001212436,0.407753292125773,0.486839501286365,0.27641855650701,0.325166382001296,0.418526031102096,0.437835316071845,0.248176001795937,0.588004993191103,0.524015167474194,0.280178657653308,0.15716694772344,0.508899571261531,0.610299686249053,0.423529411764706,0.513715710723192,0.258809110407517,0.124447041148485,0.56696195935383,0.582778400474715,0.257775469125381,0.434104750304507,0.367233727810651,0.247402952433024,0.207866703086588,0.527139269847402,0.0667726550079491,0.217058755359833,0.107793859383516,0.225003319612269,0.534452951346011,0.311236327477627,0.444428458384289,0.43032657775911,0.769361046959199,0.354470306721775,0.274458772033598,0.63463098134631,0.543410611482807,0.470571208027789,0.521898417985012,0.209305536379953,0.321117727897389
GSM1225486,51,test,0.11259,0.45022,0.14755,0.71628,0.22,0.15787,0.70804,0.24238,0.95613,0.82038,0.30346,0.41169,0.91722,0.16812,0.03998,0.9137,0.94255,0.19712,0.90272,0.83744,0.08637,0.04817,0.89403,0.17437,0.09963,0.12642,0.06348,0.17917,0.03674,0.29344,0.79374,0.32952,0.84091,0.5051,0.03023,0.14609,0.13548,0.12609,0.03303,0.22179,0.83558,0.80942,0.4657,0.71035,0.04807,0.50304,0.03057,0.19569,0.42812,0.18639,0.01732,0.04742,0.8156,0.07909,0.51699,0.13124,0.45585,0.77125,0.50496,0.80154,0.06805,0.09821,0.18358,0.24922,0.79292,0.05411,0.839,0.02906,0.85715,0.08623,0.86048,0.68562,0.07372,0.29924,0.69134,0.20973,0.0834,0.83404,0.07742,0.64881,0.18047,0.1244,0.77494,0.11694,0.82257,0.07659,0.74599,0.07217,0.24562,0.12988,0.94434,0.62345,0.02667,0.07343,0.07171,0.74561,0.31439,0.81973,0.15675,0.12015,0.07295,0.91272,0.1651,0.02315,0.23373,0.87898,0.42724,0.90749,0.46875,0.24535,0.67825,0.77959,0.02706,0.02333,0.29458,0.67448,0.13518,0.29699,0.37867,0.11181,0.10312,0.30654,0.32022,0.24864,0.13925,0.46986,0.26312,0.35783,0.08506,0.50609,0.20023,0.08641,0.87637,0.26798,0.89568,0.18299,0.22772,0.21867,0.59165,0.52472,0.39586,0.18916,0.12357,0.41728,0.31464,0.16174,0.32663,0.54232,0.36551,0.41491,0.24464,0.37675,0.31233,0.52941,0.53169,0.10545,0.41985,0.50729,0.24163,0.31531,0.39659,0.36616,0.20933,0.57177,0.53502,0.26108,0.15362,0.5842,0.55457,0.35059,0.50632,0.26368,0.13031,0.60748,0.56381,0.22535,0.3436,0.31897,0.2046,0.31497,0.46892,0.05153,0.17994,0.05971,0.28017,0.50018,0.31474,0.40306,0.36585,0.73305,0.36697,0.3013,0.55621,0.50199,0.41959,0.45582,0.17252,0.33256
GSM1466183,44,test,0.02630346,0.3937341,0.05895439,0.7121023,0.2364096,0.1276158,0.6499283,0.233545,0.9765281,0.8098993,0.2285634,0.4464221,0.90582560296846,0.09764191,0.04502355,0.9158685,0.9830236,0.1394093,0.9175246,0.8693784,0.07468055,0.031195079086116,0.9226204,0.1660104,0.0494393,0.1052933,0.0514677849790316,0.1337602,0.02776112,0.2059716,0.8356318,0.278356,0.8597905,0.581564,0.01698623,0.1128569,0.113439007580979,0.0989617,0.01895442,0.2189217,0.8505332,0.9480407,0.515205,0.6297573,0.008070774483936,0.5335718,0.02778226,0.1609639,0.4197498,0.2042688,0.01706281,0.03519126,0.801865,0.08707785,0.605878,0.0851918643139224,0.4570798,0.8336197,0.401160381268131,0.7599547,0.05028245,0.08579176,0.1205959,0.2337233,0.7653156,0.04002255,0.8487112,0.01932163,0.8729267,0.08464963,0.8160371,0.7154538,0.04789978,0.312390629410104,0.7221352,0.1848552,0.07183585,0.873057119484144,0.02378285,0.712272,0.2000691,0.2624633,0.793917,0.09012558,0.8715728,0.09288747,0.772714,0.04213645,0.1239337,0.1147246,0.866483,0.6902707,0.02162471,0.05764987,0.03090075,0.7582418,0.3358401,0.8074782,0.1141354,0.0893721,0.05305102,0.871963361210673,0.07998388,0.01433893,0.226926,0.8351192,0.4425005,0.9555377,0.5850423,0.2159715,0.7349077,0.7995463,0.03225806,0.01334915,0.2778916,0.6557793,0.1370401,0.2717566,0.3970256,0.08366084,0.1009211,0.3466889,0.3808801,0.1843174,0.0883594,0.7135799,0.2221451,0.3524667,0.05228511,0.5207095,0.1864773,0.07947288,0.8938331,0.2397639,0.948093,0.1512853,0.1931007,0.1947158,0.5706431,0.8515611,0.3471232,0.1121823,0.09209251,0.3864139,0.2993425,0.1424566,0.2645145,0.5867381,0.4227765,0.3675588,0.1606588,0.5061131,0.463816896667789,0.5758334,0.5580927,0.0919552,0.3731139,0.4533129,0.2699972,0.2774396,0.3254682,0.487926468297243,0.2304096,0.6170581,0.5105944,0.2779048,0.195261,0.5398173,0.6348733,0.3876859,0.6275104,0.2809991,0.0822238032320358,0.6781874,0.5760174,0.2640317,0.4036106,0.2939516,0.230671,0.2687844,0.4960408,0.02096205,0.2648763,0.09304568,0.3053967,0.5641461,0.2565598,0.3767999,0.4042612,0.7776938,0.4334733,0.254611021374103,0.6633529,0.507104605498036,0.481996726677578,0.4025386,0.1171129,0.3651797
GSM1345204,43.9,test,0.102189781021898,0.451676261429055,0.232213269329676,0.733568451426739,0.262127616747182,0.162787665427994,0.764350453172205,0.272432782636864,0.965100250626566,0.808125,0.262391763823549,0.451741041244084,0.918252378567852,0.134010152284264,0.0310032416258,0.933475523055048,0.972576983113382,0.249886928991407,0.902543214782436,0.869067103109656,0.0865026595744681,0,0.882679375856891,0.199857117342383,0.0828001968503937,0.133859011284763,0.0510124101894187,0.202838827838828,0.0030093821915383,0.236006117544243,0.849443305821747,0.342467277244243,0.849232225494321,0.613255203071328,0.0012821377960726,0.130730423338451,0.126632441682428,0.165403396253917,0.0056925996204933,0.228451846361774,0.878384709078984,0.785748925026672,0.542858831875148,0.655588168886882,0.0155290718671,0.552646255907476,0.0118068203228035,0.218686342854556,0.476866238519439,0.192831235331769,0,0.0507856341189675,0.865460267505901,0.0766063814144979,0.567424466824645,0.11345678267688,0.42109919274577,0.820133010882709,0.539895165987187,0.840802178757118,0.055193765346429,0.0887889044827871,0.180795692491774,0.311272979535206,0.777640986789147,0.0444175857380269,0.870674857710724,0.0297384763404181,0.930236844530458,0.0904877205119336,0.85241153507115,0.786074256916589,0.0580145036259065,0.32128131937837,0.688132147395172,0.22569198012775,0.0643490387488794,0.874554669075217,0.0357583230579531,0.70706633481225,0.142240086387906,0.105551497443389,0.753165584415584,0.119369369369369,0.896881776714275,0.117743063651201,0.830249509391646,0.0953849950641658,0.228425050790566,0.172343197468826,0.938787436084733,0.653285656456619,0.0149566257852229,0.0874622736418511,0.0626278298892729,0.761704807894184,0.355352449692072,0.813238770685579,0.17296209761163,0.112795594428247,0.0749769786264722,0.917136182492786,0.104140208280417,0.0127705765915331,0.299582994304312,0.901426551857088,0.498357003620161,0.895975292906515,0.543707417405836,0.19910701827822,0.713258591274677,0.8140085186938,0.0082380306260903,0.0052521008403361,0.314567398430516,0.717229810687755,0.136813579735782,0.296501203831771,0.414402441425477,0.135899492114408,0.106511012155494,0.323248407643312,0.411023947151115,0.242819606777204,0.135872203344954,0.686259476957151,0.306404061911391,0.401919385796545,0.0740196405905538,0.588578252318067,0.252894954507858,0.0711221343343612,0.892938496583144,0.287857571514303,0.928667351291571,0.181754385964912,0.167735899492114,0.223257981822419,0.621822788819384,0.785430024320142,0.409878535632379,0.193565865221808,0.150802362657467,0.417236051502146,0.298293309167799,0.156845783882911,0.234023452841834,0.480718436344427,0.461906400550585,0.446256289962544,0.284147395720769,0.481774844151082,0.373541963015647,0.590194690265487,0.613393469948034,0.0920135293711603,0.421836439451962,0.554845725159712,0.205034631712222,0.301616397267122,0.391056910569106,0.503566097196882,0.24525686220145,0.596457012839265,0.499426687688118,0.284255360340739,0.229422282508169,0.331703250903029,0.626130732321246,0.433743169398907,0.601107399441724,0.25637526039796,0.127428978050249,0.51839245974604,0.620101805608913,0.308971348050728,0.475895450145208,0.311964510938112,0.262889088273863,0.331297388374052,0.503998792817263,0.0258851532282059,0.202446374756249,0.0566704125862899,0.363024379112311,0.588918537121331,0.436731107205624,0.355081775700935,0.446987777536704,0.806042296072508,0.453926206244087,0.249401042890027,0.745132743362832,0.579085708395609,0.485255665310866,0.454860903380197,0.159213066847571,0.414445203918888
GSM1343839,57.7,test,0.114095877688076,0.457898148815098,0.152709359605911,0.706010411736867,0.206491579015293,0.191616766467066,0.690794864791041,0.264436730829915,0.965445848504319,0.831261770244821,0.264504504504505,0.450297755382501,0.925361407919547,0.121842095113202,0.0598241901351131,0.917141307295904,0.972110834146165,0.186536291839037,0.919844020797227,0.836163074420496,0.0947243978129156,0,0.898020546229015,0.199414798651061,0.1084601339014,0.129048218783735,0.0495843748183456,0.197198122599915,0.0163612565445026,0.234818017293384,0.855915324645763,0.344134501938311,0.862694467755471,0.607843137254902,0.0123002135965235,0.155438881904903,0.128270689508225,0.134603174603175,0.0328290955906019,0.259876401922637,0.850746268656716,0.81816807167429,0.512114537444934,0.765394430267392,0.0232894224890223,0.596928982725528,0.012970969734404,0.248182490966871,0.434001687628079,0.233537454911501,0.0146312810380734,0.0259446103160712,0.849655172413793,0.0703732503888025,0.527201502977975,0.142202608500112,0.39737938530282,0.814938076272574,0.420784666067685,0.819200351493849,0.0465383353385103,0.0795910639909125,0.155579399141631,0.25363939406726,0.750585926854527,0.0680572597137014,0.837191497027563,0.0443765903307888,0.886002326483133,0.0773070607553366,0.804636380631894,0.721134106419575,0.0709036392498089,0.282349662044457,0.726208364638117,0.223988298391029,0.0638612915552159,0.879964792606447,0.0568261007285398,0.65801242957542,0.181709293313605,0.134944237918216,0.771043771043771,0.137415247657989,0.886080105055811,0.0963606895535583,0.743233984241178,0.0944872624580808,0.198680420035313,0.129575276243094,0.921409859490355,0.59628600672613,0.0320258049651518,0.0905277237354086,0.060752688172043,0.76503164556962,0.295633533715457,0.781052290055697,0.170584382504912,0.110388806339772,0.0559874052937125,0.873419799704482,0.166210727016497,0.0182092094059082,0.255868790609935,0.841904761904762,0.466578773895847,0.929474262685474,0.575791953922681,0.256536618754278,0.727612733222831,0.79052102278806,0.022163222901997,0.0302787246841789,0.371865856403331,0.701424335229206,0.152886870416558,0.365302882892109,0.417125035440885,0.106463024313549,0.113578356304237,0.34344881479552,0.439751069622715,0.236039122008383,0.117505559842055,0.660434316876035,0.24923593474237,0.404775263387569,0.0626635449662581,0.645256166982922,0.250401482396541,0.0923705192195501,0.89240112114606,0.21374865735768,0.933004062773839,0.195185257283758,0.221004444147425,0.249358269160249,0.65373260227752,0.732152816508645,0.448806204252353,0.24824990590892,0.260825488776249,0.419343105517768,0.428801328972642,0.180225744772713,0.267651888341544,0.609153461217681,0.418772965148647,0.417010636608986,0.226599186058646,0.473047127178825,0.460544217687075,0.612951232542166,0.570488446914302,0.111758331075589,0.401382764440089,0.566181953765846,0.252775626129615,0.331004366812227,0.402593941547482,0.471285699556655,0.221753571993462,0.557802652619697,0.537017635760433,0.30367430546665,0.188028946400098,0.575334339948231,0.609053497942387,0.422591966722995,0.599085913829405,0.259945551945201,0.100207494202368,0.45027733755943,0.570443864229765,0.254116081822717,0.406723484848485,0.36081443439531,0.219839364080484,0.255849056603774,0.543843038241018,0.0450480661748267,0.228044854002443,0.081562293378672,0.316953667586338,0.564525191983517,0.356236459300526,0.38843887001713,0.414992115796709,0.783044932383307,0.369917923267799,0.280106873937333,0.686039232053422,0.556070547161861,0.509008565521315,0.502057067020571,0.204455179817499,0.33097553787209
GSM1572576,41.5,test,0.055513595,0.462939481,0.182642487,0.810050715,0.280249973,0.195621916,0.780521901,0.380545381,0.959358984,0.901496259,0.291991079,0.489811464,0.943211088,0.125316456,0.085181452,0.930008453,0.976602674,0.159541648,0.943776151,0.884743233,0.094463925,0.017210788,0.897443989,0.099949942,0.036875303,0.098108124,0.072647449,0.129516927,0.01438682,0.329385804,0.87543449,0.144243012,0.908419048,0.531572024,0.008340284,0.116112582,0.171983148,0.145518288,0.007394519,0.309320898,0.894335789,0.915622108,0.56671402,0.742493928,0.028695252,0.70774692,0.01231492,0.187800746,0.49258007,0.122568438,0.032753924,0.042816128,0.875826917,0.075231016,0.636373817,0.072872889,0.57465035,0.61384512,0.673899566,0.901513623,0.068805924,0.097936169,0.13195803,0.267508091,0.846077704,0.027380851,0.905368166,0.023881531,0.908130729,0.07717353,0.8901649,0.781069642,0.079110112,0.389368216,0.622012823,0.215086646,0.034838537,0.919849057,0.024108257,0.765221299,0.16479125,0.212403101,0.868737529,0.064448562,0.917015282,0.103815114,0.843941785,0.057313866,0.207931002,0.116865708,0.933926302,0.73748463,0.063034669,0.085855977,0.052281963,0.82661987,0.324266,0.889481707,0.146233383,0.079541009,0.07690583,0.938829787,0.123762991,0.004490469,0.147881074,0.909269112,0.348052512,0.942552747,0.687258089,0.263436642,0.793313688,0.738912856,0.03410819,0.013686354,0.257227364,0.773256478,0.119390628,0.277631653,0.370550705,0.07222602,0.080202812,0.471775015,0.238145003,0.236587606,0.113529606,0.757158795,0.267201397,0.396482814,0.109482257,0.628246233,0.154768295,0.130142204,0.964599548,0.273257226,0.946059402,0.15718604,0.123164596,0.14075024,0.551895217,0.614072495,0.507346104,0.129476082,0.195074119,0.423943105,0.382583988,0.175956496,0.202675196,0.53964447,0.50997813,0.439511956,0.274796599,0.54516129,0.367183827,0.58153297,0.689437862,0.120056622,0.452809917,0.497380952,0.204328073,0.236892278,0.33428165,0.380355107,0.246102598,0.727157171,0.543313891,0.258710156,0.285072447,0.456205173,0.645032298,0.467381027,0.621538839,0.271652174,0.094219453,0.670739157,0.668362946,0.320262991,0.282736156,0.370628198,0.269216533,0.530737705,0.406569209,0.03670611,0.136373414,0.085068992,0.331434153,0.610378188,0.473564955,0.306590975,0.247652281,0.823085847,0.599936749,0.228952971,0.778322822,0.672836044,0.492280152,0.45386402,0.064445185,0.484928609
GSM1886625,15,test,0.0372609930123736,0.392738113671923,0.236943940821056,0.877851680888342,0.234368852924502,0.227654516622983,0.840579747872181,0.34766216879511,0.984003320579431,0.923443795292186,0.245962849286265,0.570673260612125,0.994548987579049,0.0772460463002383,0.0413433250584588,0.986224242043053,0.986714050673694,0.131895402696817,0.97113403720936,0.939306010869511,0.0233590891667161,0.0335888869183677,0.986065962013863,0.128913990613927,0.0397505386392508,0.0608740740307904,0.0148533031763634,0.375692081795498,0.0206313118089208,0.278557728979916,0.919544131111331,0.437770088673487,0.951528636075695,0.785157316112979,0.0173337249501934,0.0699148185989982,0.0473325429926609,0.149925379241136,0.0212908453200846,0.272922672978695,0.968058063708354,0.903524515964014,0.517446958843664,0.779111570384933,0.0158090561902112,0.563523086552994,0.0160607979715954,0.125224879123949,0.418160613147294,0.10142255798188,0.0144664531043766,0.030181713598674,0.979880214536878,0.0228623424832596,0.571929286776883,0.089922425381237,0.506071657225405,0.873591815245883,0.62957220532383,0.974617252774812,0.0150284884090357,0.0398306538685026,0.0513719675553044,0.235417994981145,0.827364424737838,0.0264985728520303,0.931008420305673,0.021020984292309,0.984506038073015,0.0223622263932892,0.967244938368199,0.807296126452716,0.0244088290591806,0.291746463226863,0.804467461681844,0.135129255041903,0.123734617123885,0.960532004065751,0.0216437114906949,0.767125917002285,0.235850151999857,0.308951790541442,0.863116554446988,0.0639457775539175,0.969640129084606,0.0851810883242724,0.916313545492247,0.0296251240307904,0.238220713392985,0.172223379834875,0.976021316885141,0.734794418711111,0.0247439107847369,0.0229550741284602,0.0292206015928832,0.798204693433985,0.305329521120298,0.904533940624808,0.0399837050522929,0.0306672967759378,0.0139859969737215,0.966650170427446,0.093473788818321,0.0135514638419031,0.207888961355265,0.957826858636516,0.581845271942104,0.921287757234675,0.608915377736498,0.147827625317607,0.730013066220175,0.912656381049692,0.0332332583231594,0.0204073557100934,0.300252527366531,0.806921708309569,0.0704989236016993,0.389307076943094,0.418549585480482,0.0507994292176569,0.0404517291633621,0.405387284478256,0.306533491781109,0.127551329335239,0.0398801005398967,0.919126612208842,0.28004664156126,0.420929517240751,0.02985694878754,0.730036841018373,0.167872091723012,0.0216042740284953,0.955393921334331,0.322320781093712,0.980330798170978,0.0867046531236131,0.0806112632214912,0.0943692420893118,0.407289431845016,0.947913265574824,0.27619311081621,0.0656822182166961,0.0257594467689147,0.301944742484417,0.220940237921172,0.0501118338890076,0.157782248741367,0.459859243767431,0.420476728062344,0.347367281357165,0.393128109009928,0.700224436174733,0.689590915898091,0.647610472549343,0.795927887609849,0.0243954094925512,0.422544294206584,0.744110671062239,0.203947116643694,0.222097856785904,0.247579885892835,0.65925239973986,0.252152786206595,0.695222575763983,0.359796313725058,0.189161054682328,0.224419177346123,0.361152121104896,0.871391502493712,0.570128422164233,0.68387720158218,0.293769518900743,0.0329202348439532,0.773379302781598,0.753662711830299,0.295856010802109,0.640149249120461,0.46227836802461,0.314359588921226,0.477981225604244,0.476778790451046,0.023294264553098,0.327541724627665,0.0184308335612171,0.435714165329834,0.704461865699619,0.546187252831079,0.335495535522809,0.431821798095156,0.957814652951221,0.557554166046392,0.145510069271896,0.907303982957434,0.691863260022559,0.568621395614696,0.601929189137433,0.0668944370221534,0.413699868377139
GSM1344918,71,test,0.105001553277415,0.541827702281511,0.279383141188801,0.782368775235532,0.266106729488887,0.315535475921553,0.759440190124109,0.348121645796064,0.948319383552544,0.864227642276423,0.367335308867107,0.527088036117382,0.919664031620553,0.111731843575419,0.0452612393681653,0.942344539278871,0.97297853370825,0.22352694485217,0.933355772467183,0.897098437620257,0.130397236614853,0,0.896105220228385,0.245904285368413,0.0846128716105848,0.171981273739069,0.0751078406495813,0.178792134831461,0.0062439295129735,0.380116959064327,0.847525747299673,0.315147959848781,0.848148461994746,0.55122355868934,0.0122599544320278,0.195552937711677,0.158784752077959,0.158227463376087,0.0252449759176217,0.363828626006276,0.909662105557107,0.819350548598027,0.589656590581945,0.813135195149031,0.0314627846912421,0.65272099572999,0.0092187139893984,0.263534562599983,0.533177634290425,0.25974025974026,0.0088835270892739,0.0153622250970246,0.864707202153915,0.083638755756038,0.650428446123743,0.10648409561453,0.568900237738839,0.855073720728534,0.584283000949668,0.856222254045539,0.0734632683658171,0.0850481183006025,0.187288222610124,0.305770655174736,0.828610919143055,0.0931588494428608,0.890480800258148,0.0659442724458204,0.896615547329455,0.125077093869496,0.861906893464637,0.846721237743996,0.0993230625583567,0.310482363205783,0.714963266065284,0.249786142001711,0.0531224655312247,0.855110148067895,0.0374423963133641,0.728055647565419,0.266108417805201,0.023037542662116,0.833109218586583,0.162687215107445,0.892857142857143,0.146166706472415,0.787700999565406,0.139453736012514,0.205347593582888,0.195410414827891,0.93156146179402,0.71796875,0.0358755048705156,0.145886817725193,0.0765775881428251,0.825488576933664,0.37663194953792,0.848484848484849,0.204452100172254,0.158504007123776,0.0645457888929754,0.937715467708573,0.118425007514277,0.0062641753969111,0.295569116476519,0.880442294402211,0.549696635410921,0.904446546830653,0.61751497005988,0.228783301290854,0.760487804878049,0.810040705563094,0,0.004437364887928,0.290817494847722,0.735624336216052,0.177504725897921,0.394488486221216,0.457281903388609,0.123809523809524,0.136656331981875,0.382567089660911,0.31555834378921,0.327972087481916,0.143650445710945,0.723855974752546,0.241181486936972,0.375037867312935,0.0669654985058408,0.449626201495194,0.257178526841448,0.127086345117624,0.933108250685799,0.25,0.923874617016262,0.257228109887849,0.20260847107438,0.348352816153029,0.790771268766559,0.416892502258356,0.636230958679194,0.276532835356365,0.29210753193824,0.535837155963303,0.407485503426463,0.251073985680191,0.337807070101857,0.584677419354839,0.477088149860691,0.558542375056137,0.203121951219512,0.496636153082607,0.299182299182299,0.600317928920177,0.607556585278916,0.178665994199975,0.41062015503876,0.5942299709423,0.274239182941136,0.39039039039039,0.553140096618358,0.487532618150188,0.253924366749911,0.695450810487787,0.710515846704681,0.396486445555051,0.172750471541107,0.522186548118877,0.606232686980609,0.470785762256548,0.599120945741134,0.147829823807477,0.160619996593425,0.331474103585657,0.636850152905199,0.301310811999648,0.372190476190476,0.363521055301877,0.251003068208638,0.290333010022632,0.501511379800853,0.0750241494043147,0.120626015059796,0.1267978469955,0.169624601292222,0.566333333333333,0.348775055679287,0.336102457597785,0.457659511908262,0.750865051903114,0.438812727958747,0.394345718901454,0.688460120437508,0.598370094782532,0.52059585492228,0.462718446601942,0.223889739663093,0.388385440265821
GSM1870252,70.1,test,0.117580197019449,0.4123772,0.223496033813908,0.746349378042185,0.1539762,0.1024005,0.7972865,0.3774474,0.979228317778284,0.7597561,0.2504612,0.4282676,0.9654127,0.145166680591528,0.07782777664144,0.900985221674877,0.976595528798999,0.1336551,0.873401855101529,0.8640477,0.07353861,0.0238329722276935,0.9157598,0.12811676464626,0.0641961231470924,0.08209864,0.0553223,0.236273690078038,0.0154088404004049,0.3036153,0.869135515377013,0.276643008072818,0.8655192,0.527046297176538,0.0193992490613267,0.09296985,0.1279765,0.1243962,0.0088344257623254,0.2683017,0.8376269,0.887609175544678,0.4683914,0.5323757,0.0252313687286897,0.5208753,0.0101939901103081,0.152616,0.370621,0.129544,0.0243535934504378,0.0390653523183644,0.767093,0.0515357,0.6089983,0.103559392183527,0.3442635,0.8474198,0.4450374,0.833508956796628,0.05717351,0.06310415,0.1006809,0.2098641,0.8105743,0.0319169390501827,0.8770513,0.09383588535532,0.869078790764104,0.04987586,0.8048741,0.6527313,0.04646919,0.2055291,0.5871354,0.1634074,0.074788902291918,0.884829280910502,0.0344733428902997,0.7347813,0.176143823856176,0.1031128,0.8253434,0.0611687219730942,0.9124573,0.08362614,0.7440176,0.0489116007432971,0.184013968377146,0.1542927,0.8995543,0.6126714,0.06014179283826,0.0520867297032931,0.0509090909090909,0.7789942,0.2695742,0.8128528,0.08117276,0.0631429288283014,0.06788353,0.902383654937571,0.111979778979544,0.0142931392931393,0.2329819,0.84503937007874,0.4331756,0.951132583557738,0.654969685835017,0.247205572655111,0.677852348993289,0.7856857,0.0113810461807835,0.0097259062776304,0.390243374797188,0.626812,0.1257459,0.275639948468045,0.347202615350323,0.06666035,0.05486726,0.442614513638703,0.152783313405075,0.2027239,0.1160964,0.7739628,0.1805622,0.3535524,0.07187079,0.477870930005849,0.1594668,0.06512945,0.91733543141883,0.1096925,0.890845194166227,0.123306233062331,0.249414206333266,0.1174872,0.672616879174256,0.489063376332025,0.459123533874074,0.19130497063458,0.258180824911226,0.387097907009411,0.28440216499918,0.133363,0.266522864538395,0.655288021944529,0.4184218,0.427498425834308,0.192679791624383,0.3721497,0.292998785916633,0.513667117726658,0.470525944228733,0.0656255483418143,0.263655567850317,0.39175572519084,0.266399227397667,0.3015178,0.3644184,0.302957151478576,0.1313191,0.6217093,0.6488764,0.273301963021056,0.1594676,0.605554143365531,0.5880835,0.273378582202112,0.4789667,0.18424598799461,0.112472487160675,0.404583333333333,0.58752688172043,0.2152963,0.3993056,0.267891743233952,0.143403872129671,0.289340101522843,0.427528410894546,0.0522741433021807,0.214151105019702,0.0871238147588292,0.197588582677165,0.4799632,0.2411187,0.405586308178943,0.316206494264048,0.7268836,0.353557546053743,0.2844178,0.7055004,0.3930748,0.3580796,0.422387923979267,0.227089508002371,0.2728708
GSM1870215,90,test,0.0489791236522138,0.3873283,0.278079830261239,0.791927710843374,0.2230007,0.2628091,0.8330879,0.4231219,0.976225939505041,0.8385744,0.3000885,0.4524992,0.9550604,0.210382654375032,0.0771015133105048,0.975140473352631,0.975651046356662,0.1747823,0.91157495256167,0.8923339,0.09021834,0.0231835564053537,0.9378497,0.144001686696184,0.090230402883254,0.1256137,0.07433242,0.16426483926232,0.010347271438696,0.2989905,0.674014550982734,0.193741041567129,0.8909573,0.444941258986498,0.0092527317589002,0.1397638,0.1551412,0.1662267,0.0082286704200952,0.2598548,0.9073459,0.873371335504886,0.5330625,0.7813581,0.0452550415183867,0.6595477,0.0176949577200125,0.2429141,0.4841755,0.2103521,0.026987553975108,0.0356306457009033,0.8811551,0.1008892,0.606212,0.154021882890465,0.5437989,0.8459835,0.5991379,0.882925298179535,0.0652966,0.08552945,0.1705612,0.2407961,0.8109055,0.027092740534908,0.863781,0.0781388043584961,0.882212304749761,0.1901845,0.877066,0.7915998,0.07312182,0.2906112,0.7911179,0.2324404,0.0611027244626555,0.925390625,0.0723004694835681,0.7268287,0.209862194919475,0.2088608,0.8380829,0.0953387117428608,0.9134615,0.09079524,0.8161447,0.0652603823335531,0.25529420958037,0.140085,0.9223986,0.6486872,0.0579503710922858,0.0804897108622037,0.11382916908774,0.7960558,0.3516729,0.8681027,0.1956366,0.072683977775258,0.06771575,0.913725490196078,0.12854485526874,0.0235663154508164,0.2237583,0.867318693485883,0.5041262,0.90571817562968,0.558557410475341,0.242387626872885,0.734806365030675,0.8392605,0.0187757201646091,0.0196785831420138,0.209051016448252,0.7446933,0.1274255,0.365535642368103,0.372064019954271,0.1260531,0.1195188,0.409470277635837,0.220974889217134,0.283035,0.1375643,0.7874879,0.2056663,0.3543009,0.09306348,0.552002940095553,0.1387818,0.09685016,0.965942395149065,0.1740761,0.924109648176128,0.178745887747981,0.250724465086737,0.2094112,0.744207300682759,0.566693613581245,0.632405797101449,0.258275920013443,0.393607305936073,0.476595744680851,0.575557250614459,0.26524,0.325854009349155,0.668552327076369,0.4193059,0.508854077983995,0.212840351138223,0.3362902,0.31051424828038,0.527794263105836,0.49741713301765,0.180915218162469,0.36325846463292,0.41488857278331,0.26190285988177,0.3372274,0.4880508,0.423324150596878,0.1963683,0.5973333,0.6982206,0.3698847631242,0.2091898,0.416802100262533,0.5437645,0.318106898987521,0.4960799,0.241971383147854,0.193922105140595,0.559501557632399,0.598931552587646,0.2220623,0.3910638,0.249210360075805,0.199014228587371,0.214338507021434,0.527188988328885,0.10056134723336,0.103737290464413,0.0629061738424045,0.281751981152281,0.5639315,0.4686775,0.43303868137711,0.327725772170217,0.7865014,0.473983214977405,0.3138535,0.6889058,0.572795,0.3337099,0.393137178790467,0.183537007147798,0.3763033
GSM1886631,15,test,0.0313535396959539,0.342316313330635,0.215528297571328,0.833667465294645,0.165883521309092,0.147618349670111,0.831521254578273,0.225938087701092,0.981728285421862,0.873200975727722,0.230298513901727,0.550905829827344,0.99221188930038,0.118144534085552,0.0521522389929269,0.981369523236222,0.985582011103703,0.183184177353176,0.977119371058311,0.950326927891955,0.0146073338092876,0.0360372774374529,0.992250148819002,0.054170567259438,0.0500907717819612,0.0702455990995869,0.0130399993117152,0.335681960802632,0.0221011489588223,0.257089332121038,0.926982856234996,0.401472940601201,0.961184229938026,0.591281624153133,0.0148380865050576,0.0535200113579659,0.0308854403405769,0.0733478671144527,0.0184560312459164,0.236290455164333,0.96376126126188,0.945895595205755,0.413222661855457,0.841588627120857,0.0196689757601468,0.604977621699714,0.0153730077357156,0.167533054808375,0.443740398983998,0.10495415619252,0.0187008117208173,0.0286290457188923,0.950053240468946,0.0199730084219084,0.546066695092703,0.116662519008931,0.450371665251594,0.907164003700376,0.427557540058673,0.975603375431046,0.0126219624431112,0.0361867676268001,0.0360279736368356,0.182540429695556,0.847453872915304,0.0252883753608506,0.957813443289924,0.0212551578317151,0.978570634661974,0.0289330830295209,0.959684134190182,0.756362969856684,0.0219503443886018,0.27898515333456,0.800667801241093,0.115985935580406,0.082349772936447,0.981129982092429,0.0200709660855999,0.781289367073345,0.195614102383889,0.341201998112103,0.807478543950832,0.0750027932574823,0.979321856932594,0.069529652975905,0.934029521512953,0.0383588771012643,0.218377442277248,0.161778506492916,0.975670355802609,0.663681274431764,0.0226429693255329,0.0160734034008445,0.0303764681629446,0.775772440234744,0.319643923450773,0.857248091154036,0.0389154331973574,0.0234535674142223,0.0190665239202226,0.949607290572477,0.083883446917679,0.0161406509098343,0.170181068007707,0.951559317864247,0.517488596160284,0.934650537048557,0.598324384103621,0.163331007901932,0.716374291012578,0.967687825015983,0.0320979611408359,0.0171376135249454,0.268054376153619,0.697073882688728,0.104075903266343,0.336868848688956,0.353471278491523,0.0917364721018527,0.0451876772101749,0.296685941730021,0.283976709089032,0.133096393544021,0.0867551183517556,0.797417297942243,0.263426966811542,0.254681393468847,0.0166327860572134,0.698100039065562,0.258295686408005,0.0217770158338929,0.885505954928832,0.223108780730931,0.960275886290722,0.109261960346347,0.0629314230342974,0.0619233372505316,0.323109064798185,0.916815578758504,0.21181788637468,0.0409141164252988,0.0137274590937928,0.279426701143104,0.181291193506966,0.0497549153403521,0.1362017868559,0.469971825704303,0.465044128732086,0.353387848615998,0.266710933440124,0.711034996188143,0.582707985004806,0.635990920993329,0.831330704062339,0.025564370970736,0.422699253423572,0.71626248657134,0.200516550050043,0.113812225345833,0.218208914308345,0.672651370781639,0.184190110415525,0.683757121786621,0.340322296906799,0.139492429709834,0.144644674218592,0.319873771345904,0.797679953428809,0.45598810088023,0.585640871207847,0.260907647585125,0.027906562155435,0.863377396343762,0.654663191438279,0.281731202008286,0.244612499599197,0.543621474224681,0.255310569721067,0.354994856393208,0.444744945487483,0.0226230329636714,0.285628222127129,0.0373649041059147,0.324655128355609,0.632214374170332,0.374349412942364,0.31630769916007,0.433132845000685,0.960914971373647,0.419380363113442,0.162188637642157,0.896032320231493,0.560830078467222,0.571277984480074,0.538411801005613,0.0550995940835073,0.383516748459144
GSM1282820,76.49829,test,0.05565299,0.4167421,0.08900524,0.6837853,0.1168507,0.1168992,0.7847488,0.2287785,0.9861032,0.8206145,0.2536701,0.3376983,0.9269984,0.06124695,0.02912478,0.9360802,0.9572453,0.1509351,0.9109758,0.825887,0.07509674,0.007329668,0.9119186,0.1202227,0.07316136,0.1160948,0.04859599,0.1694102,0.03259604,0.300246,0.8200625,0.2720239,0.8231833,0.5423649,0.01188504,0.1104835,0.1183216,0.09287404,0.02045427,0.2352398,0.8674474,0.8249574,0.5183932,0.7012441,0.013761,0.5939668,0.02075996,0.167001,0.3459702,0.1782575,0.006043004,0.03085615,0.8289068,0.06270146,0.4707125,0.09694143,0.4042577,0.8193036,0.6556665,0.7805642,0.05989723,0.0770141,0.1197493,0.2139829,0.7686309,0.02952818,0.8459756,0.03954225,0.9077026,0.0476711,0.823561,0.7904606,0.05941515,0.2217814,0.6501322,0.1962617,0.06236319,0.8688627,0.01764741,0.5884453,0.1726607,0.1132708,0.7483521,0.07943109,0.8749455,0.06251601,0.8017339,0.06121906,0.1358839,0.117083,0.9154161,0.5158202,0.02684001,0.05829399,0.03718077,0.7591336,0.2008263,0.7711447,0.1466183,0.09684955,0.0441448,0.8728439,0.2317804,0.01153337,0.2770274,0.8676952,0.4025365,0.9014391,0.6163322,0.1348254,0.713324,0.8094265,0.02348178,0.02149901,0.2090548,0.7072087,0.1061186,0.2249751,0.3413126,0.08105973,0.09027319,0.2387375,0.1842759,0.2521975,0.1131535,0.5953822,0.1816015,0.2697823,0.06152384,0.3508478,0.1623256,0.1276884,0.8826466,0.1753439,0.8615892,0.1325084,0.2011098,0.2124187,0.6760759,0.393611,0.4565653,0.1746982,0.2195075,0.4495866,0.3285358,0.2217922,0.2521747,0.4025802,0.3517342,0.4119344,0.1423834,0.3199901,0.3019296,0.435058,0.4097587,0.09760991,0.3138776,0.4137859,0.2464045,0.2906675,0.4243013,0.4344959,0.1219705,0.5572286,0.6239223,0.2909599,0.1063621,0.3345009,0.5547397,0.2788809,0.4418431,0.09676715,0.1018977,0.3283538,0.516688,0.2204219,0.3573132,0.2589864,0.1392037,0.190904,0.4701794,0.07863376,0.1281649,0.08206044,0.178132,0.4010489,0.2665458,0.3669352,0.3265576,0.6990426,0.2686962,0.2373853,0.6549982,0.5363574,0.4078239,0.3709774,0.1298439,0.3017105
GSM1344113,58.3,test,0.0969958766935009,0.393518150766542,0.19941506965289,0.636031649421789,0.137608383756472,0.158155980145509,0.705585980284775,0.208441981747066,0.959228016359918,0.838254172015404,0.23467699481086,0.375826479600064,0.904935348752504,0.140223944875108,0.0601141203889737,0.917305585980285,0.95172837720567,0.183301869557274,0.884496776002243,0.776856967464702,0.0895416489286221,0,0.855918785508056,0.182918450399028,0.0927200583043161,0.114010075087919,0.0424817229796483,0.215607007227735,0.0376573088092933,0.217533129459735,0.799621059884021,0.311888479747501,0.796476556073485,0.555919680629208,0.0210043457267021,0.136717663421419,0.126294159487868,0.117804041174228,0.0175723168423898,0.224067284882467,0.874870519991713,0.753475152107297,0.453741660638212,0.658262981380826,0.0170681584655783,0.486028759098172,0.0215600601676098,0.197527589134126,0.372739800392534,0.191261791056558,0.0070677097383328,0.0323834196891192,0.775,0.0639172335600907,0.570545009185548,0.121996303142329,0.43071873974401,0.767555835608766,0.484894259818731,0.791620111731844,0.0556307067974298,0.0653445754108234,0.153173214569747,0.222456442245644,0.722039207214992,0.0665347281123363,0.818435177539224,0.0483783490617204,0.860646211064621,0.0678879310344828,0.772449263274951,0.727039726612559,0.0636844696037411,0.256477578940095,0.675727739726027,0.157828054298643,0.0762226847034339,0.833402183534966,0.0532992960470333,0.637223741592135,0.243933793990037,0.0822498586772188,0.711906656059401,0.13666754409055,0.85219730941704,0.0986129172084959,0.708867717112495,0.101087493821058,0.262546570238878,0.120615695180419,0.871264838313549,0.575417855686914,0.0566102667049039,0.0826808064615574,0.0770005877907465,0.677721420210691,0.263019284682695,0.747256232950581,0.153229001584786,0.116223648029331,0.0566551212271153,0.881934032983508,0.143800848341562,0.0070021881838074,0.212679725948085,0.794731610337972,0.410888902908334,0.883817705886301,0.533701973496043,0.246144721233689,0.643668869763682,0.710447441661314,0.0059197544398158,0.0176062159034551,0.350721050878111,0.616415790968475,0.140807895340831,0.329655172413793,0.324750453720508,0.0968211327512872,0.120845921450151,0.330060934326337,0.323870967741935,0.236085297857772,0.128485144286499,0.643938413766335,0.172314681748644,0.380084963954686,0.0629146648364219,0.605160281469898,0.184009910425005,0.0831746463547334,0.908274132887589,0.140808344198175,0.903660445055155,0.165309165997476,0.159450640432475,0.209110021023125,0.623320158102767,0.560606060606061,0.402167277167277,0.244087107008941,0.250329144225015,0.389741358854702,0.366033475026567,0.197896300930633,0.29381323858809,0.503187011425135,0.390877630907131,0.432094371281843,0.307874481941978,0.36692809499377,0.381009978832779,0.563023461478437,0.546229508196721,0.080225988700565,0.40430694570822,0.48973519785778,0.276664414921564,0.303180609531602,0.430442978322337,0.432943795214246,0.161329674,0.56654314452091,0.576930483342962,0.282148092213388,0.168772508087652,0.536188066884679,0.541775308921891,0.289992695398101,0.473453722383506,0.267176320689993,0.13298991511282,0.545473552163914,0.561481383331125,0.218212514508811,0.317378917378917,0.317175094024237,0.196836555360281,0.233038348082596,0.52972018323307,0.100597152044097,0.263474178403756,0.066489988221437,0.238612494748845,0.466155434301725,0.301940891045434,0.396,0.417453646477132,0.722921914357683,0.35508588750421,0.299931293272026,0.590042468600343,0.466500777604977,0.409345607364419,0.483391741581594,0.187602652229454,0.306526488257783
GSM1344667,53.9,test,0.0583139488248977,0.475754404325833,0.11751012145749,0.697219454759533,0.261973601508485,0.276788124156545,0.783663050414805,0.388499452354874,0.971752174206162,0.735927152317881,0.356944281295274,0.458438726559093,0.913870485146399,0.136632626341974,0.0485312899106003,0.904347826086957,0.956748131351306,0.172679172679173,0.876793248945148,0.825019891058204,0.0964674963283605,0.0035494880546075,0.878971008574928,0.155595943014598,0.0699845570686509,0.122549019607843,0.0577619944919554,0.153260085010827,0.0301763686410439,0.413873003352396,0.762532133676093,0.266718995290424,0.818814650966105,0.579402396481116,0.0167497344554294,0.134464421372499,0.131230925737538,0.159714407667533,0.0229461419569611,0.353523090066999,0.8798032936871,0.8086304752827,0.489512512657312,0.676896149358226,0.014378478664193,0.574189173917957,0.0191214470284238,0.233300960397108,0.451374916163649,0.17669997562759,0.0085492920117552,0.0366431626401572,0.821134149387959,0.0723500386421735,0.566708961887307,0.135611056545531,0.578151358268862,0.790635823849579,0.532103825136612,0.827956989247312,0.0561674008810573,0.0843535383696626,0.157534647096661,0.286462726990188,0.771106941838649,0.0716448987317812,0.836028726495258,0.0403011984303744,0.878011588899055,0.0792237442922374,0.836937369854237,0.761250083830729,0.0649056603773585,0.306055760272544,0.663869402740444,0.185888353641258,0.053543140775161,0.859503659652333,0.0322269965920877,0.645256916996047,0.335479404638283,0.0752107925801012,0.741097807494946,0.0922858202497218,0.872253864930838,0.0760508532814111,0.781815296731196,0.063755590933212,0.232924496455497,0.119341563786008,0.941978264873826,0.63097051086806,0.0238363786750884,0.0773814013123162,0.0652694610778443,0.778631138975967,0.309446882384144,0.81532791052364,0.175769692123151,0.101948281969536,0.0617247663276703,0.90364308342133,0.118052880406234,0.0089536965975952,0.230607966457023,0.861426491994178,0.423262861678332,0.882665654072527,0.51100510502971,0.199212733185008,0.661882946896036,0.756556291390728,0.0096585029320455,0.0135620263262864,0.268334668922328,0.697974413646055,0.126892475562628,0.397735972875424,0.360673895301387,0.0929961622807018,0.0989255279733234,0.422872928176796,0.337705195464546,0.247931678676274,0.124342745861733,0.658100254268071,0.282093450711038,0.356654228855721,0.0485121874010763,0.484644999552332,0.155700454455641,0.0838729811968479,0.927986370486862,0.21500705831252,0.920949185043145,0.195839524517088,0.178425357873211,0.180457746478873,0.674238459122789,0.567473153059904,0.474503311258278,0.236416424720033,0.191133443582241,0.430754741213237,0.425774383221192,0.176566654006836,0.295790902919213,0.513215623327983,0.411615413899581,0.459458245361844,0.260385939036382,0.335832765280618,0.313002680965147,0.59927574633457,0.521633741364683,0.1309829216448,0.414510718144084,0.493500803271506,0.229667200569496,0.332790804130004,0.386926313729328,0.430412619024719,0.233429099117587,0.584419567550989,0.527979417440044,0.26328104227599,0.231555678364189,0.353766617429838,0.589623843083977,0.292983329186365,0.537240410138968,0.239281477715641,0.122316384180791,0.468560782487191,0.581277028745866,0.2626100404473,0.289880952380952,0.295319812792512,0.260140376800887,0.258444619010212,0.499766573295985,0.0497800740068421,0.132499747907633,0.0682129051442165,0.272543059777102,0.543747420553033,0.371617558628984,0.351534213509856,0.370454088808519,0.697728059047399,0.468440532159648,0.279776865076933,0.60797736400146,0.537106280499398,0.428184281842818,0.442112546125461,0.141474829243612,0.408138745233245
GSM1343920,51.5,test,0.0816916406784818,0.39822495023225,0.153712509144111,0.713564137640745,0.189498673369641,0.284714500621362,0.764010597106175,0.324806039001887,0.963361080159927,0.721568064330844,0.310826001007791,0.404442298406567,0.900637243332547,0.145384727555534,0.0567562488254088,0.910496833901607,0.969969730763103,0.117532815429949,0.908288511929389,0.856602789727545,0.084892405531317,0.0172320947765213,0.886912546865463,0.127347161572052,0.0622647331070657,0.122637410384532,0.0468950749464668,0.160502283105023,0.0201283864650201,0.293099005308457,0.830707749333951,0.251409007110877,0.839534223232036,0.582557221783741,0.0272269180754226,0.128707706066478,0.115665300409877,0.13769543024798,0.0147659854976928,0.266283612962537,0.874463790058037,0.828514073378038,0.471417797888386,0.698537241495264,0.0318213896195548,0.556863322053847,0.022977022977023,0.149688347528191,0.401403233538153,0.148372369988091,0.0256324677925372,0.0273446869752938,0.794522716479341,0.0558762539931626,0.46377607025247,0.100201700043221,0.515305801747439,0.774731677399571,0.549283667621776,0.841725768321513,0.0469824052468941,0.0817098122942799,0.145509058433274,0.277569743493728,0.761024015031413,0.0558736426456071,0.852602905569007,0.0274859516247251,0.910585217999534,0.0830947837150127,0.852032520325203,0.795718338921847,0.0744396463088628,0.277578714645117,0.658438661710037,0.192044038221853,0.0460443037974684,0.854375729288215,0.0475805265480218,0.670500838725138,0.267879066912216,0.108597285067873,0.779005817028028,0.0769842848617466,0.872572606977144,0.0741174938126872,0.767634854771784,0.0769502045422486,0.219363027925225,0.107192118226601,0.93162583518931,0.617297616412073,0.0230961744726493,0.0635810487454707,0.0583704904742602,0.773791200042461,0.274167987321712,0.815883306320908,0.170521828372938,0.0777943837017226,0.0613790596219098,0.912690839694656,0.119797090738066,0.0181342780026991,0.151549942594719,0.826539720321333,0.334784501523727,0.884803765663762,0.473122658413422,0.217445225299711,0.665546954870746,0.803519356460533,0.0267379679144385,0.0208248264597795,0.310380939913601,0.718013653380313,0.0893587033121917,0.339968152866242,0.319486983154671,0.0783471074380165,0.101093662366798,0.361384191899332,0.27991829913657,0.219454094292804,0.13230755265069,0.602451202905129,0.203791469194313,0.362663495838288,0.0575490345142162,0.467737494263424,0.118401465704798,0.0728565394903562,0.944434777565106,0.224970398631759,0.922488930319273,0.135700909577314,0.205508721494891,0.165511155930921,0.616975355117201,0.667787114845938,0.428204611821569,0.198395981853532,0.176557387566562,0.390337578330301,0.383122651178681,0.161601974804222,0.281312942931742,0.515521994486396,0.379688511480903,0.409058048054433,0.26490635554191,0.312683317038485,0.373685497676694,0.613527451964767,0.508137865007181,0.0934956136884533,0.47103125185317,0.39815272967178,0.254785818525195,0.299937021097932,0.378067053755385,0.378455757358862,0.227507163323782,0.596077419354839,0.514153010253264,0.244887339334964,0.186915193821476,0.286561417019638,0.5210092095165,0.297678652708239,0.544142906217795,0.259551656920078,0.117824138896668,0.564855527638191,0.566358997878805,0.225288159273489,0.305519564654055,0.264138987167978,0.259332622276398,0.222723174030658,0.46150009352204,0.0529142629799085,0.176136960403319,0.0586567815089403,0.30394038613526,0.466165413533835,0.355371900826446,0.367152642493559,0.288983440662374,0.728817559594052,0.409539142684645,0.216990843582381,0.595168718864555,0.579765169092315,0.332677359047525,0.465177286959465,0.162734345109042,0.351085642184953
GSM2334261,70,test,0.2227527,0.4369039,0.3302698,0.7398599,0.3420655,0.2278505,0.7345967,0.2677057,0.8953946,0.8476527,0.2368149,0.298227,0.9405061,0.1765883,0.08434126,0.9334591,0.9210248,0.2762605,0.9240421,0.841865,0.1492545,0.02746332,0.9239083,0.3320064,0.2082366,0.2192745,0.04355011,0.3839815,0.05732836,0.3216948,0.7562354,0.4510931,0.8782459,0.5792834,0.04637212,0.1886597,0.2287671,0.1614768,0.04571829,0.2607727,0.9073643,0.7804405,0.5351504,0.6961862,0.05596497,0.4875159,0.06314328,0.3014639,0.5238581,0.2875925,0.03080583,0.06288401,0.8756402,0.09621721,0.4413949,0.2731438,0.4941352,0.8306363,0.6297866,0.8862426,0.04398177,0.1000194,0.3637345,0.2958379,0.6969166,0.2777905,0.8705325,0.1277237,0.9233626,0.1136679,0.7610334,0.6877153,0.0769407,0.200187,0.7212106,0.2219381,0.1200933,0.884415,0.09153085,0.5841154,0.2738756,0.05872749,0.758705,0.262005,0.8870172,0.1568972,0.764676,0.3475444,0.3101827,0.2172129,0.925131,0.4973627,0.06803007,0.1175199,0.345874,0.7488594,0.4021883,0.7763354,0.3399428,0.1815933,0.06637776,0.8940596,0.3048475,0.07541112,0.3113415,0.8600022,0.5442536,0.8306719,0.6371871,0.2312004,0.7003839,0.772484,0.04717259,0.04916733,0.4245065,0.6290703,0.2045567,0.3771313,0.4428899,0.1730187,0.2003638,0.4386732,0.3222093,0.3532739,0.1599119,0.7830108,0.3208143,0.5360977,0.05228004,0.6240698,0.181256,0.1352714,0.7251675,0.2874964,0.8858847,0.2652747,0.3165084,0.3885817,0.6412213,0.7467166,0.4977049,0.3656338,0.3486616,0.4934789,0.4011519,0.148006,0.3181888,0.5390371,0.4514792,0.5490362,0.3281964,0.5772381,0.431516,0.5676915,0.5851655,0.07908205,0.301606,0.587791,0.3935908,0.4387895,0.6848957,0.5028412,0.1688355,0.5111616,0.5257106,0.3703943,0.1857069,0.5752779,0.6701352,0.4592109,0.5750517,0.1967481,0.2451629,0.5925607,0.624258,0.196751,0.4820283,0.4965002,0.1944464,0.2174128,0.5377917,0.08391227,0.1854703,0.1875766,0.2635086,0.5141688,0.294096,0.4810784,0.3384873,0.7318855,0.3353888,0.423215,0.7687824,0.6034044,0.6330739,0.4515284,0.2997947,0.3253592
GSM1870306,51,test,0.0428792569659443,0.488547,0.24639459957042,0.803685329553508,0.2994459,0.1008842,0.6950791,0.2287335,0.98755767963085,0.8585391,0.2133202,0.5517617,0.9549464,0.128562663840705,0.0488541237820777,0.933106872223674,0.975504924052746,0.1528885,0.939531166755461,0.8389029,0.05129809,0.0103021978021978,0.9465742,0.141856976162694,0.0488980716253444,0.09895683,0.06073424,0.234721144728903,0.0144277910071439,0.2560464,0.814704817095255,0.233688415446072,0.8974155,0.468916518650089,0.0095166809238665,0.1432494,0.114134,0.1374249,0.0092124814264487,0.2517406,0.9013931,0.860534892142155,0.5318689,0.6315937,0.0100140324020921,0.7008312,0.0117941386704789,0.2148035,0.5039249,0.2017145,0.0215102974828375,0.0351979886863608,0.8475677,0.07490474,0.6003097,0.0865973072215422,0.4603437,0.8715427,0.4928092,0.907628437986507,0.05137802,0.07790728,0.128327,0.2415944,0.8135881,0.0492716785609542,0.868543,0.0176764442167286,0.926675094816688,0.07060105,0.8889102,0.8010161,0.06268806,0.3225521,0.7086504,0.2225022,0.0823274108232741,0.88568160409097,0.0211785687746154,0.7309259,0.128914022410724,0.2298851,0.7594758,0.14219358705424,0.9185682,0.05863874,0.8066806,0.0494781292327305,0.228879228879229,0.166433,0.9121309,0.6580509,0.0486566902949156,0.0663694898464586,0.0493905334810828,0.7697944,0.3464697,0.790988,0.1027102,0.082202447163515,0.05272999,0.964310954063604,0.12153936775967,0.0041228612657184,0.2668115,0.876415399547072,0.3917062,0.960096944516576,0.633795669824087,0.236556658204477,0.682278067885117,0.7883008,0.0177171071739762,0.0118220377222272,0.462059127905351,0.6919329,0.1413853,0.271525314414705,0.392602986869801,0.0787914,0.07035647,0.415575916230366,0.201552536734128,0.2168376,0.1358806,0.7636612,0.2549546,0.3248929,0.08508366,0.331629755820556,0.1843096,0.08602312,0.928366957470011,0.2588556,0.94920434698234,0.158598367576696,0.203998584571833,0.1632066,0.552469135802469,0.581546458739441,0.447516608668143,0.159913649950183,0.243484975226819,0.379046895445528,0.284161342614666,0.1344288,0.215199723326993,0.593452480374144,0.3988706,0.391884921772021,0.235753190797496,0.432259,0.300506471581317,0.575110851240072,0.604451386177274,0.118199325950891,0.353318117977528,0.451514120449132,0.228709129744236,0.2902747,0.3698743,0.433100824350032,0.1769851,0.6615422,0.6538049,0.274089541239329,0.163742,0.586408561904205,0.6254655,0.399117971334068,0.5544937,0.242663656884876,0.0909590331188197,0.523698069046226,0.600198323266925,0.3429923,0.3744822,0.253959381404882,0.27654051099877,0.368753953194181,0.492413027387121,0.0477896279410567,0.170400943396226,0.0894779024501946,0.237850989675807,0.5550528,0.3593496,0.301264409078218,0.300073492000678,0.7848873,0.488162720906969,0.208042,0.6745433,0.5423087,0.5085058,0.37022611706156,0.0778128286014721,0.3843144
GSM1225809,43,test,0.08513,0.47188,0.21439,0.74878,0.19939,0.2295,0.69608,0.31342,0.95894,0.75862,0.34117,0.37898,0.91581,0.09457,0.04576,0.91721,0.9668,0.24146,0.91515,0.83551,0.14718,0.03043,0.88232,0.27534,0.15784,0.12132,0.0601,0.18212,0.01951,0.40343,0.83031,0.29456,0.85662,0.60573,0.01648,0.12641,0.15479,0.1525,0.02744,0.40108,0.83701,0.84692,0.50795,0.69854,0.0233,0.56974,0.02456,0.22453,0.45422,0.18169,0.01347,0.04473,0.82096,0.09501,0.53899,0.17681,0.54523,0.80229,0.528,0.84716,0.06599,0.09255,0.18183,0.26843,0.75824,0.15939,0.86017,0.06181,0.87739,0.21448,0.81754,0.76205,0.08565,0.25583,0.68865,0.22944,0.08454,0.86047,0.05191,0.66742,0.34035,0.24697,0.75063,0.14724,0.86735,0.10036,0.72049,0.09695,0.26603,0.13166,0.91128,0.61902,0.03074,0.07822,0.08646,0.79364,0.32108,0.82293,0.27597,0.15125,0.06551,0.91917,0.13986,0.03359,0.28918,0.87068,0.48686,0.90732,0.59703,0.17483,0.68604,0.79497,0.01985,0.02265,0.3286,0.69777,0.15004,0.36182,0.47763,0.11419,0.23548,0.40308,0.39627,0.27141,0.12979,0.67175,0.30642,0.39608,0.08369,0.61716,0.20754,0.08228,0.87615,0.21753,0.9001,0.20716,0.25666,0.2796,0.57804,0.6544,0.43277,0.15673,0.14925,0.40858,0.34462,0.17837,0.2628,0.52441,0.44901,0.41946,0.37502,0.43597,0.37533,0.56039,0.53774,0.08507,0.42361,0.53671,0.26803,0.32191,0.44145,0.41613,0.22994,0.57777,0.46712,0.26826,0.19186,0.53685,0.61446,0.39052,0.5452,0.23928,0.08529,0.43628,0.59354,0.28351,0.49705,0.3492,0.21044,0.28691,0.51178,0.0409,0.22883,0.08564,0.30544,0.53337,0.41559,0.42488,0.39077,0.68406,0.35148,0.28025,0.67759,0.5411,0.47398,0.47714,0.18642,0.38207
GSM1344092,39.2,test,0.0663900414937759,0.436000401566108,0.202261940826012,0.662788070492544,0.22390988372093,0.104779411764706,0.733619763694952,0.233650793650794,0.979564226716035,0.832567997174143,0.246437629697948,0.427695675971538,0.906013322383429,0.135775509089916,0.039268788083954,0.90108843537415,0.964853632092519,0.156319619783158,0.816843702579666,0.862587685113016,0.0581032007431805,0,0.86701919310615,0.13850873053327,0.0603416401686016,0.116636418632789,0.0448552929245651,0.150886790787964,0.0272496831432193,0.218250810943142,0.764566989108081,0.296242687413304,0.80606248066811,0.563312854065268,0,0.0893629017102048,0.0957667565885038,0.134136110151508,0.0187000452420449,0.18453586273047,0.856073446327684,0.805699084258454,0.458386035922084,0.708465780084333,0.0174767476747675,0.576796088101308,0.0076023947543476,0.201356945722171,0.462016338110845,0.150551338172549,0.0067128946591915,0.0236708860759494,0.809307828830605,0.0623910336239103,0.544740626036943,0.134910972454725,0.428386167146974,0.678461643554888,0.518878299120235,0.814739608217869,0.0473988439306358,0.0733305377922214,0.110766410491433,0.26826489672594,0.745942614531261,0.0301949595815502,0.848233832317614,0,0.88956149416802,0.0570179057678026,0.845753899480069,0.727429643527205,0.0567740846971486,0.266139213870886,0.61202350459545,0.191929583904893,0.0393372273214924,0.869033588685916,0.0528026708838517,0.663805020007275,0.191547315701608,0.0677824267782427,0.754729940680612,0.0938827211087102,0.870558375634518,0.0762864881131508,0.757155879671832,0.0614714424007744,0.237783309314817,0.0904861595719935,0.924743443557583,0.656914654940321,0.0486606800214905,0.0534493474207582,0.0655563087053355,0.729820110701107,0.318374259102456,0.794216292762913,0.131439710387079,0.0937042459736457,0.0474010234311877,0.909090909090909,0.153650925733306,0.0155760089005765,0.181471747700394,0.870003806623525,0.352761775669265,0.892664670658683,0.4722478333026,0.174128627679743,0.664511923515672,0.715994889069578,0.0344650205761317,0.0162896866569828,0.291228942624479,0.715839860748477,0.109424083769634,0.281973664295444,0.318620493897247,0.0785537970088573,0.0791250733998826,0.391175599644655,0.318717011774259,0.204551000488043,0.0870008394291882,0.6909362778928,0.229643238117814,0.324684270952928,0.0410794878879985,0.573893111352395,0.131419421251287,0.084945404522397,0.926486059968438,0.185704274702172,0.922429010944671,0.139896772205531,0.148031854379977,0.144203129990418,0.538801843317972,0.701395650762739,0.362446918397796,0.135970333745365,0.131832004602614,0.354424289082423,0.276635362694301,0.122378716744914,0.202856096667887,0.412243825538623,0.392466423552433,0.406467226198445,0.252611456270909,0.340986717267552,0.253326509723644,0.59096727943059,0.505424562418632,0.0668471128608924,0.436229709453008,0.414359707090552,0.227467811158798,0.257153590883476,0.306596787057081,0.37477499099964,0.202559552616013,0.591395743569657,0.479102244389027,0.227152794435116,0.218082543761041,0.488059592492514,0.546951100720826,0.32319391634981,0.513009757317988,0.246336139694418,0.0753991473710608,0.464826209878596,0.587579729445574,0.245529573590096,0.323645598194131,0.34117951370926,0.236025810464122,0.309681849393454,0.438729538969815,0.0209477483131963,0.139760348583878,0.0476130176016209,0.295844191468934,0.489703552840009,0.306079108043536,0.309087340529931,0.35272527069187,0.770430349377718,0.416435826408126,0.269876967852891,0.570508826583593,0.514978091746401,0.384798591695143,0.460725945842136,0.159858475394017,0.361933463333924
GSM1344577,42.1,test,0.1015359621917,0.499276410998553,0.16566265060241,0.744257730933678,0.281992236331338,0.290967405086895,0.754098360655738,0.391738805172598,0.980807365439094,0.847468255212416,0.344378374149128,0.404626753775303,0.892802939531911,0.156600777528336,0.0543368207897401,0.927385137592435,0.971173673357741,0.274584842479328,0.901216365646885,0.8406600249066,0.100622322799644,0.0052227843969316,0.898175813807202,0.212269538260728,0.0501550731058928,0.129210968102966,0.0561982237480409,0.178734686414335,0.0313870067756078,0.41357837181045,0.760365972357407,0.334486789805939,0.855585140103969,0.512434782608696,0.0122780949401736,0.148663841563608,0.133125,0.143116930350973,0,0.344475797699153,0.852235412983076,0.811322912695387,0.533434650455927,0.693627738081293,0.0138154027042916,0.570600858369099,0.0191663420335021,0.214384970262909,0.521097046413502,0.195781586780252,0.0084473349779472,0.0173830217883081,0.827164366373902,0.081371932032725,0.540950058779989,0.125087764679797,0.603022307507796,0.80648939908633,0.540908287683336,0.860945785088194,0.0539378128745681,0.0887300878368319,0.181480402156491,0.258920699735511,0.774481941977502,0.0548205871692642,0.849530240751615,0.0415663968497047,0.904622463919682,0.0924714956405097,0.835648879065362,0.66055351783928,0.0775298804780876,0.275682909548925,0.74657268494568,0.215724078834619,0.052786962683042,0.860202426885869,0.0626307713767611,0.666864080544862,0.29299196655999,0.0588882773802972,0.691484038827179,0.138754394110234,0.868412357508673,0.11814145258484,0.756175178057281,0.0720612880057458,0.238169577519758,0.161081322609473,0.927367325702393,0.656298473344763,0.044109207182094,0.0864836872087002,0.0463180201316885,0.778677196446199,0.391864007074776,0.774608596641048,0.19478021978022,0.114716809462431,0.0768826044064452,0.926994906621392,0.119138465927326,0.0088289962825278,0.352849002849003,0.856204963971177,0.532722513089005,0.911078717201166,0.569902912621359,0.192090395480226,0.692642831476824,0.79664570230608,0.0162168292129735,0.017312320472013,0.285333496737032,0.669233444284366,0.124285781744345,0.322945845004669,0.459570435881238,0.144974321349963,0.114443295415374,0.331835089894606,0.380959302325581,0.27113626921479,0.125531571297841,0.671199611461875,0.176535958088585,0.388865836791148,0.0742431929646541,0.680906420478389,0.247274749721913,0.0820653529558493,0.932904726078928,0.22730207929743,0.912667265591754,0.190197841726619,0.200350292622496,0.212713534822602,0.627113730795246,0.640837508947745,0.447501581277672,0.174812030075188,0.245498165396557,0.421816953731847,0.363275698720985,0.177978456305175,0.257084109747478,0.576509172901507,0.425370688948964,0.457090516229038,0.19623694376878,0.518689824428922,0.338348271446863,0.599445260238212,0.55325987144169,0.10291946859111,0.397725469452526,0.578437917222964,0.219461697722567,0.364892843153713,0.455818200263772,0.52272990167727,0.197045804943552,0.588029063563843,0.528039178029576,0.28753219989696,0.197032290700615,0.530660513412172,0.635698253147263,0.378050725793588,0.582988905808136,0.254011608057357,0.131333333333333,0.463802435723951,0.589365829998787,0.259419662191425,0.481765389082462,0.349888333510582,0.205530513176144,0.309225512528474,0.529570336139077,0.0555636047522457,0.200408533817522,0.0765078183172003,0.263288409703504,0.538415485930952,0.222651222651223,0.392555051929048,0.419182217343578,0.769533731419134,0.396420285051376,0.29971503603956,0.758006405124099,0.547913446676971,0.49433231960188,0.516098226466576,0.177002350388718,0.332277144064216
GSM1343759,55.1,test,0.0753807300834162,0.498701298701299,0.270145691003375,0.717922812689432,0.225553735488925,0.172405020352782,0.827015851137147,0.307545731707317,0.974191279887482,0.829591682989302,0.265176719245372,0.462199853203313,0.90625475574494,0.137352488455618,0.0398433675966716,0.944437791881212,0.968760371722536,0.163145771635406,0.918404478656403,0.836909361069837,0.0671217292377702,0.0191708229426434,0.892059336823735,0.177698095462027,0.0974756124804528,0.108109598103534,0.0451012026987386,0.207366758127546,0.0076501602398428,0.305335916636121,0.828494520284561,0.330799201748551,0.836903851058403,0.602992139295072,0.0238563698967044,0.138413685847589,0.104007071302298,0.150312596993748,0,0.322050105182635,0.854824165915239,0.788046166529266,0.500296534779293,0.6911670266799,0.0349873619795131,0.589879499694936,0.0132062202078612,0.194331296673456,0.498241758241758,0.163914075993092,0.0155099894847529,0.0383615084525358,0.836195082627973,0.0596608284681679,0.596321666510275,0.103082330674598,0.462369067632226,0.806972955360052,0.610792885137172,0.806855918585967,0.045050884812342,0.0806119584541967,0.138923903668812,0.269399460188934,0.787633482604203,0.0391078215643129,0.854617265375212,0.0217857909422623,0.88681306675407,0.113565162907268,0.834945090968694,0.747073451810517,0.0649564098899528,0.294334408106863,0.653921059465074,0.226680672268908,0.074820907402494,0.903285118901692,0.0464452336188288,0.707589999360573,0.198131686002712,0.0555127216653816,0.799715460006323,0.103944941109692,0.90175596578118,0.0774779588565322,0.762439807383628,0.0828757225433526,0.249624705125456,0.147691966267199,0.934263845114813,0.667583467033387,0.037882337192959,0.0660750242374525,0.0535782625334864,0.78441145281018,0.348113831899404,0.827865559721478,0.149892579738886,0.0996908809891808,0.0511743945478885,0.906533142584645,0.126588835318962,0.0154222147311647,0.240505598522452,0.847711134612479,0.470970738504412,0.928038105046344,0.556947227788911,0.19030637056249,0.728098447113976,0.786639103470787,0.0065440177799728,0.0136182010927179,0.229285825910298,0.705097282521306,0.12719298245614,0.307287889775199,0.415460852329039,0.0976630624346006,0.108950529024878,0.41698956780924,0.389796627846341,0.243703743144667,0.134025717111771,0.667816452388418,0.280246002460025,0.39544645128466,0.0628213918409325,0.624291650925576,0.154806491885144,0.0870304529293554,0.919612154010936,0.263607125185552,0.931459182271874,0.182911991347844,0.172276298815527,0.184190131748902,0.634862385321101,0.5997093492653,0.448947652455478,0.212015310367782,0.234921379957756,0.405122476001324,0.374907000338181,0.156728369771686,0.268519932793646,0.506354515050167,0.399456413126024,0.44458198859366,0.235576299753663,0.454289349327517,0.43503003477711,0.623310225303293,0.547650225520151,0.101105845181675,0.427603826272949,0.491609256315139,0.237629171029271,0.324286014279714,0.399682319070783,0.53673446704457,0.242440318302387,0.629536290322581,0.601227611189374,0.266735268630849,0.231436476482465,0.461634919687108,0.612648945921173,0.389092815941269,0.562729192132459,0.293595434369055,0.136134114320339,0.484135418248064,0.59359971501514,0.271470641264499,0.400901916572717,0.328600857413284,0.251290604399968,0.31284046692607,0.444146013917715,0.0452822917335731,0.170720720720721,0.0758636788048553,0.279796588621676,0.545757071547421,0.341173429826829,0.376645479490118,0.412240793065466,0.770358098636422,0.453045022458999,0.284825440718977,0.634613415258577,0.572033310201249,0.49976780904616,0.519286944798142,0.143517695180509,0.398251904975347
GSM1345704,55.5,test,0.129164391043146,0.363808866655166,0.152380952380952,0.672211133288978,0.224288164665523,0.206096098214916,0.689258911819887,0.285018929150892,0.971641583054627,0.739056954537773,0.2160426879528,0.342590629637481,0.863559481300507,0.158123370981755,0.0656096227446692,0.893135828594101,0.975727355147119,0.199701009094307,0.892614601018676,0.789175001773427,0.0693310301507538,0.0409924487594391,0.873112064143203,0.170307313416854,0.103879216932746,0.148312801285485,0.0340754819440673,0.161633413554848,0.0184908225696805,0.233490164956635,0.845755066316569,0.319876126126126,0.830404769375588,0.527350358495126,0.0261221105006738,0.132249814371752,0.100073923489189,0.0890902565942939,0.0191800878477306,0.260475825019186,0.831323787992967,0.808388478007007,0.477798921661909,0.620277494143792,0.0630730940529211,0.547011063901392,0.0257645968489342,0.184822969509963,0.405590717299578,0.193080193520012,0.0107204116638079,0.0150290885585003,0.783510591544344,0.062582741605488,0.505767947373439,0.161965755242899,0.407279947054931,0.727869479319355,0.446052024011082,0.796379555134879,0.0497181845149807,0.0616193194689865,0.144022981001502,0.211847733105218,0.717779424644614,0.115485564304462,0.809061684963911,0.0452049546673477,0.875912408759124,0.117520447696944,0.795369678864824,0.7290455011974,0.0538310678298505,0.239901984032883,0.630857304403138,0.146918918918919,0.071424595000835,0.851685242379482,0.113929146537842,0.618819357804189,0.232751384925298,0.0380699424524126,0.685329960910554,0.111956949730936,0.838606676342525,0.085564990202482,0.738399579758361,0.140802568218299,0.22964294888261,0.104490984432747,0.929843381248659,0.541998090995864,0.0374663630718278,0.0579583613163197,0.0574400299850075,0.734704959575238,0.301805416248746,0.758080023666889,0.157268617654057,0.103298745547468,0.0339330998671658,0.900862827962669,0.170220675205299,0.0156952914125762,0.25265558422853,0.506530291109363,0.393572496263079,0.910753753524884,0.525317556986254,0.227328851694334,0.655058799675588,0.729219948849105,0.0058918839298865,0.0162277718394714,0.347380503402476,0.604962779156328,0.133562262786915,0.318269712812433,0.343911917098446,0.106667480766882,0.114782608695652,0.238260246146493,0.340961317502872,0.208909290073549,0.095636732623034,0.466813937142283,0.211151736745887,0.325786933170168,0.057667731629393,0.62467980844192,0.128202320998467,0.0715810336941607,0.885753200762735,0.194666666666667,0.919761837255458,0.161402802923624,0.241969066032124,0.202934625966199,0.627668180969569,0.652868901347966,0.379588128407026,0.198471971843077,0.332137184540267,0.360845207111033,0.367144861999064,0.142787682333874,0.285167289634424,0.57335655202438,0.340378651868778,0.3924,0.24884174591563,0.342852090884979,0.348325134691965,0.56841467723212,0.395806028833552,0.0785824345146379,0.409299372045439,0.438915470494418,0.280258844565541,0.29122394769105,0.381375579598145,0.351313969571231,0.170086071563904,0.539299740029869,0.484495787370798,0.276973578001399,0.174650698602794,0.556068696781642,0.544328114494285,0.295583852614468,0.503063762664564,0.264320302350301,0.125039974416374,0.243026004728132,0.484588630366995,0.229922315989493,0.311922019495126,0.251844916841062,0.203644646924829,0.248036378668871,0.53182231458631,0.0558976464148878,0.167205723806724,0.0826672388820342,0.22169876680061,0.499276710064063,0.290736607142857,0.412203120341846,0.420109564026478,0.662721088435374,0.403910668072462,0.247597204019222,0.535569584471874,0.496491740973542,0.362235956092611,0.49523215399697,0.196990016,0.357111501316945
GSM2334104,29,test,0.08394012,0.5001638,0.1650715,0.7492443,0.2141716,0.339401,0.7851064,0.4229132,0.9673591,0.894772,0.3886806,0.5813815,0.9555426,0.1858131,0.06485369,0.9501348,0.9462431,0.2636007,0.9559409,0.9066634,0.05482382,0.03019061,0.9600876,0.2096824,0.08431486,0.1213821,0.04102115,0.342206,0.02759645,0.3580296,0.8373691,0.3851731,0.9199823,0.6065888,0.02797188,0.1689773,0.07785972,0.1907089,0.02656724,0.4079004,0.9299078,0.8021701,0.6342132,0.8170936,0.01933776,0.6450377,0.01879468,0.2559997,0.5154786,0.1727995,0.01958497,0.07004257,0.8904975,0.05217391,0.6281218,0.1623463,0.5810649,0.8366847,0.5446464,0.8918679,0.05250705,0.1000785,0.1503178,0.2906824,0.8138494,0.05463037,0.8844212,0.02531729,0.9371196,0.08870133,0.8948854,0.8339867,0.06573521,0.4394702,0.829604,0.2306222,0.1419323,0.9356243,0.03719278,0.7300589,0.2954256,0.08930043,0.8200258,0.1323041,0.9239983,0.08832734,0.856761,0.08164641,0.2646177,0.26045,0.9619118,0.7166807,0.04254458,0.07096017,0.06298209,0.7807964,0.3320719,0.8748652,0.1628378,0.1402222,0.0715463,0.9565559,0.1748348,0.03012242,0.3645157,0.9052975,0.6546205,0.9045078,0.6475518,0.2615943,0.7603515,0.8418084,0.05726563,0.02145995,0.3028458,0.7399654,0.1381069,0.4606148,0.4855259,0.1807051,0.1015972,0.5059922,0.371759,0.250036,0.1190008,0.7964379,0.2413625,0.3693487,0.06611537,0.6889362,0.3076918,0.06586239,0.7655372,0.2722134,0.9133569,0.1883129,0.1818487,0.2491353,0.5017437,0.8845156,0.3942158,0.1803849,0.06130557,0.3859412,0.2812857,0.1735597,0.2406345,0.4922608,0.5287519,0.3647545,0.3268643,0.6261607,0.4888518,0.6235548,0.7925947,0.06601759,0.4209456,0.661292,0.2251269,0.2780932,0.3866978,0.6055771,0.2839064,0.6745101,0.5521229,0.2556068,0.2149777,0.2634438,0.7429918,0.5396442,0.6358382,0.3077499,0.1244261,0.6305093,0.6942029,0.3467167,0.469771,0.4688797,0.2963138,0.4316598,0.4966032,0.03451264,0.2915341,0.09384105,0.326818,0.6447223,0.3749056,0.3926203,0.4972157,0.9149707,0.5320814,0.2409105,0.8510614,0.6039341,0.710004,0.6053885,0.138336,0.4513086
GSM1886411,23,test,0.0610558840314714,0.376735696955045,0.15597491611039,0.754989387639273,0.149018543678619,0.103334108824258,0.799079164840617,0.154112340849111,0.978965331043196,0.788572168267062,0.179677836059066,0.61613338408359,0.985987394088591,0.144425628880339,0.0437609575507327,0.967525736568727,0.9874237027754,0.152331232703346,0.972449120889599,0.894603552589799,0.0180384157024727,0.0257371087134511,0.988594520190881,0.0749183109922011,0.0553364124501005,0.101012341456067,0.0141526610595092,0.284236121001456,0.0186671073255776,0.269091359855879,0.859242266726179,0.419500385148324,0.950637682556837,0.496457449225768,0.0153653288733157,0.0707628067407433,0.0215652846132515,0.0661261992439778,0.0197214399643745,0.170564184724688,0.923623844661859,0.828428627700356,0.492868498291446,0.769224791956868,0.0138028199263149,0.596280219250956,0.0147805540799607,0.301191186585216,0.35876939358215,0.0674698225777743,0.0152290268824794,0.0203996063067037,0.970920712138754,0.0233181339018974,0.612408801452866,0.169882180388724,0.43763366924799,0.936962563201703,0.417354781384944,0.931624909607998,0.0265113934470164,0.0372208530744984,0.0986942715086337,0.231665373849198,0.794050777324364,0.0655536118530448,0.968156335425117,0.0681248547712864,0.976250633908231,0.0317900072887096,0.973557892604827,0.644030109813893,0.0240994291955742,0.328542049495949,0.693363120942625,0.141509910372159,0.0286618725426224,0.9781646155785,0.0221126847676004,0.898546097232942,0.15659461665333,0.282015973230023,0.741457778402598,0.0430728144821291,0.987726333385819,0.0937474600713785,0.909504961413712,0.0515709195257593,0.234384418,0.14595254743511,0.971111700881834,0.779002815146912,0.0283514459881279,0.0351661001564145,0.0292306233925358,0.746442324841426,0.283547101332724,0.848224516252852,0.0568393655598243,0.176465623569675,0.0160297081450501,0.919398362036001,0.103480114561842,0.0167559115712581,0.177878796381451,0.886011010176263,0.446978796951376,0.958654247793212,0.600417844712686,0.115938926101595,0.630377315886983,0.946768582390306,0.0325364981669753,0.0162901740267739,0.277976898687815,0.709659762841701,0.0884091684679539,0.24100917741551,0.493082217198058,0.0435382775394575,0.0508838591458207,0.262116555806801,0.214152262521204,0.134815694447586,0.120652983097067,0.902498509241841,0.255894409692375,0.286349628003193,0.0139315500588998,0.646288723100289,0.147003289258693,0.0128553228985732,0.972431986675023,0.352844041901321,0.963774003331626,0.105085721983225,0.123710303483899,0.0886934919105195,0.39095976575826,0.834192843335248,0.221987763146226,0.0612498716764642,0.0179245456039437,0.222657382339706,0.186834629795528,0.0439833991324999,0.153671395662616,0.442900144183315,0.426070113513711,0.317913228516299,0.262483070854603,0.571606377434104,0.626401942027166,0.621852163532224,0.816454014760421,0.0155546203262184,0.456614641086544,0.728571097484854,0.205709727470159,0.206627939281477,0.136048711153232,0.741220893757993,0.211338010653289,0.689506832590484,0.556359322233027,0.179339728241916,0.166190580685514,0.193287104721792,0.741580496548015,0.411321047447762,0.588886654156468,0.304421456703764,0.032149874384801,0.77652768019325,0.750239555433178,0.240467414474118,0.467081059873721,0.481642134896942,0.132894710445392,0.450689629976187,0.491813515934486,0.0303126473905702,0.158918969495075,0.0340149556863102,0.352168954763579,0.617228494333884,0.632678292832371,0.314758151400415,0.416526155499225,0.936432714157566,0.492387692440161,0.0523993332644639,0.958639632696228,0.675022085645553,0.533144268379121,0.534183578406533,0.042935358882066,0.410384955944806
GSM1345692,51.9,test,0.121704035874439,0.354833415394715,0.20177578300322,0.679320890013709,0.164537846850815,0.136501682672577,0.737579379902876,0.244830438378825,0.968364686817445,0.765659083826737,0.256283217728133,0.36085533046859,0.880348212631969,0.153607066906593,0.0454808806488992,0.91186759956943,0.961685655214886,0.111225616488774,0.859005704971475,0.832484126361997,0.0632814493493238,0.0407695831424645,0.847131411732204,0.126683234121251,0.0719609892023685,0.133514328808446,0.0430899404575368,0.130100688924218,0.0074660978211183,0.20776874435411,0.835583746781385,0.248052683755842,0.794530099945766,0.630341072373894,0.0109806479669493,0.146194861851672,0.100622406639004,0.148688305913739,0.0236417723500861,0.239451857194374,0.825356278569508,0.830242587601078,0.414301511242167,0.635700764215102,0.0402500381155664,0.547190250507786,0.018192905783108,0.179228820714889,0.367555576987992,0.168197474167623,0.0143285821455364,0.0445980750982784,0.773717765724617,0.0574384361513074,0.491067884080985,0.175102544701525,0.427222877767752,0.632168488832249,0.496886498726295,0.778132118451025,0.0359632549351749,0.0680175246440307,0.152644052732928,0.259142589949304,0.753275563258232,0.052949492353168,0.823900424201831,0.0422287390029326,0.887199434229137,0.112912066400438,0.848661485319516,0.752247926669577,0.0411990896963039,0.25484191992651,0.581081081081081,0.218060543868651,0.0399686992114609,0.840581797235023,0.0838397265476643,0.623857657158682,0.241679799758969,0.0768994155644417,0.767565061916429,0.0792514354575743,0.852275132275132,0.0796019900497512,0.714285714285714,0.0561102081882207,0.272800429184549,0.0839005073629501,0.886170642943793,0.56579483418887,0.0464251051439664,0.0574869185004659,0.0990491283676704,0.6799011624642,0.24883947504155,0.782246879334258,0.20272952853598,0.121046799079362,0.0434228187919463,0.904710591133005,0.162699470617359,0.0177502363197143,0.122519570362279,0.827229299363057,0.329701492537313,0.92207128250073,0.452217092081192,0.164235294117647,0.655999551644903,0.63240775251584,0.0358200118413262,0.0219590958019376,0.320780611903327,0.677376925967681,0.0963728384647828,0.297311827956989,0.322560975609756,0.070181515865318,0.0948057746688495,0.329643765903308,0.354124554817596,0.205621218119097,0.123197115384615,0.601088139281828,0.170173535791757,0.317704056495319,0.0613547611895464,0.572017970110938,0.0973056994818653,0.0739306163691479,0.938064889918888,0.199163179916318,0.913854351687389,0.152381567058216,0.241525423728814,0.142838490664578,0.670704207203144,0.659735154148562,0.411825606810077,0.16190756549897,0.252093672456576,0.381684677195899,0.45355504587156,0.141944297549797,0.389525736120477,0.557937508757181,0.345066885814729,0.444692215941503,0.289424071033266,0.300341911103113,0.375358753587536,0.604290355102498,0.361699884002953,0.0875195550147749,0.401257422284317,0.380931458699473,0.285130373502467,0.294176931690929,0.377063055438003,0.30970576996561,0.152512303994506,0.519749028981177,0.494855871721197,0.236630079402149,0.182540919719408,0.605944830748071,0.501530221882173,0.27863659401926,0.476936070686071,0.253858024691358,0.10924219379082,0.282926829268293,0.470628887353144,0.227586206896552,0.337956048645189,0.260768649465616,0.172560822673689,0.200906344410876,0.47571626805975,0.0479827944230199,0.136893608161566,0.064383127180463,0.396847345132743,0.444778188539741,0.271852039523689,0.36976725712924,0.332700366684128,0.679224308300395,0.443985307621671,0.261373035566584,0.575252429034102,0.518594457013575,0.334913993491399,0.507052312087127,0.131346479878647,0.306883993074213
GSM1344857,47.5,test,0.0554069215500129,0.468318075749417,0.225264406444598,0.693881490059834,0.27919177596597,0.139844315713251,0.763852242744063,0.247704616998951,0.97523895536991,0.858894645941278,0.314651095850981,0.495429012005727,0.913847396043601,0.180088386938375,0.062539415598066,0.942927080649317,0.945176219295123,0.173525668222316,0.93909796035622,0.84776989860163,0.0590348577531799,0,0.909026170553676,0.146640541053031,0.0685175751400917,0.115772889070432,0.0730913642052566,0.221950224398205,0.0207164436771688,0.330290358678367,0.823099320608217,0.343259947898044,0.841293218318255,0.602854131192735,0.0319985698963175,0.104548929663609,0.0984202868426522,0.178867960335911,0,0.253638352515933,0.8735706025954,0.806437467111033,0.516185843676619,0.784715871979099,0.0307959680222454,0.620637750049515,0.0060162601626016,0.257561365795131,0.454945161134464,0.139380888290713,0.0170620369677468,0.0460511167395809,0.830109551523451,0.0648717263495457,0.553129984051037,0.116807016182234,0.52346151219179,0.797740792727759,0.541536539662711,0.86181332036947,0.0533956864661129,0.0854463165930531,0.141465574496347,0.302517139056584,0.771777304392884,0.0377527642195438,0.858892494504344,0.0178165730001196,0.87646017699115,0.0533633368158804,0.880714175773434,0.733179157331792,0.0585930988498083,0.332778702163062,0.66651282389398,0.210526315789474,0.0626490897677338,0.876464758351309,0.0339075959279561,0.7221410176098,0.249513659815614,0.04,0.799505086609843,0.101158362424627,0.874087591240876,0.0769439176374966,0.766351871283666,0.0601756834414252,0.271956675300212,0.12725844461901,0.934640522875817,0.632223903177004,0.0631215583134709,0.0687223921168875,0.0884640614750258,0.775695783962524,0.34352499746476,0.835946170921199,0.161231184870706,0.0866611433305717,0.0533595497999864,0.904050515940243,0.142868136519297,0.0083775004274234,0.233179155103299,0.884026978121402,0.453965000788271,0.879250609521365,0.691185971389017,0.204446854663774,0.758882846734597,0.732116519174041,0.0256249214922748,0.013849364446974,0.324109796976788,0.72302921495022,0.122093023255814,0.304809944154206,0.426552998688446,0.087844453769758,0.0834932821497121,0.457906064058742,0.330070644310154,0.222275449101796,0.100439763287909,0.786768095896727,0.232759104427361,0.394785591766724,0.0599381669492371,0.608348134991119,0.177573278800273,0.102715163934426,0.917128432459057,0.230071942446043,0.925734453447333,0.181431250901746,0.166571510134171,0.151133869787857,0.654806189012885,0.567445608380338,0.473391919931649,0.214542268944371,0.211455375879521,0.41177229340442,0.36012151339409,0.183269800931809,0.300523982265216,0.492838386249702,0.499343955014058,0.438833841463415,0.34177764910249,0.510551580472783,0.390114493158336,0.634633083070961,0.591425136903967,0.112581773923627,0.450467971313966,0.517225325884544,0.25126866753661,0.290774822592742,0.378341071652654,0.446230834752981,0.290523627075351,0.654988858628373,0.599216433714528,0.288179669030733,0.20701264575464,0.530110737837502,0.614244741873805,0.378275248028491,0.604485776805252,0.266279302744941,0.113979614612008,0.664161154539988,0.678840034712178,0.266909434216737,0.44956241363427,0.325058548009368,0.254400771642151,0.36621153454249,0.440752504275592,0.0508419689119171,0.174969488516587,0.0810723929535811,0.289856760218936,0.616313638052769,0.391651031894934,0.330251394513639,0.385981860140611,0.806498194945848,0.474453322119428,0.268026710776205,0.797731368599597,0.527984821791571,0.449037152304999,0.48232795242141,0.151162790697674,0.393815701185417
GSM1343427,65.8,test,0.126305856979174,0.527983021537494,0.188815982763686,0.741515255399383,0.268517944585632,0.198155737704918,0.740453210239194,0.308705584990035,0.964091331474844,0.854616895874263,0.315890840242867,0.446898536007447,0.933185705558949,0.107794618001856,0.0647356482289304,0.909239003956249,0.97420749835901,0.246150040200383,0.911970949161032,0.844527431489923,0.113929146537842,0,0.895659099960175,0.217898251033933,0.103786496350365,0.213639106819553,0.0786744079848653,0.254094065243024,0.0309253826024899,0.292418435075255,0.817237267927099,0.37487395899466,0.871948708899477,0.574884705526574,0.0113051719469266,0.265887990416292,0.146834109071748,0.165131959160085,0.0271808458443725,0.306079926657499,0.902160681679854,0.777934472467285,0.564074663095338,0.653642590286426,0.0350744091041727,0.54187134502924,0.0341444770034399,0.240645252850182,0.518580466875136,0.242392133593286,0.0087797354214866,0.030470302495032,0.834642201834862,0.0961367453808912,0.585021692430816,0.142727215705952,0.484748603351955,0.735935151385012,0.469321051849651,0.839107457428068,0.070169878296146,0.113297124843329,0.225282244269586,0.299930666014112,0.758564437194127,0.106513634037576,0.861206600206257,0.0600361663652803,0.905741311042675,0.125712476250792,0.810038119440915,0.728440180701487,0.0955193221209398,0.302786092562745,0.694168031238191,0.220037846930193,0.0999766954089956,0.870741385985288,0.072519305579748,0.716670504259728,0.210973679582625,0.110831234256927,0.751834901994646,0.17189384800965,0.873863038412388,0.143057285180573,0.832890806505144,0.167776456599287,0.236006683375104,0.206061743455006,0.978275038018683,0.651908269166388,0.0598118279569892,0.174432883086667,0.0742496050552923,0.769539725774433,0.39867080959779,0.788007796471071,0.201592623637888,0.198808950914341,0.080588719637711,0.909597411933861,0.124760203744129,0.0097336402499177,0.32060430096944,0.840711713619996,0.540905746203759,0.954487850570279,0.588312945524949,0.18999601963646,0.674757281553398,0.754182380814235,0.0164788432915161,0.0150003138140965,0.336586808636498,0.69156329726401,0.166789897653423,0.384079133301931,0.474751857677496,0.128059158401315,0.141835016835017,0.477178423236515,0.381213276163252,0.29032410246733,0.152958379027625,0.700792460912401,0.250897268082591,0.418386491557223,0.0842431499612594,0.627606377960185,0.20386974988202,0.0985683950955545,0.912649894192335,0.219286204529856,0.955577822311289,0.189080869255433,0.191045357212381,0.280985373364126,0.648576783923979,0.633639355620994,0.516896339857807,0.258450810974685,0.165405405405405,0.500849147160895,0.397891469549395,0.236940410917636,0.283908045977011,0.535090127184555,0.45106353874564,0.502481497605572,0.223587369420703,0.477573385518591,0.320337620578778,0.585855547618152,0.62740728951138,0.138055946870598,0.40973682860514,0.64359351988218,0.307923098180096,0.39413414945167,0.463568974868921,0.475150121374729,0.271309428450266,0.56161487018096,0.613864249903587,0.400223833390103,0.204749512036435,0.539827825054423,0.650338419180911,0.440713853599516,0.574503541174837,0.308975617120858,0.146980461811723,0.466800356506239,0.625679464438977,0.307209719179446,0.404747225647349,0.388569341732859,0.276060388209921,0.250970245795602,0.530553802844246,0.0538344026886648,0.214872506134642,0.107853014475847,0.301301518438178,0.559005227308728,0.413112164296998,0.399428519317871,0.424080875093788,0.723961144090664,0.419174783845901,0.3448121867712,0.705898292837142,0.546755902584123,0.536234718826406,0.508139126361401,0.239643115505184,0.398105128905894
GSM1345563,57.4,test,0.0746711921934663,0.528118060032954,0.180984465655999,0.728340182839889,0.250114192495922,0.251525859299711,0.810074176298085,0.353254235633026,0.967889603927553,0.867320754716981,0.310861178316877,0.481351881881028,0.922591667761861,0.120755269320843,0.0676188754293979,0.926273172810569,0.977805084094924,0.192935123603965,0.910169296326155,0.857253644917795,0.106743737957611,0,0.906557146868857,0.21452999804573,0.0692583644483491,0.124874371859296,0.0556094855082513,0.255484566238165,0.013986013986014,0.291414694538355,0.816876631483373,0.352044731937288,0.860209195903247,0.579178330937429,0.0060864698474884,0.192505628819556,0.124588781105019,0.158164435946463,0.0096264518154232,0.320532269949287,0.882256656481886,0.788353601496726,0.537406722367498,0.768866204885162,0.0267954211165825,0.626052607404232,0.0254360926102125,0.245943845331779,0.516236314039087,0.208097518502394,0.0169440058301956,0.0286068465719462,0.870904508541025,0.0743657042869641,0.579315831344471,0.126046746258618,0.535029375900676,0.835534021935896,0.582694255534655,0.858055009823183,0.061510898775754,0.0839028094153379,0.181127788076302,0.288026689731867,0.797248157248157,0.0443098501753267,0.869868005506519,0.0262228500794632,0.892981709910676,0.0888217087742028,0.822708578143361,0.7726854690374,0.0737503929581892,0.311853778934027,0.725498699045967,0.235100582816319,0.0814049586776859,0.901281987329775,0.0597975542683284,0.721231162468715,0.193809874723655,0.067577828397874,0.814336129061827,0.132117465224111,0.900726216412491,0.0928165884966675,0.81109865470852,0.0758442265795207,0.2433119901763,0.214676686148993,0.951325134245626,0.66587552742616,0.0198285101822079,0.0610475445952669,0.0609200424442919,0.802837638870298,0.365339881106229,0.811095218635063,0.18010425716768,0.111155886896366,0.0604261458217734,0.900356848751029,0.106827823042219,0.0129105625794368,0.273624401913876,0.903925905446503,0.466309084813946,0.896693046919163,0.572058398381035,0.208573256557901,0.756317126431659,0.822535687135738,0.0123910532395254,0.0110593308757042,0.292174901798636,0.725602605863192,0.146087248886274,0.360755164394181,0.431497869550967,0.125977768629065,0.116139940174275,0.418456738269531,0.371741361614779,0.253330840072928,0.134667037139946,0.701740575526983,0.247084059525406,0.388482526413561,0.0616740088105727,0.534928297600454,0.213663612713494,0.0784285300086982,0.952842867995091,0.255665310865776,0.919245317413298,0.22453553097665,0.178876046233559,0.180059313656263,0.61829100462905,0.53409578270193,0.482127288578901,0.213763936947328,0.20326713340001,0.456573343573274,0.408630470016207,0.212512239474052,0.317693612210288,0.520949578979406,0.492816193644278,0.476090806633392,0.278525248995282,0.483599157387902,0.425981055480379,0.601386541579002,0.566793409378961,0.0993671346475595,0.452375487720909,0.522345930688412,0.282041092079641,0.338627442133285,0.450714894422877,0.504623955431755,0.284270203776007,0.6217801341904,0.566786414108426,0.287346355893303,0.234845388911592,0.476285871688286,0.615693518592884,0.377932118988337,0.588249343205159,0.252608663013287,0.114789139225881,0.427478376580173,0.620676339162575,0.308658708231246,0.432506887052342,0.329347186826113,0.264483082028714,0.355535140101057,0.506878306878307,0.0542909560372358,0.179047213044868,0.0708823374294605,0.35196353759035,0.622218504266354,0.362480824019286,0.367597349918875,0.353459889773423,0.795297206970637,0.457168701944821,0.291153846153846,0.71919523357223,0.596970434359411,0.47954564864634,0.455488022881659,0.157117278424351,0.429687141085129
GSM1344048,41.4,test,0.0820245524998285,0.484062898427539,0.127195995681617,0.708598130841121,0.225230550957673,0.235762360859436,0.841635916359164,0.236559694561965,0.987798710330004,0.80248853962017,0.203112616182722,0.410117096018735,0.920988513748695,0.128514236876434,0.0413850646641635,0.920207887496179,0.963513704436281,0.209266926449099,0.911869470297599,0.852294949959738,0.0840790842872008,0,0.892444444444444,0.187491061638938,0.0712490076739878,0.123971065103517,0.0541666666666667,0.18012376602328,0.0396278736917434,0.269624894237097,0.810304752066116,0.334646680942184,0.879257354324782,0.582272032603158,0.0146886016451234,0.130652576682907,0.114989123986553,0.149604231533931,0.0057627118644067,0.243634608422831,0.824005107469674,0.820814575874659,0.503035101609923,0.696974406797223,0.0188190607734807,0.540634940435352,0.0210124878486503,0.295153993387855,0.440399116459746,0.167778970457834,0.0105908906765438,0.0401560567132934,0.855145262014662,0.0544803611269652,0.59124249014043,0.124813358929823,0.554509149430768,0.7127680407324,0.545812509465395,0.853036819469212,0.0588339956111737,0.0774741752749084,0.136813414706405,0.267451365048226,0.757820539205598,0.0590878828229028,0.861274748637994,0.0114314115308151,0.889426044023863,0.0747815054976036,0.875864014670616,0.710692899914457,0.0604099244875944,0.31248262440923,0.707969533717258,0.202620967741935,0.0639097744360902,0.857402126004667,0.0409323116219668,0.702014153511159,0.28207592503604,0.129638792676893,0.750467726847521,0.116482843137255,0.867107309486781,0.0969872537659328,0.802537552865685,0.0639854891168376,0.206519617411673,0.144474034620506,0.935694822888283,0.657136909305392,0.0265134776844896,0.0696888109698829,0.0554551370110621,0.813339618194674,0.289094889830903,0.818842653540152,0.162697231318845,0.122647507629705,0.0584997301672963,0.915994130594277,0.102055800293686,0.0154812326566379,0.298114367698299,0.887273212379936,0.499717872760615,0.925608918476251,0.56070500667088,0.166996536368135,0.671942554231362,0.760375050958011,0,0.0155132110221719,0.304614992350841,0.728679648649905,0.121571072319202,0.343928628666061,0.406959473795884,0.0894748578436838,0.100078595755829,0.388738685788174,0.388461251027576,0.206852172369414,0.106708254623731,0.775523683713908,0.288322921672273,0.400865012519918,0.0630769230769231,0.690105592491201,0.164646027278632,0.0748494407800401,0.882901447632786,0.259023587493143,0.932629968187492,0.176326577089501,0.198805907614958,0.203879941434846,0.606084800605118,0.893669162695711,0.382031322398295,0.161484677179411,0.0492540993712243,0.414999253397043,0.322987177370535,0.152378557056625,0.288633304784045,0.485233680588741,0.43634940620002,0.415984481086324,0.256503728251864,0.435617499032133,0.394035246272029,0.621193484662119,0.596019300361882,0.0699158688714824,0.421078946052697,0.554439091534756,0.236802473050095,0.323155555555556,0.403120464441219,0.466135458167331,0.24947244028024,0.621366040915687,0.585349412029062,0.263581783570069,0.175667287399131,0.445199754833677,0.634550342554852,0.347926829268293,0.585746102449889,0.290935785487984,0.071922459562909,0.519728072513996,0.599401804235612,0.283820980731981,0.397136563876652,0.349716446124764,0.261791491096915,0.379976114649682,0.481236315494679,0.0309951060358891,0.248081602096201,0.0315294916789313,0.303373819163293,0.597431506849315,0.319084326092035,0.370525489169557,0.41310917216429,0.763052208835341,0.406530680768908,0.281448282807936,0.748327759197324,0.491582103321033,0.480662116576449,0.56871372999171,0.167023313436198,0.373457205690947
GSM2334270,53,test,0.1166121,0.543692,0.2547252,0.7466394,0.2728833,0.1360719,0.812852,0.3292845,0.9559267,0.8639325,0.2929383,0.399369,0.9660056,0.162735,0.08359546,0.9499098,0.9492853,0.2389054,0.9543462,0.8991237,0.1073319,0.0356041,0.9371657,0.1915907,0.08142476,0.1342528,0.0563239,0.2185279,0.04500221,0.2514017,0.8199148,0.3444214,0.900023,0.5441911,0.041314,0.1600134,0.09976619,0.15317,0.03254974,0.2977712,0.8989687,0.7995491,0.5590174,0.8167621,0.04125095,0.4982036,0.02250195,0.2218285,0.4716745,0.2181969,0.03336584,0.05525183,0.8709892,0.07061809,0.6339912,0.1360276,0.4228076,0.8638985,0.5744563,0.8913808,0.04336757,0.09121233,0.1403223,0.244753,0.8030805,0.1275326,0.9224104,0.1002101,0.9385127,0.06866454,0.873741,0.8438796,0.07432811,0.2724622,0.7438904,0.2202169,0.1113733,0.9190912,0.06271979,0.7535374,0.2607012,0.08047747,0.8240828,0.1352157,0.9218102,0.08344448,0.8120226,0.1132418,0.3007965,0.1712503,0.9515297,0.7084104,0.07114884,0.06421322,0.09198225,0.732313,0.3071764,0.8253531,0.1808926,0.1069754,0.06277092,0.9531016,0.1530262,0.02762619,0.2733593,0.891166,0.5063334,0.921916,0.5538177,0.1894616,0.6477835,0.8366245,0.04493709,0.04260597,0.2441875,0.7240635,0.148107,0.3512058,0.4573099,0.1222911,0.06726376,0.5425012,0.3375285,0.2686616,0.117042,0.6787769,0.2087458,0.3231817,0.06539249,0.6339284,0.1536474,0.07479658,0.9133764,0.1477363,0.8784455,0.1491042,0.1918681,0.2037187,0.5933283,0.5442309,0.5214027,0.3139219,0.288756,0.4538369,0.4111299,0.1877527,0.3071705,0.4902945,0.4633492,0.5005079,0.3135353,0.5517536,0.2902467,0.5998982,0.5705826,0.08190721,0.3418337,0.5845803,0.2192141,0.3587652,0.4570641,0.4047958,0.251236,0.6053794,0.5885173,0.3396985,0.2656323,0.4112554,0.6366469,0.4173291,0.5249275,0.2459154,0.132616,0.521639,0.6132581,0.2906468,0.3900797,0.3506037,0.22744,0.2556677,0.5208232,0.05680906,0.1941588,0.1139539,0.2973657,0.5283525,0.3012243,0.4111306,0.3763133,0.8221245,0.4579344,0.3400586,0.8086134,0.5981719,0.5262761,0.5185204,0.1754191,0.3447241
GSM1345741,48,test,0.139355207935902,0.429904941337672,0.205887537458135,0.65014961101137,0.16963329764454,0.155404859933802,0.693487553432235,0.254892957584802,0.973203125,0.717110125646711,0.243114098131386,0.326836412798558,0.863284433577832,0.137251976726839,0.048045757864633,0.879535771999412,0.9522813064172,0.177935943060498,0.863484486873508,0.782605346275326,0.100911760160717,0.017895351099008,0.843509543319676,0.196621500626753,0.161129568106312,0.135297721829221,0.0422628706298864,0.308106344805089,0.0315598380114509,0.287498612190518,0.854138529808991,0.40066870994706,0.784784472679086,0.616988653787182,0,0.130738959335374,0.110822164432887,0.0962234636871508,0.0509170946441673,0.262400474753969,0.794463461824676,0.826937083309989,0.430090655509066,0.62194138209196,0.051990472949983,0.494024208637214,0.0273775216138329,0.241801397460091,0.408964558721334,0.190190292052508,0.0207958408318336,0.0420988407565589,0.779504613890238,0.0688795740342132,0.444695885096753,0.176708156779661,0.478398983481576,0.707224066097027,0.455617529880478,0.795840463340792,0.0411420106390142,0.0752546668616269,0.159865771812081,0.196336519693709,0.696523107740735,0.0995166687321849,0.818801327974838,0.0138746896451,0.849028400597907,0.070657582484881,0.774492017416546,0.661037976428424,0.0605579496484464,0.207923131448374,0.598470497439136,0.227675999539117,0.0965648427884077,0.846109217492204,0.0845468184626247,0.56149802890933,0.303275202041684,0.0808225729316117,0.708476517754868,0.1407320414954,0.852191191080693,0.0919904837430611,0.692280007198128,0.16089140796084,0.240213760855043,0.189965650046841,0.849898580121704,0.500360721442886,0.0661600054285133,0.0679169457468185,0.0725564273951371,0.717660495311373,0.256300523062292,0.733190641375747,0.134203398177789,0.0912941532410559,0.0461305772624149,0.898770104068117,0.216556571540139,0.02710027100271,0.259127789046653,0.795140186915888,0.411163258464633,0.924506387921022,0.460980998674326,0.235907859078591,0.578726801037717,0.737089768339768,0.0283501161890008,0.0335797254487856,0.331532670536176,0.598361132097402,0.142657016110203,0.370031247729089,0.401596833629043,0.0879829710378636,0.152838427947598,0.271063771678274,0.389390848149228,0.224790690326997,0.0846345207219605,0.626328992951858,0.219367082115197,0.368969715416223,0.0572198690797074,0.580006982427557,0.187144622991347,0.072366868559742,0.899610724272164,0.213557993730408,0.918186743724038,0.160970075166643,0.231437719164507,0.239142461964039,0.626317142122848,0.691274292422069,0.376593559301553,0.220394736842105,0.157249129471352,0.379568332275324,0.360433380200149,0.144648381109507,0.26971693074595,0.534287333522244,0.394604250641261,0.38179477398436,0.273707837146954,0.432049276495894,0.470462850182704,0.614464905257539,0.516090584028606,0.0606667735213977,0.427469358327325,0.470116120218579,0.327981169349754,0.280174291938998,0.388588246463496,0.414378612716763,0.194564578995141,0.534629898403483,0.415096220959218,0.266433362496355,0.153714334675692,0.501206319557942,0.585423619334697,0.358532272325376,0.513744013645608,0.269920782851817,0.14989030276437,0.422935779816514,0.574946117170662,0.24857324032974,0.404428904428904,0.31128695931134,0.185963198176193,0.261719617862697,0.532633873824772,0.0392089067146117,0.249558390578999,0.0731189815570426,0.294710327455919,0.51665905979005,0.275338395510069,0.440360544001019,0.447177917721147,0.748706896551724,0.322096608427544,0.250993720836454,0.683273266906932,0.498319516020614,0.439796135060522,0.571156289707751,0.218268006226121,0.309980913887953
GSM1886401,25,test,0.0359231734686022,0.505361768122843,0.157080900096365,0.847414749554686,0.19443926618732,0.0986978427444545,0.875967028719784,0.17628547338283,0.984515272207594,0.901663391766936,0.166383400743059,0.632174673881184,0.992040989733459,0.187298982228316,0.0499998475159066,0.986474886265464,0.984218564885784,0.101435736127682,0.973732193299316,0.924445503633925,0.0175088694183182,0.0272030686085088,0.989890911661429,0.125541872686663,0.0602118067845366,0.0642026723503651,0.0210630533588661,0.424831336184219,0.023789890956434,0.15611497540851,0.919169006778587,0.463171672984713,0.956342447387419,0.689011486539465,0.0177508260606012,0.108059309915219,0.0540313978385547,0.0828707514142137,0.0267830604350996,0.167589911413237,0.977862437652328,0.845869334626405,0.489460513814169,0.835005291135647,0.0191906429688039,0.592131512968871,0.0165514768061408,0.168421032731979,0.445788321653793,0.139058171731796,0.0156518425104578,0.0397429273472248,0.961450873650396,0.0168399145446642,0.60376338618316,0.107625729625231,0.403240854050005,0.882418736234056,0.524404577294971,0.970622939068693,0.0148889182342609,0.048300843579002,0.0724116109075253,0.167714376863422,0.848636340437933,0.0782470804111057,0.886356273404225,0.0255997141236806,0.982654856487322,0.0449612990174875,0.970954554871117,0.851793718148999,0.0261586593434269,0.265244847241323,0.774550614,0.125652279631891,0.135760281342516,0.966321062544358,0.0215897775929083,0.758296966604169,0.215486966579629,0.27576224972364,0.85493527159679,0.0434038332232082,0.981758712893187,0.057821606037928,0.946649681004189,0.0440366197348606,0.236139926466946,0.190470891273225,0.975484227825494,0.683640388579552,0.0245312803401894,0.0219230389926046,0.0374215693555435,0.780243225765764,0.252621933649583,0.862697460665102,0.0888754768869593,0.043646497342771,0.0200420916268302,0.979092301894762,0.128575656255079,0.0163311459459024,0.26779521012689,0.954033203899393,0.626961792522837,0.946576196937068,0.677586926944382,0.161512375471444,0.715595315219526,0.922426726717827,0.0311311023749611,0.0183508394211722,0.302891425954798,0.714637555848778,0.0906414621481577,0.312770003962167,0.405986602630779,0.140314494417935,0.0649971695702205,0.571058188676376,0.332732388640468,0.165314491339982,0.0699797597258626,0.915110302471896,0.202303104611769,0.326689606549304,0.0360786708677635,0.673095456409858,0.261495119871537,0.0316230693755037,0.911031855928183,0.243253733565488,0.96914575953676,0.123320044769802,0.150348860144092,0.0888618705982032,0.458291063390575,0.950775101165341,0.374884950984427,0.12115365794786,0.51410905951456,0.298521650080727,0.345998437747698,0.0488790529414023,0.215409475129813,0.562705010505374,0.492379971453935,0.305412098631694,0.398205891203089,0.787802094645323,0.56379521837236,0.694215654037941,0.920328849866602,0.0261323228878871,0.416771607355724,0.71496257504698,0.194935683606248,0.226671536656369,0.304764282884149,0.62071231873651,0.220219621489778,0.708969233281696,0.477718005625783,0.185129828079262,0.169468850524959,0.470435966458606,0.812657663226984,0.549325191703386,0.664943819922164,0.361190248690754,0.0667955381565051,0.858978348710433,0.792602839822181,0.293255805092082,0.473203216155306,0.413065953447349,0.265269047286918,0.43588289620707,0.487228648565758,0.0258373162740273,0.35159296643696,0.0244336381600132,0.409803186650107,0.773222702003525,0.409642839242938,0.3750942716202,0.49215302404564,0.915052787372193,0.519026757560691,0.17832157701969,0.876737487931217,0.623573661911001,0.714378745010249,0.607907542348121,0.148634644022779,0.370171599582934
GSM1343105,52,test,0.0862157221206581,0.501206423163325,0.133631636231709,0.730650463193545,0.229085457271364,0.151796458655664,0.764210178453404,0.361993977919036,0.968047615318349,0.86291545993656,0.378986210914741,0.455896638818729,0.93114850466603,0.151507912809794,0.055676730570543,0.955304133527501,0.984213586154465,0.265439000328839,0.932127218253054,0.874757706496592,0.108445214378519,0,0.908673667833528,0.219600222098834,0.0876296522269677,0.152379757948203,0.0568439831333117,0.172162902768591,0.0239101423487544,0.295418724387937,0.855415317518007,0.347171276917102,0.871453318200824,0.637682308180089,0.0107086614173228,0.187547312641938,0.12476213130352,0.165091367359798,0,0.306717171717172,0.795383213526374,0.82105547203269,0.57430765978437,0.75818140640924,0.027677294523429,0.658853521226499,0,0.245259363736092,0.508187365555995,0.226158793524063,0,0.0349945698081332,0.851764705882353,0.0954149668148329,0.620682302771855,0.134976386077708,0.571374574776364,0.801150026136958,0.479891855356539,0.865052250803859,0.058927599346761,0.0998680803244247,0.197067448680352,0.308008124810925,0.778213762811127,0.0720473833097595,0.866375746440055,0.0288377192982456,0.91999598474202,0.110428322480051,0.876336667816488,0.824604141291108,0.0787255432681154,0.296625909301966,0.736324786324786,0.277043269230769,0.088590354732867,0.901754778137923,0.0512613669697859,0.675320903757914,0.263384414737529,0.0911752404851527,0.712594541269319,0.160776778974816,0.9126815733638,0.0853263385280049,0.796505228398459,0.0933852140077821,0.224087754645176,0.165331031931944,0.913087417887822,0.663286004056795,0.0303749043611324,0.0956080071706005,0.0566541117388575,0.801290447775676,0.348934331797235,0.82112895493768,0.186676734625388,0.144769459593456,0.0619393139841689,0.938545261481285,0.12810950208292,0.0048030018761726,0.319203268641471,0.881375523768242,0.509578544061303,0.912404590061789,0.609830648492359,0.216550947644962,0.747974671757147,0.832071122818571,0.0047682412951874,0.0189545758183033,0.423459977867945,0.740534136347929,0.162186853873155,0.352116547553601,0.465300362029821,0.135414582082583,0.118771929824561,0.395186556536599,0.451379116239797,0.257389033942559,0.158022813688213,0.727141828653708,0.296566910219197,0.429937139863803,0.0806665561266788,0.641682600382409,0.275439938791125,0.093609946508602,0.899251069900143,0.269681944612408,0.923479398299542,0.219996032533228,0.253951481530401,0.239450305385897,0.694260054666146,0.576820271570619,0.480400121864527,0.268667417801905,0.179844593392253,0.468134162787663,0.408011178388449,0.206926856549355,0.344040687947534,0.650216258178995,0.495867430441899,0.454657253473013,0.303048180924287,0.494352041270124,0.414498141263941,0.622036648593026,0.583145561063542,0.126889052709178,0.454660316843231,0.552962032796573,0.271509480423541,0.369844089204658,0.475613066690797,0.448234384397285,0.267691276453127,0.611683689975505,0.491856392294221,0.345767988929889,0.211796447575508,0.379915681802474,0.668783713241691,0.439595529536988,0.603356481481481,0.287298387096774,0.162083167264514,0.537049073773156,0.668748895043904,0.328627450980392,0.466517402808874,0.295396349768455,0.310146943744022,0.374674196350999,0.523375730491578,0.0473448017950636,0.242981835338523,0.0642623407366149,0.318109499298081,0.560585365853659,0.346949195813122,0.39326232924288,0.446907103825137,0.750520433877506,0.50584077746147,0.28960524047578,0.774900553778956,0.571685878962536,0.497816934352097,0.58602936502892,0.196448895970863,0.420009718697694
GSM1225674,57,test,0.08445,0.44931,0.17814,0.70123,0.22016,0.18694,0.76891,0.31423,0.96873,0.74594,0.3181,0.40584,0.92406,0.15634,0.06096,0.9329,0.94652,0.19264,0.91637,0.82123,0.08033,0.0133,0.89072,0.15382,0.07676,0.10751,0.09124,0.2406,0.03301,0.26598,0.84645,0.34584,0.83293,0.50876,0.02898,0.13311,0.1487,0.1122,0.02873,0.27406,0.8768,0.80765,0.46662,0.75237,0.02869,0.59495,0.02118,0.18314,0.49673,0.14637,0.02268,0.05474,0.84073,0.09315,0.47135,0.07749,0.5726,0.81006,0.52323,0.83846,0.05317,0.08847,0.13213,0.26453,0.75353,0.04037,0.87036,0.04682,0.88663,0.07218,0.85955,0.72477,0.08143,0.27833,0.7027,0.17863,0.08844,0.87434,0.04049,0.70469,0.20667,0.07798,0.79641,0.10385,0.88767,0.08568,0.72402,0.05529,0.24093,0.18307,0.95157,0.62522,0.04751,0.05939,0.07988,0.80352,0.3439,0.84276,0.14862,0.09509,0.07823,0.91522,0.13911,0.02441,0.22939,0.88297,0.44138,0.81415,0.55414,0.19767,0.72425,0.71514,0.01566,0.0127,0.31169,0.69958,0.09951,0.32705,0.3469,0.10256,0.12008,0.37212,0.30073,0.23903,0.10273,0.65998,0.22443,0.30914,0.09449,0.46666,0.19335,0.09673,0.86337,0.22546,0.90094,0.16797,0.19514,0.20674,0.64239,0.48868,0.46851,0.25609,0.19274,0.41102,0.36701,0.16655,0.24496,0.49233,0.40483,0.45509,0.23622,0.36661,0.27194,0.61637,0.46275,0.10352,0.41891,0.43377,0.29805,0.31358,0.4083,0.3185,0.18267,0.57364,0.57052,0.27702,0.16794,0.37225,0.54502,0.28927,0.57272,0.21265,0.12269,0.26895,0.57616,0.24963,0.41529,0.21989,0.15971,0.24894,0.41993,0.06926,0.15276,0.08174,0.2686,0.48698,0.28492,0.33227,0.32518,0.65862,0.361,0.24134,0.74357,0.55447,0.41505,0.46758,0.17776,0.36165
GSM1344917,51,test,0.0661676646706587,0.506008230452675,0.158354466046774,0.804187192118227,0.146608991194191,0.209810308488216,0.738640776699029,0.489625594065144,0.970931382242436,0.831470335339639,0.467190312551137,0.366314755708323,0.922106247078984,0.118664609960335,0.0556890150687923,0.921749408983452,0.973041432965442,0.223497016980266,0.894328647600582,0.86766250437624,0.12490134175217,0.0058862001308044,0.899277256650777,0.240803854742038,0.0949022122475152,0.142533333333333,0.0594115428140324,0.170015804922104,0.0269239398698676,0.265519287833828,0.843172823218997,0.334319526627219,0.87902825979177,0.597918272937548,0.0151870987944262,0.153779510504657,0.125980721811253,0.14952843146232,0.0182912154031288,0.37117212249208,0.8692750287687,0.849310505629205,0.598240929794252,0.812811305455809,0.0434173669467787,0.603157286786883,0.0179245283018868,0.371599958630675,0.492272684175595,0.227313769751693,0.0292018170019468,0.0278986434604556,0.840807174887892,0.0789355658543878,0.643096455651561,0.0933288181510328,0.554007959067652,0.814155031295137,0.57597503900156,0.859697386519945,0.0656404298576823,0.0938557241078249,0.228306115914185,0.257379337854009,0.807560543414058,0.100018318373328,0.890434012400354,0.0507230255839822,0.906281559280953,0.128239329268293,0.864827104435906,0.82325338894682,0.0614796804445988,0.295475361787873,0.70569700025208,0.262033462033462,0.0557742782152231,0.905980994969257,0.0852575488454707,0.7585277224241,0.200999286224126,0.0332950631458094,0.836357779448083,0.192820012995452,0.884460920605499,0.112587180338758,0.806125773867709,0.131794871794872,0.201900788131664,0.199255654165474,0.870067756078119,0.673192111029949,0.0547674627401688,0.0852401746724891,0.0738409579367516,0.853196044448975,0.279929988331389,0.828093000843272,0.206376155442369,0.164885496183206,0.0621674600952114,0.905359565807327,0.142918639690056,0.0131263006242997,0.303799050237441,0.565535595475715,0.496586253982704,0.911480865224626,0.547428571428571,0.197704553868937,0.763067103674314,0.788183211305976,0.0189753320683112,0.0121808776906391,0.280870207480024,0.74963924963925,0.17073645296235,0.467686034658512,0.543782837127846,0.124384993849938,0.114205146281283,0.349544863459038,0.33095690747782,0.302103690079319,0.332443626323056,0.731655741171495,0.319719563765858,0.457329395305456,0.0714428257832768,0.550953573492583,0.21650917176209,0.0783752860411899,0.876115564967478,0.283188492658076,0.895397967340413,0.214135759272218,0.280966767371601,0.278022350152387,0.701019144680446,0.457669146298264,0.530003550716061,0.186740991439379,0.266821885913853,0.462225561399115,0.371400615040537,0.232017306652244,0.19774466371325,0.447368421052632,0.491252262345945,0.568157614483493,0.271006813020439,0.459952686718486,0.397820163487738,0.587050805452292,0.509113376583256,0.0693430656934307,0.421822390572391,0.557992688600864,0.216880457044303,0.42547366115431,0.499467745369385,0.504506161486114,0.23175430643699,0.623865511551155,0.602751504729149,0.36485994907239,0.280099590965677,0.390644577474593,0.624770978380359,0.42764857881137,0.636764355492018,0.161210974456008,0.0820018486729169,0.452597402597403,0.589186579773111,0.275784753363229,0.413830954994512,0.411497201492537,0.266213485210362,0.24225173940544,0.497555471981948,0.0218926553672316,0.173804157275232,0.0448590710599444,0.187666628028283,0.601851851851852,0.397170837867247,0.390217969165338,0.473466166896824,0.823142308746915,0.516550522648084,0.325550891920252,0.717139052691649,0.639228470524314,0.503523253472921,0.454600760456274,0.156187092954411,0.408795602198901
GSM1344579,54.5,test,0.115446559297218,0.522740309759895,0.245063646386689,0.762506473329881,0.213446100917431,0.230117020531147,0.751747553425205,0.342423917702529,0.98420561418623,0.818261761688407,0.368088811493252,0.466805845511482,0.930822789548551,0.124040791599354,0.0103305785123967,0.926481866988057,0.981564691555033,0.214955121436114,0.897001934235977,0.869351971062473,0.0967330677290837,0.0035694673256452,0.899113783826555,0.222582972582973,0.0951366441375257,0.151861729408144,0.0593150169363944,0.240487331155646,0.0529776083849452,0.343141337034467,0.81201349247535,0.370671859785784,0.87379835873388,0.647547045772044,0.0143289755521087,0.188270629149542,0.158341187558907,0.194401178699221,0.0074489906077944,0.368666202333275,0.901394952614205,0.81455390264923,0.556990993651262,0.736519672564035,0.0206121604853164,0.549627956417752,0.0271535580524345,0.210909090909091,0.498807089297887,0.227063044592517,0.0072550585729499,0.0391707846209473,0.87074498334552,0.0889872459379186,0.594568174090445,0.135369819414654,0.569467267426451,0.825979749226169,0.504804612427931,0.885778395127685,0.0718831647350439,0.106786648344341,0.172138900148629,0.331482649842271,0.776315789473684,0.0746384297520661,0.867075171282447,0.0457716196846632,0.880215206578012,0.111345487419015,0.85160974015362,0.796670353338378,0.0908904109589041,0.330349564009569,0.752264312161777,0.237682057638674,0.0815832875206157,0.90057200538358,0.0676238999536823,0.723953945520921,0.303549500029238,0.102469784550709,0.776443972482571,0.125178085740189,0.882348210695617,0.0989197530864198,0.79438586491878,0.0648505486189936,0.277294160319188,0.201435621354868,0.965019320724019,0.673435467553115,0.03571693219711,0.0955018834478174,0.0840467454817231,0.718921308576481,0.344201060640996,0.84593471810089,0.181319622964867,0.12167612787571,0.0690614417029511,0.914622930717351,0.131705685618729,0.016504994932677,0.305928143712575,0.911992263056093,0.576052772877196,0.894491371715811,0.628976286871024,0.215962441314554,0.729747189801456,0.809675009338812,0.0165683159328189,0.0122364735367831,0.311040759794222,0.741081487044686,0.138079686479425,0.369032324374325,0.470342157842158,0.134878676968958,0.138884780357935,0.450908578673053,0.393660968660969,0.288124915627953,0.16379659643436,0.700513299113392,0.264127642758348,0.410845465473487,0.0629604822505023,0.644826105624732,0.170726206585476,0.0826306913996627,0.854845265052546,0.265790152101057,0.908554308455932,0.200898908468289,0.194615477484003,0.247707641196013,0.687474481694869,0.670386670858221,0.522943849875385,0.248430568343517,0.273820168902136,0.459158751696065,0.419511912352907,0.167677739143301,0.301175375305481,0.563599261490623,0.473355063674955,0.458215151888848,0.276346141171818,0.469866666666667,0.356206293706294,0.615162893010202,0.565690255220418,0.113392857142857,0.409977093407992,0.546217077671532,0.311900833816382,0.37033129352184,0.462896469180132,0.557098765432099,0.257767784137367,0.592857510420419,0.581507449605609,0.304483947996816,0.220771685523644,0.488114754098361,0.65968635552634,0.445853143159007,0.604406029303257,0.277244094488189,0.147281137184116,0.421213208901651,0.598846649123789,0.284630530460968,0.434328720563244,0.271563874168452,0.284199522102748,0.282887700534759,0.502910705476073,0.0387143420533719,0.149341142020498,0.0673622136538898,0.311418853255588,0.641237509607994,0.39225181598063,0.382802373968211,0.440787269681742,0.825637910085055,0.47380685250712,0.327974276527331,0.718875128037992,0.602352076442484,0.500046750818139,0.51731573444851,0.192102341808955,0.39459694567949
GSM1870437,36.8,test,0.0599752679307502,0.4580066,0.166099340048628,0.698559670781893,0.2406602,0.2038316,0.8030369,0.40487,0.976695867026056,0.837878,0.3804265,0.4692297,0.9534689,0.164435275009877,0.0874397148249109,0.92285497342445,0.966683420693617,0.1896915,0.912240184757506,0.88273,0.08052541,0.0082740360747972,0.9261844,0.140594189562245,0.0492174426616793,0.1205616,0.06203008,0.305714465329729,0.0162151274045725,0.3686407,0.840683311432326,0.328745635784041,0.8779565,0.554473574698294,0.0199889389270759,0.1366497,0.09919028,0.1384012,0.0107066381156317,0.3388047,0.8735143,0.8960049170252,0.4784706,0.719867,0.0188455008488964,0.6253531,0.0112006848826425,0.1841024,0.4922053,0.1486622,0.020959705372617,0.0510898396955368,0.8698369,0.08175702,0.5714822,0.137182251647584,0.578048,0.8487524,0.433871,0.854072602492324,0.04591346,0.09644798,0.1712189,0.255247,0.7879772,0.0534731774415406,0.8846074,0.0251361541684122,0.918647007805724,0.07176785,0.8388448,0.7988037,0.06867741,0.2870217,0.7216701,0.194725,0.0751209189842805,0.901806114677402,0.0288646568313021,0.7223399,0.272195684401252,0.1506696,0.8245877,0.0926755447941889,0.9115288,0.09537656,0.7914599,0.0729521067783303,0.185436294796161,0.1819174,0.9220037,0.6379065,0.0566013736962605,0.0923053527980535,0.0458456574347943,0.7441841,0.3994708,0.8493582,0.1391571,0.083290751149719,0.05670614,0.906119900083264,0.15573066326984,0.00779650338636,0.1798137,0.82396676142576,0.4387119,0.948999558164489,0.601868894237576,0.222354745271767,0.675718205293738,0.7855215,0.0128284709290296,0.0001509433962264,0.306834706737761,0.7252648,0.1492304,0.418785994597625,0.313906724052776,0.08294975,0.1352346,0.457113331036858,0.237485323940655,0.2404416,0.103486,0.7650446,0.2117586,0.407961,0.09868914,0.520346208500194,0.134136,0.07913052,0.922732362821948,0.2000398,0.945077533357375,0.186421528348398,0.184944767110807,0.1887255,0.550316775319071,0.690403526619193,0.414858548585486,0.16789804211304,0.0688155386081983,0.389553900758577,0.273969483033478,0.1513849,0.215838926174497,0.53687962709076,0.4863216,0.438451726062346,0.255964927071916,0.3971686,0.513171759747102,0.582646491983434,0.623961078451247,0.109726037044862,0.385453405439298,0.518358085808581,0.238771307129398,0.2923726,0.3535234,0.514035087719298,0.2120664,0.6728814,0.5505924,0.321589430487439,0.1989077,0.378654373577639,0.6608527,0.340844266970907,0.5933992,0.277737340126859,0.0819560507582792,0.461331901181525,0.645793847499636,0.2891096,0.3986175,0.381111362607515,0.218098958333333,0.254807692307692,0.435682769544066,0.0545212765957447,0.176478300773568,0.0897411586233052,0.282884956600969,0.5343153,0.4139403,0.334701308318934,0.34357612544259,0.7570823,0.436847738827937,0.2741404,0.7366228,0.5908895,0.5052037,0.389303482587065,0.142286348501665,0.3436301
GSM1344718,51.6,test,0.0957988542329726,0.487221518515759,0.311367380560132,0.696059605192411,0.24432850694648,0.18214528173795,0.728300032754668,0.330152591533902,0.961124546553809,0.807035695809622,0.371988106223726,0.478199345538162,0.913581974669372,0.160455137167928,0.0622029175544993,0.932077446363161,0.960583789780212,0.213848268966379,0.901553863802273,0.845794629714228,0.102377353304933,0.012697323266987,0.885300826917593,0.208912430751288,0.0912523599748269,0.154093237260179,0.0822015725518227,0.223606000566091,0.0226259289843105,0.28947829899167,0.792339067210498,0.316981437295264,0.849703214245716,0.531429401932999,0.0325977933801404,0.155872369314325,0.154842533017271,0.143162073097663,0.010414201183432,0.274682459284657,0.882313187874107,0.748079877112135,0.552440431742584,0.718492220946017,0.0399021896187618,0.572495907129037,0.0235528693376534,0.218009913713971,0.478443483631872,0.222189423968963,0.0209781605659797,0.0387276571208918,0.843241727425687,0.0871320523303352,0.593100189035917,0.148295401183358,0.499449642267474,0.825182481751825,0.532428537112659,0.842024122608144,0.0659190945294487,0.0949016289401312,0.179401993355482,0.264470738727215,0.772620676177448,0.0976971922576697,0.858893297867702,0.0756736456670735,0.892071656615821,0.102984447246742,0.813813813813814,0.787569988801792,0.0826198630136986,0.332209353467234,0.742516645219045,0.221854548128539,0.0647869241025135,0.861686676994578,0.0780568329206461,0.704153182308522,0.241469489414695,0.0881776616590464,0.758571978939258,0.133128457283344,0.865533751433003,0.0937093709370937,0.77487163029525,0.111063000649491,0.289441576724542,0.170835337502004,0.926769013587436,0.633055154671519,0.0589026029573506,0.0827135743387441,0.0981035220305148,0.787871204537871,0.305682692697153,0.807938257993385,0.206858407079646,0.140585562847047,0.0759144997796386,0.937532002048131,0.14973083122966,0.022343559163733,0.2834089025401,0.882880471155133,0.543803555441872,0.854257406786962,0.62395123700251,0.156531531531532,0.712007175447491,0.759956355701037,0.0060202107073747,0.0296668502202643,0.380394296695215,0.691806620286259,0.177863107664778,0.32710940654017,0.42700372330002,0.140093537414966,0.124675594311222,0.385048131016377,0.343722106515918,0.283294252763555,0.131550933508025,0.646645736946464,0.302181325226965,0.403161618394871,0.0805912500928471,0.676269298,0.21655729429581,0.0750760906323977,0.88209524706769,0.299784250269687,0.945482689621324,0.204273751082876,0.189077070762479,0.229263635278673,0.607188549496242,0.763972761146088,0.460069022505225,0.240094372354451,0.206423131033814,0.435030505520046,0.368592899714952,0.171986838088131,0.318309529384219,0.547507055503293,0.465255356618726,0.407298499585313,0.33119705751226,0.483550226641322,0.451329787234043,0.629391824526421,0.60477919643903,0.0947238506633755,0.415984185258402,0.564099093001218,0.277073669600789,0.323141458867397,0.399585921325052,0.518518518518518,0.273340462285103,0.614279197080292,0.556603773584906,0.30488799347628,0.23993288590604,0.404496799526653,0.669124502076447,0.425743733895526,0.600172877449097,0.305404767524192,0.130982509420168,0.526779567671761,0.627025586353945,0.302902143794662,0.349899506669103,0.302950965165298,0.236009297335956,0.345123445981439,0.50167413345909,0.0407315045719036,0.137170218758802,0.0710752260192187,0.325419240953222,0.617116397892384,0.359850716951483,0.388412144167604,0.459920891185018,0.809697221933202,0.485957685826624,0.298899197231169,0.716436028162175,0.57969897775723,0.548071480553085,0.458192792472927,0.199193218954248,0.365154364879123
GSM1343214,58.1,test,0.173133492085726,0.406307977736549,0.236729559748428,0.637819661976816,0.199096442241325,0.282425307557118,0.670121457489879,0.256892168104093,0.949968924798011,0.732812717891507,0.307831081329848,0.373277661795407,0.909985723946202,0.178080941734726,0.077995784011675,0.920893783755163,0.964220651461051,0.222959446319282,0.899228486646884,0.84509435107093,0.0925725812261364,0.0210829667829516,0.84477970427081,0.23982023696037,0.128133523834264,0.175044968285525,0.0416921716656465,0.35902580779077,0.0550818386748995,0.330643140007018,0.793061950606949,0.415495632358526,0.836554147320868,0.61875710269753,0.0265592598500558,0.157096954456552,0.11345039209001,0.114343184279746,0.0201753332532725,0.335319842222603,0.807427635172037,0.772437192018741,0.477856943280246,0.675972564569714,0.0514292694844857,0.53946951283948,0.0356684047457115,0.194749332542272,0.440379403794038,0.192307692307692,0.006506141310957,0.042242355605889,0.802588526139751,0.0791776918379809,0.476062263357173,0.201373411240287,0.494055051848635,0.677580791140925,0.418511569731082,0.830871212121212,0.052557616638561,0.0935762691230776,0.176506024096386,0.246159300401796,0.703988136221598,0.0985828712261245,0.837102319500266,0.0608405890572933,0.89568727427236,0.0941960727483516,0.76399814900509,0.776751631572466,0.0636433414353332,0.232289950576606,0.637377796437354,0.218895542248836,0.120150013890175,0.841144942410765,0.0912166644553536,0.58211399868967,0.294831089662179,0.0764535817539351,0.770965906151379,0.174858169971353,0.837027049801972,0.124305709842257,0.705421943930554,0.161582132385052,0.241998060135791,0.188821752265861,0.910374694031256,0.564050288820931,0.0586150145588049,0.114844192634561,0.131294293174189,0.762496789108657,0.291766882516189,0.752225249772934,0.163877216722456,0.124262583155517,0.0603289742541888,0.836957827706356,0.207606923366361,0.0285805270281029,0.275481146897093,0.807758279456393,0.494103320087168,0.905161058555862,0.476268519732529,0.229439055250949,0.621456318704025,0.67194713496877,0.0215255546969864,0.017952076431158,0.389447102604997,0.632612199052596,0.140414898258697,0.458598016271035,0.460676752511837,0.113635143117985,0.109753116597409,0.42863162330138,0.458313482610767,0.249893892949776,0.134859249932548,0.624378992193045,0.296849626502111,0.375982042648709,0.0593822650282298,0.651567372394551,0.170234839196454,0.0951892852261856,0.885058034183848,0.247799119647859,0.926208546444481,0.212111801242236,0.273515418502203,0.294397822635518,0.707206297941058,0.748724248724249,0.485535384914086,0.36593035138747,0.443422507185496,0.442386185243328,0.422705161412597,0.202400943227697,0.388687557734669,0.582037643207856,0.395810694345561,0.469721975371334,0.350579694441435,0.436015325670498,0.426403985507246,0.59628217349857,0.434730012097218,0.112692132095571,0.397748198032304,0.521506199295882,0.324736132053012,0.35301089483521,0.461218028826127,0.413920736661551,0.20770282789959,0.518716302952503,0.516314004199645,0.308581120474903,0.163812824956672,0.580431288507902,0.614501199862873,0.38561941836501,0.518735608122253,0.295147370135157,0.192634560906516,0.352368245496998,0.540152484834994,0.240879716489473,0.413618677042802,0.3178500331785,0.232349964972367,0.208151658767773,0.573413254159431,0.0738105824811027,0.225261018201977,0.120635553120486,0.311323432031028,0.441398429077468,0.327369542066028,0.439663152865291,0.419275315130936,0.697325505544684,0.29029685423128,0.296418056918548,0.650556983718937,0.560373831775701,0.44650864830237,0.565323480200781,0.275621504900061,0.282682890636593
GSM1225685,60,test,0.09457,0.47229,0.17461,0.68632,0.21799,0.16113,0.71763,0.29829,0.96928,0.72856,0.25182,0.40801,0.9306,0.12389,0.05515,0.91899,0.96835,0.2112,0.8838,0.84899,0.10134,0.03215,0.8772,0.16847,0.09338,0.12378,0.0581,0.18465,0.0311,0.27679,0.75035,0.32245,0.84795,0.55875,0.03578,0.1216,0.13746,0.1137,0.02971,0.24084,0.83327,0.84569,0.49769,0.6148,0.03291,0.55367,0.02114,0.18237,0.47942,0.1706,0.01651,0.0442,0.8547,0.08251,0.59662,0.13137,0.44818,0.79482,0.46082,0.81953,0.06052,0.0824,0.17199,0.26056,0.75976,0.04053,0.85893,0.03593,0.8986,0.08233,0.79499,0.77447,0.0833,0.31165,0.73689,0.20549,0.09381,0.86353,0.06318,0.67584,0.19177,0.13402,0.73175,0.11561,0.85535,0.11394,0.76916,0.07792,0.19125,0.15056,0.92993,0.63234,0.02823,0.07927,0.05916,0.73261,0.31641,0.82569,0.16432,0.09856,0.05857,0.90258,0.1003,0.01945,0.29855,0.86093,0.53535,0.89128,0.54262,0.21454,0.69993,0.8232,0.04521,0.03267,0.28577,0.65104,0.10692,0.25303,0.40232,0.11508,0.10614,0.31342,0.41238,0.22759,0.11928,0.64438,0.15489,0.30039,0.08354,0.56306,0.14705,0.08291,0.8396,0.19987,0.91511,0.19404,0.2006,0.2211,0.67175,0.61812,0.42263,0.20287,0.26699,0.4129,0.36253,0.20855,0.254,0.56405,0.4167,0.44445,0.25187,0.40461,0.33553,0.54251,0.58486,0.10336,0.44513,0.56345,0.23855,0.33953,0.3885,0.47582,0.21608,0.59774,0.41065,0.25131,0.15365,0.52975,0.56969,0.31626,0.49213,0.22204,0.1299,0.46571,0.58957,0.22175,0.43135,0.25027,0.20227,0.41952,0.51532,0.06779,0.26511,0.07531,0.29385,0.54502,0.35776,0.38642,0.40221,0.71883,0.36113,0.25301,0.6586,0.53145,0.4871,0.48033,0.16911,0.32293
GSM1225607,62,test,0.07157,0.50421,0.29169,0.7244,0.25316,0.21639,0.75624,0.30048,0.95321,0.79984,0.23294,0.42355,0.90218,0.22132,0.08964,0.91658,0.92906,0.2547,0.89769,0.80444,0.10713,0.02114,0.86199,0.17942,0.07374,0.11719,0.09586,0.17628,0.02356,0.30969,0.77828,0.29804,0.81496,0.50033,0.03483,0.12965,0.17458,0.1555,0.03445,0.26973,0.82415,0.75597,0.53236,0.73992,0.02681,0.57495,0.01714,0.22825,0.48999,0.18499,0.01782,0.03961,0.84282,0.11167,0.56251,0.10681,0.53558,0.79318,0.4463,0.82508,0.05079,0.11204,0.18045,0.31562,0.75268,0.05495,0.82453,0.04646,0.86384,0.09157,0.86067,0.74317,0.07884,0.32977,0.66654,0.17775,0.063,0.88162,0.03674,0.70347,0.19698,0.07516,0.76651,0.10812,0.88634,0.08384,0.75607,0.07144,0.31621,0.13815,0.8934,0.64494,0.06658,0.07344,0.0913,0.75149,0.38385,0.82297,0.15583,0.09563,0.0761,0.93229,0.14831,0.01886,0.27777,0.85155,0.42054,0.84121,0.59478,0.20506,0.68546,0.69343,0.01828,0.01626,0.31917,0.68363,0.1418,0.33127,0.40201,0.13412,0.09335,0.39509,0.31236,0.2924,0.13614,0.69256,0.26391,0.32946,0.09403,0.57416,0.19044,0.09467,0.89713,0.23727,0.89266,0.19583,0.19425,0.21004,0.65715,0.57513,0.48115,0.25203,0.24308,0.44254,0.37436,0.21971,0.3129,0.55358,0.46849,0.47758,0.34592,0.45086,0.40408,0.61433,0.57399,0.11964,0.44437,0.51343,0.30618,0.36423,0.45225,0.425,0.2016,0.59845,0.55223,0.29101,0.18754,0.5447,0.62528,0.37032,0.57199,0.26752,0.11896,0.4867,0.59402,0.27519,0.41661,0.30885,0.26372,0.31584,0.51752,0.08759,0.18884,0.06774,0.26539,0.51708,0.3168,0.36795,0.39086,0.7674,0.41052,0.29742,0.73293,0.51317,0.45091,0.5394,0.20595,0.40435
GSM1343934,47.9,test,0.127768957435549,0.442569406641263,0.16020555355211,0.683761551741647,0.194910514541387,0.145494888659957,0.700116686114352,0.321886546402956,0.973671172765235,0.737790501852476,0.22602610887476,0.384942750025332,0.906346169841138,0.19915509957755,0.0482496758659011,0.915575993397005,0.971360765858171,0.203187743250757,0.889321692411014,0.842758710348414,0.0895499264079325,0.0052193769368781,0.852417302798982,0.204080586456144,0.10958904109589,0.140860495436767,0.0482139097480525,0.318470855412566,0.0112384805574286,0.257547620310925,0.813170571491132,0.424490899261128,0.842976356050069,0.589485228596888,0.0181786092481468,0.160883856829803,0.142310920451366,0.129729505476269,0.0215117661041122,0.25098319628173,0.826171875,0.795102824010345,0.523271276595745,0.620153409687927,0.048007301490721,0.552837973460209,0.0242177976432345,0.22922664064406,0.467967812208243,0.21219429839371,0.0082324752718559,0.0308767471410419,0.84221294007331,0.0770712909441233,0.463568887522509,0.156248858364081,0.445575026694303,0.764457157070016,0.469135802469136,0.799480294499783,0.0529203184585536,0.0808053448898519,0.225007874015748,0.213634094313076,0.734575616407226,0.0682936833470057,0.83875215233465,0.037139997776048,0.878650227125243,0.0808775137111517,0.767586671154493,0.742039262031383,0.0661754855994642,0.231002095785143,0.725938226502823,0.224799479731194,0.133741928422896,0.834052703316674,0.0721960553429497,0.597429188943237,0.240726892013162,0.0827928271652041,0.731105640810768,0.159301452178267,0.838314043876317,0.1533394809643,0.674582798459564,0.148496993987976,0.225644248900063,0.191821776449031,0.892784758816376,0.532819595431402,0.0478026214340786,0.0842289975871902,0.067673248161053,0.755325749741468,0.31026123095191,0.762158347234698,0.192127236580517,0.147567954220315,0.0524894832674075,0.891222239008914,0.189337826238993,0.0139051767465237,0.274732733751909,0.819252776842814,0.618320610687023,0.92017632691964,0.537416136246344,0.258152544685496,0.675438172951572,0.752191399401877,0.0133202981791519,0.0289323205598703,0.420154064685315,0.640624200562804,0.1421756175901,0.340072019710658,0.427845985729897,0.0939454235361001,0.117837533436576,0.395487387501584,0.486104378736468,0.228253018264369,0.107105770657173,0.638004562134285,0.278476021489477,0.435976764743023,0.0682141959272605,0.723728326468053,0.230422349318082,0.0843561879446486,0.848419840937631,0.258068220971632,0.941584519897773,0.187422080620585,0.214307093684526,0.257939763272003,0.639513908667996,0.892947635135135,0.387597729463425,0.281028787163757,0.218698322702575,0.435179371258738,0.328508623605005,0.157728090063326,0.293267272974074,0.541279136525433,0.447822549565366,0.444338560166335,0.375699953336444,0.564742862132192,0.495767494356659,0.64022814365921,0.622039134912461,0.0730127893799579,0.388564420044387,0.678950025239778,0.262312102198348,0.3709341117598,0.412876065304446,0.544147192555779,0.222086216072379,0.504086065997724,0.562135739800714,0.293810353015672,0.18127899019086,0.431551586243668,0.648376159885796,0.435691778859926,0.622971211941713,0.258096348793397,0.101148600143575,0.512009547963598,0.651633657121231,0.293519619500595,0.556720890410959,0.366062967252817,0.186702430301552,0.282952182952183,0.538974675725757,0.0423532711591053,0.272568013190437,0.0584496651912382,0.301343461255031,0.517540322580645,0.351560549313358,0.468948746726524,0.479423389909323,0.719733199093884,0.338871441596596,0.298710920136317,0.7854736424891,0.559026836541068,0.568936877076412,0.589275103980986,0.245042577264336,0.28670464316423
GSM2333925,75,test,0.1100957,0.4956689,0.3078736,0.7910565,0.246715,0.1648265,0.8490164,0.2559186,0.9620356,0.877763,0.2578205,0.4479627,0.947216,0.1905003,0.07329258,0.9242203,0.9170502,0.3214403,0.937944,0.8827123,0.09359073,0.03520473,0.942625,0.2155236,0.127961,0.1618519,0.06072342,0.2819078,0.05937393,0.3146163,0.8006257,0.3615512,0.8821728,0.5861074,0.01852738,0.2135863,0.1302983,0.1587858,0.02606085,0.277165,0.9062133,0.8237386,0.5010157,0.6911187,0.03872473,0.6948117,0.04663515,0.2343918,0.4926906,0.1790979,0.01817147,0.05768084,0.896565,0.05583576,0.5983111,0.1760956,0.4795997,0.8290133,0.691762,0.8531031,0.02965471,0.1114899,0.1634862,0.3043397,0.8203636,0.1382423,0.9052783,0.1031365,0.9403306,0.1666302,0.8666568,0.7889512,0.05404163,0.326346,0.7279265,0.2297353,0.1363759,0.9250753,0.07328472,0.7000673,0.1984212,0.1661788,0.8296861,0.1652558,0.9170053,0.0995503,0.8091454,0.1145313,0.3025573,0.2160114,0.9627764,0.6435567,0.05005891,0.06835634,0.1808046,0.7838232,0.3791551,0.8374684,0.2082362,0.1399315,0.06550516,0.9518471,0.2027337,0.02323771,0.2879164,0.9110787,0.4956669,0.8777452,0.5774099,0.2185113,0.7172109,0.8109712,0.04198385,0.04090673,0.3234321,0.7703592,0.1566308,0.3800307,0.4495287,0.2079486,0.1320361,0.3795275,0.3113874,0.3034952,0.1316104,0.7436092,0.1844291,0.3341557,0.07062194,0.5669087,0.1563758,0.05935886,0.9221722,0.239593,0.8879484,0.2618322,0.3084836,0.3335977,0.666898,0.5404655,0.6200554,0.2978481,0.3515593,0.4674598,0.5092036,0.2344953,0.3565521,0.6099591,0.3824327,0.4524666,0.1941943,0.4056937,0.2924452,0.5089553,0.5342613,0.166811,0.3673427,0.6194681,0.332079,0.3730433,0.5499074,0.3946868,0.1702847,0.5732595,0.6118522,0.3368275,0.1800079,0.5124907,0.6069482,0.4315814,0.506401,0.2424856,0.2699958,0.4877192,0.5753015,0.2672229,0.3751921,0.2719581,0.268535,0.1612394,0.5279417,0.1189988,0.1459827,0.1251888,0.3115636,0.6254919,0.2374436,0.4172282,0.3988469,0.7579802,0.4522048,0.3252347,0.6764806,0.5880256,0.4834668,0.3953993,0.1938332,0.3578969
GSM1343241,53.7,test,0.112659123055163,0.405510146561443,0.219398529090512,0.683839611178615,0.204732957012592,0.132672740573253,0.709814528593508,0.283113139562815,0.963991937680449,0.808858231984026,0.266450142094251,0.410604508196721,0.909596871239471,0.157347700661802,0.0671936758893281,0.913830743546937,0.935392647378725,0.170516717325228,0.899059124172378,0.787467226009439,0.0958692142088267,0.0065114225802891,0.856202698256005,0.196051038465121,0.0853580969342323,0.119555304642376,0.0512185585820409,0.298414976192029,0.0105065345519774,0.282856235539627,0.798804884385555,0.370090509009383,0.812726765280491,0.592794178548187,0.025030525030525,0.125176846896721,0.149959962146029,0.149948752989409,0.0064516129032258,0.243487321986801,0.845932513732671,0.772629831961828,0.423240499382631,0.647725621275977,0.0425264217413186,0.54210355987055,0.0289287518948964,0.208178108923186,0.393650675499646,0.198642428025279,0.0159,0.0486226659271584,0.786922856323487,0.0644218866055954,0.548175865294668,0.168777630115809,0.468981703739265,0.690909090909091,0.494476663904999,0.820033787141012,0.046092413006275,0.101815369886217,0.178964593870872,0.233593190676955,0.720447284345048,0.0743939153858343,0.809427010545039,0.0288252528116435,0.877861845337526,0.0748589197282045,0.779637760702525,0.701371036846615,0.0754069251257769,0.24816280384398,0.62641596227934,0.182687160663761,0.101656244718607,0.850007894321351,0.093511226049136,0.615677405119153,0.262199468602164,0.0795204306337167,0.720632626163854,0.139521698793939,0.838852412218099,0.0984990619136961,0.735662148070907,0.0937592956154441,0.270730850316233,0.195200205338809,0.929942810457516,0.564619345347554,0.0538578070312908,0.0763959848530384,0.0912172119068671,0.704394837809557,0.273263157894737,0.777222159793235,0.156991869918699,0.129499821789236,0.0684904928211098,0.894892126129449,0.133283109838783,0.0203611503306829,0.234339067243124,0.848330317486429,0.441098914576562,0.861769217658088,0.559162303664921,0.194274028629857,0.661843107387662,0.643488509133765,0.0112535167239762,0.0065599580162687,0.328361349449419,0.691773220747889,0.116843589933932,0.366760372237301,0.439580559254328,0.114497653529798,0.111525585844094,0.34356180097505,0.301462862684878,0.254665680602079,0.107845228445885,0.652852588765527,0.203495340834397,0.35884193276059,0.0635141987829615,0.623083515855633,0.163694795770267,0.0765133475372854,0.854666294850344,0.201739896487171,0.907443773389158,0.174939425406715,0.204222222222222,0.24887839433294,0.616740280753925,0.587038651554781,0.416140590342945,0.259798169443793,0.158726612678023,0.386774370208105,0.371711992866696,0.1825584025332,0.301762661370407,0.517111696126363,0.412285100286533,0.429469938345678,0.351909490637814,0.41214653435798,0.422686567164179,0.601878965348951,0.486963434022258,0.0869488948660975,0.412737508796622,0.445288362512873,0.308926225541036,0.315165985582442,0.367947598253275,0.406599615775794,0.188635112823335,0.522748246585456,0.596055920748079,0.260796311075641,0.20432038306671,0.491828713280927,0.58436087135224,0.328084348897713,0.536816547602372,0.288491087891825,0.17972850678733,0.409416581371546,0.559455972476078,0.212448845551458,0.400921658986175,0.31984465647025,0.236105907331085,0.278969957081545,0.469015321557529,0.0889555222388806,0.193864468864469,0.114909410558187,0.312425328554361,0.4892529685856,0.339905524748408,0.381086681247842,0.416787205025416,0.7621489934607,0.380238689980572,0.27996349137724,0.623080337328007,0.508944543828265,0.444464446444644,0.429893381613357,0.205272446503419,0.330825563247829
GSM2334535,54,test,0.06946162,0.4548982,0.1427458,0.8469572,0.2349544,0.3923625,0.8820078,0.4257068,0.9580237,0.8646013,0.3496554,0.4888324,0.9499299,0.1295569,0.1072241,0.9391785,0.9673592,0.2272499,0.9386987,0.8847308,0.07036824,0.01239015,0.97104,0.2220433,0.1114015,0.1375895,0.04580386,0.2919172,0.01759619,0.3946824,0.8396935,0.3831536,0.8930409,0.6169171,0.02093594,0.1961246,0.08559239,0.1450805,0.0150192,0.3347733,0.9012292,0.9060991,0.5262236,0.7415562,0.06092728,0.6456602,0.04051506,0.2277835,0.4809195,0.2148214,0.02155739,0.06591745,0.8854774,0.0855903,0.5638873,0.1174862,0.5379177,0.8556635,0.5886807,0.8847745,0.02649538,0.07847042,0.1868216,0.2407131,0.8427147,0.06374364,0.902419,0.04307765,0.9389839,0.1187155,0.8566359,0.7583349,0.05549988,0.2912557,0.7486453,0.3373066,0.1124221,0.9113919,0.0579484,0.7113313,0.2938714,0.08029137,0.7568745,0.1507817,0.9187931,0.07295185,0.8425938,0.105849,0.2345906,0.2535625,0.9662211,0.6679135,0.08149009,0.06360725,0.05978044,0.814559,0.3332529,0.8465869,0.1626223,0.1044193,0.06659623,0.9339484,0.115913,0.02707618,0.2626791,0.9040693,0.6816371,0.888207,0.6372707,0.2297641,0.7946202,0.8552973,0.06021624,0.05109127,0.2904889,0.7011566,0.1546672,0.4003857,0.4585731,0.1351972,0.2156714,0.3147903,0.3873349,0.245602,0.1371147,0.7341724,0.3129567,0.4200793,0.05101242,0.6452334,0.2576177,0.07180728,0.8863641,0.3484935,0.9401323,0.2058911,0.2169234,0.2903932,0.6479257,0.724342,0.4531552,0.2002268,0.3406281,0.4692048,0.356822,0.1880755,0.298423,0.5748531,0.4611945,0.4476171,0.2310561,0.618865,0.3192176,0.5801107,0.6016385,0.09293647,0.4056006,0.6810855,0.2495349,0.3169174,0.4226212,0.5444312,0.2319394,0.59582,0.4904613,0.2762182,0.2313919,0.5782364,0.6523486,0.444362,0.6401934,0.3019275,0.07897689,0.5517225,0.6280405,0.2782741,0.5489492,0.3355684,0.2658455,0.3768176,0.5356958,0.06164803,0.2606016,0.09502639,0.295007,0.6748518,0.4465062,0.3945226,0.4203253,0.8494762,0.5137318,0.311074,0.8143036,0.576181,0.5931693,0.4532618,0.1174673,0.3486373
GSM2334189,71,test,0.07843901,0.4346652,0.1148681,0.7856939,0.3473228,0.5315838,0.7793812,0.330757,0.9785289,0.8648559,0.3621164,0.4178482,0.9724125,0.1570139,0.06265998,0.9231439,0.9397735,0.2696714,0.9294784,0.9064099,0.1036618,0.01154944,0.9423426,0.2223333,0.1142288,0.1344296,0.04733888,0.4298418,0.03760051,0.4191263,0.7784699,0.4025891,0.871502,0.5671671,0.009547421,0.1787793,0.167372,0.1259431,0.02928018,0.4752485,0.9116618,0.8343995,0.489844,0.719282,0.03029961,0.5893264,0.04409057,0.2277916,0.52185,0.3795772,0.02265822,0.05532323,0.9012416,0.06027747,0.6143243,0.1621414,0.5929893,0.8427259,0.6010322,0.8835692,0.05468118,0.09863378,0.1787452,0.2536773,0.7211618,0.08742747,0.909057,0.05364137,0.9272818,0.1147764,0.8152794,0.8558901,0.06997463,0.285759,0.7187994,0.2492901,0.1321775,0.8199269,0.04408387,0.6689893,0.271359,0.1474256,0.7988946,0.2033459,0.857258,0.2117055,0.8283701,0.1891169,0.1979191,0.3514214,0.9598657,0.6602088,0.04274443,0.07679711,0.07088185,0.8263626,0.4371819,0.8334029,0.1755638,0.07081732,0.0717956,0.9405701,0.1232385,0.03296196,0.3262584,0.9056964,0.4853657,0.9089452,0.5686827,0.1412653,0.7401395,0.8499188,0.03805389,0.04593837,0.373956,0.7147385,0.1548736,0.4634297,0.430923,0.1122285,0.08194713,0.3626533,0.3385951,0.3164505,0.1583116,0.7716343,0.227187,0.3449885,0.05165974,0.5643337,0.2512179,0.07700236,0.8084975,0.2922329,0.8837816,0.1780262,0.3080601,0.2517545,0.6625138,0.6063052,0.5190781,0.2640899,0.3318549,0.4785944,0.3492546,0.2034759,0.3573227,0.5010615,0.4545,0.57876,0.2852081,0.5352719,0.3599234,0.5126363,0.5483469,0.1413721,0.3340593,0.5868699,0.3489763,0.4549591,0.5659304,0.5032941,0.1987491,0.493616,0.7143446,0.2976518,0.1381291,0.4915108,0.6443426,0.4254869,0.6161694,0.2039747,0.1078752,0.6352996,0.5968585,0.2847783,0.4963974,0.2770369,0.2057047,0.2707244,0.5251002,0.07194232,0.230675,0.1769671,0.2755724,0.4959753,0.2631826,0.4304502,0.4112426,0.7234995,0.3660942,0.2928354,0.6995317,0.5590849,0.4847878,0.3926691,0.1595125,0.3396218
GSM1871284,57.7,test,0.0736255966059749,0.481443628233791,0.265748852732582,0.745356839822759,0.277968690339824,0.217146319297183,0.801609322974473,0.4544080604534,0.975317875841436,0.762462159434914,0.356637168141593,0.469766953600672,0.949523275378575,0.131320845727148,0.10419605077574,0.909173068233168,0.952717704136173,0.174433092449539,0.938562720564646,0.878258458125347,0.0806216610004857,0.0011405398555316,0.942411194833154,0.128867658234719,0.0499656002751978,0.119849453091308,0.0834616230481636,0.175845790715972,0.0057822567321989,0.385802334222144,0.872686251036007,0.231978865266071,0.883909475254912,0.663027752203078,0.0090608010997937,0.117044780945196,0.130599260596681,0.202980946527351,0.0023536635284486,0.404110863095238,0.899201891812001,0.862162854763278,0.556374556374556,0.745492822966507,0.0346295893982186,0.627030666928537,0.0204426423382328,0.202913718759158,0.447021445591739,0.157872579287118,0.0219487861656136,0.0308980921358772,0.856258960235418,0.0707270408163265,0.582633428141208,0.121356857393508,0.528610354223433,0.85351294241944,0.489303113747087,0.924040404040404,0.0533862997771534,0.0935604966791799,0.134954091355316,0.346498046300576,0.810106704248037,0.0455842346227855,0.878710771840543,0.0112687474665586,0.905582356995176,0.0872299258303773,0.841014756418031,0.788785945284503,0.0814986671932076,0.339939536446087,0.695231993165679,0.193541316577775,0.0485792464744264,0.904033620727005,0.0408837497418955,0.73603759584467,0.240654927401915,0.113243761996161,0.814053064958829,0.066233903314334,0.889041185301221,0.0894252873563218,0.803767660910518,0.0522842923446849,0.267829852266938,0.144274462284156,0.918530074536315,0.702424279810006,0.0729325769146847,0.0770676691729323,0.0523852657004831,0.749765893247321,0.305382825315683,0.836331478365903,0.140978534132663,0.0885966180083827,0.0595152511040362,0.912430305018039,0.138888888888889,0.0098833055489402,0.210379761834232,0.817799158147925,0.426529234922388,0.94191565095459,0.563601844317874,0.29004329004329,0.68544812078381,0.822961617079264,0.00461494087107,0.0116064848931466,0.254284252706966,0.764523130612419,0.142374059793945,0.36729417467884,0.349963239155551,0.103082191780822,0.0795392953929539,0.44923928077455,0.242879422145613,0.229129413414677,0.112464696707836,0.7943254701598,0.206505267048605,0.439530384897605,0.0959253648034447,0.548653389743061,0.123446387191911,0.0808635474650218,0.969363984000703,0.215838732901368,0.957176561843509,0.161993769470405,0.19889954409684,0.181087289433384,0.671463192971827,0.603146409540726,0.540223463687151,0.23412312019907,0.313158190608252,0.444546206570551,0.355282112845138,0.196475494116303,0.270283270978087,0.59685913108896,0.452419281353461,0.45353745142704,0.364223895695178,0.472430945073553,0.346949602122016,0.620248412226637,0.508501764517164,0.138665325285044,0.419320535064644,0.473228772309356,0.294604019124996,0.302505005127203,0.338899341486359,0.360747663551402,0.256085764952442,0.684026338812912,0.624288670460424,0.291628444940773,0.234725274725275,0.56268132539319,0.591834727004427,0.340895029903073,0.632924556918144,0.300470783716422,0.119091706461359,0.33068017366136,0.608200323849179,0.235195557470439,0.317444554783184,0.256234068491632,0.227442260794721,0.346259541984733,0.474101569090602,0.0810716249312741,0.181754456238734,0.0830564784053156,0.279680900985453,0.553941908713693,0.359058823529412,0.355385810460901,0.335271451180073,0.788561040413928,0.481154426017661,0.274582867552685,0.829569105064364,0.574946298527794,0.534373125374925,0.449710264900662,0.10799812909261,0.408194129373754
GSM2334361,60,test,0.1076653,0.3996522,0.3088669,0.7723,0.1828962,0.3097523,0.8502855,0.3810492,0.9609605,0.910264,0.2718779,0.4602329,0.9569276,0.1540751,0.08251533,0.9348287,0.9367333,0.2441758,0.936219,0.8650718,0.1096684,0.03427304,0.9329337,0.1964277,0.07918188,0.1261023,0.05919994,0.2649222,0.01660222,0.3195445,0.8116867,0.3833366,0.8905092,0.562707,0.02305219,0.1483955,0.1684756,0.1865449,0.0132892,0.3355733,0.8887624,0.8122645,0.5278664,0.6792428,0.03610358,0.5949123,0.01487864,0.2087015,0.4578492,0.1947584,0.02849212,0.04527545,0.8641437,0.06571691,0.5502785,0.1161028,0.5249621,0.7712203,0.5364097,0.8796094,0.04757659,0.08748425,0.1687709,0.2773062,0.8203368,0.1574509,0.9065073,0.04833184,0.9401767,0.07347187,0.8455459,0.7616975,0.06419021,0.3136526,0.760639,0.2290517,0.08278894,0.8509615,0.03907886,0.6976111,0.2292807,0.1882387,0.810075,0.1503512,0.9090901,0.07922396,0.7874397,0.06767088,0.2442551,0.2016781,0.9425443,0.6310812,0.05809285,0.03988848,0.06059625,0.7787087,0.3394439,0.8454646,0.1060284,0.1226615,0.05104094,0.9166882,0.1490801,0.03250664,0.2984386,0.8887254,0.4860975,0.8621386,0.5953114,0.1744454,0.6671826,0.7743867,0.05322904,0.02361332,0.3425481,0.7743371,0.1433436,0.4097157,0.4321052,0.1540407,0.1402131,0.2738643,0.2604427,0.2597409,0.09251844,0.7231313,0.2541708,0.4212138,0.08532813,0.5872842,0.2241115,0.07278273,0.8954146,0.2757122,0.8997054,0.1983347,0.202645,0.2910306,0.6182764,0.5955199,0.5259453,0.2212921,0.2656506,0.4124523,0.3666849,0.1942003,0.2416481,0.5590785,0.3993572,0.4730359,0.2656218,0.456653,0.3036556,0.5368172,0.634968,0.103026,0.3622697,0.6904108,0.2682063,0.327768,0.4234285,0.5149961,0.198665,0.6442811,0.5877564,0.2898939,0.1847716,0.4568078,0.6750249,0.3744944,0.5344818,0.2298769,0.1031632,0.4782398,0.5966785,0.2718111,0.2997311,0.2914305,0.3015995,0.3331062,0.4588269,0.06237413,0.2170131,0.08965721,0.2640464,0.6000806,0.3101585,0.3758704,0.3999508,0.84557,0.4444055,0.253867,0.7097837,0.6307189,0.550302,0.4298346,0.1142487,0.3744977
GSM1345689,45,test,0.07455055253175,0.40123510480995,0.087260034904014,0.678883969937198,0.26337681981471,0.138567680497522,0.753538570417551,0.339214741659641,0.979319448518627,0.828033183546492,0.256818278517636,0.453333333333333,0.915382714014995,0.122988190057676,0.0395339573790082,0.938421611419134,0.960843244171568,0.103647416413374,0.910745669093648,0.843680089485459,0.0599671412924425,0,0.878109452736318,0.136538110034729,0.0641392824841724,0.106641000962464,0.0624475791078917,0.104429206819867,0.0262649232518476,0.247378570567675,0.792386103598918,0.231352574985852,0.851217681970121,0.588096486628212,0.0186267039200745,0.14300151591713,0.118873602751505,0.165934878059384,0.0244226174674808,0.246804382561059,0.895770590546026,0.798776082614424,0.437630986571451,0.685864522115682,0.0086792452830188,0.529147043432758,0.0201566835319079,0.225614927905004,0.458381391772395,0.149965043113493,0.0099841976727481,0.0073728188744163,0.825338351885961,0.0854292623941959,0.559792755787901,0.120744613030728,0.429856485614228,0.810401495134369,0.559319363478809,0.854695875087392,0.0586769652423072,0.101827425775817,0.150902255639098,0.294292312768063,0.784757173671482,0.0531759196019124,0.870070663323456,0.0169407075236672,0.903872129671319,0.0671730966200068,0.889637588781643,0.844926993635343,0.0739325842696629,0.295167834747326,0.669001510781486,0.212053847103866,0.0344036697247706,0.87594727122206,0.0370724707007893,0.698285714285714,0.188080079772954,0.116116116116116,0.786871673565937,0.0486672536620507,0.890049373338397,0.0670036101083032,0.833049403747871,0.0434445973847213,0.187082675731456,0.0963220318677369,0.978835978835979,0.686648737746161,0.0243151969981238,0.0902140672782875,0.0588815199856605,0.708916222351264,0.312313347116931,0.823369009475765,0.169141435089175,0.0895194731278966,0.0631052186911029,0.916793365583967,0.118987994402298,0,0.167914511298666,0.892917759604999,0.370107576104372,0.890397432732659,0.581207680178091,0.201778862922916,0.750493440148613,0.800849056603774,0.0188800410994092,0.0370251899240304,0.256646960260504,0.73556338028169,0.111906081523656,0.278570534484917,0.307834924122777,0.0827487473156765,0.100634499040874,0.467631497043262,0.411157718120805,0.20821753582911,0.124365057214625,0.661983059292476,0.234989200863931,0.433899905571294,0.0625886357190129,0.572453232528836,0.19310587407668,0.0781196871812309,0.92678470165711,0.237827715355805,0.915809265159033,0.152740902701858,0.185085061757166,0.132594985386864,0.621274298056156,0.734015345268542,0.417609091410603,0.188898018807633,0.142343090443568,0.385547616894275,0.365719134,0.176698872134859,0.263950466289558,0.512826718296225,0.446261889945773,0.391929934313419,0.34981355278385,0.441110006327398,0.372765957446809,0.595345414405299,0.541521374144389,0.0925209252092521,0.461995179589677,0.501923429199487,0.219099774222991,0.292219692341867,0.383413211085643,0.476196172248804,0.238723070017953,0.619300232461107,0.550557620817844,0.245454545454545,0.243057585501315,0.307585870096044,0.59342492639843,0.335119798234552,0.591238493177515,0.300288559992553,0.0728532922603004,0.519368246051538,0.628429410625524,0.232178011095866,0.368498890806014,0.253792866548348,0.215728138066008,0.285339690107271,0.433094384707288,0.0501599188704267,0.12961296129613,0.050697323784395,0.323094182381537,0.585397372388542,0.382944052145573,0.310110924906233,0.291765543426673,0.797886393659181,0.417889256980596,0.248178391959799,0.729081777693547,0.499651081646895,0.459565508661116,0.491918943309541,0.14898097826087,0.425704809286899
GSM1345215,62.1,test,0.1,0.362426614481409,0.203508771929825,0.683650190114068,0.16324311261479,0.151679306608884,0.607899807321773,0.41794271302468,0.964579456084529,0.795679796696315,0.367642407843413,0.365645046329294,0.895987135443316,0.193894354600346,0.0741784793814433,0.903607666290868,0.968131125380196,0.167123287671233,0.894743953519795,0.818985680871698,0.0893669569738724,0.0170705685108977,0.853312183699675,0.196991874022107,0.108148954177246,0.1379827351204,0.047489656024208,0.295838751625488,0.0144448119969126,0.229830508474576,0.790071714631648,0.383688948158026,0.81991886648245,0.587687946758689,0.0267388065553203,0.130882454564301,0.125597055829614,0.116783400127346,0.0251942547680716,0.29413870246085,0.797059946544483,0.803669655640117,0.480007776553691,0.492907342732721,0.0510363271673724,0.633461090958867,0.0240242575027212,0.180742437255463,0.378636111624469,0.21791621393215,0.0032721748276265,0.0217932752179328,0.803108415466262,0.0664500169762817,0.544384162530301,0.168645870258773,0.561616277733073,0.739256645227389,0.494387820926332,0.812662013958126,0.0468831093939219,0.0769578065999015,0.177346705903549,0.27833218859844,0.731324701195219,0.115908703798331,0.834062797335871,0.0516318606359534,0.88377648525135,0.147306612203217,0.778572471172092,0.708892945625245,0.0646586812420049,0.237085230969421,0.619292393503582,0.215255556516475,0.107271073668087,0.838393384524513,0.0657894736842105,0.633049630844955,0.251378314518246,0.0615146831530139,0.782310956790123,0.109534588417159,0.863078909149589,0.0992482841268112,0.727921734531994,0.204030358544884,0.249503377036154,0.169427074531012,0.920956203105915,0.575076219512195,0.0398568608094768,0.0872378818990729,0.0812978490703609,0.733751962323391,0.209971625456019,0.783403337495743,0.179699351813543,0.117153429364345,0.0389764629669618,0.927333705980995,0.198873273564332,0.0103310636299601,0.197246954716775,0.501051329622758,0.400090620752152,0.883031747751652,0.548404727744756,0.2525320729237,0.690873051626273,0.740570678911118,0.01632,0.0110544217687075,0.331628456872623,0.694284907259203,0.12883130780402,0.278547013498639,0.379043890377086,0.109474634614299,0.111790290349124,0.249375312343828,0.348815506101938,0.264542997651854,0.112568169518338,0.648512123438648,0.277583411553887,0.360148905293709,0.0544071202985932,0.640223860708892,0.134272300469484,0.0818459450288429,0.92805082241702,0.21578833224897,0.919519903679735,0.185633037864426,0.257110006425214,0.264355123674912,0.654066024617603,0.603006359606861,0.509897230800385,0.289104488029594,0.296503354340313,0.418459837877671,0.462450317272157,0.175633560239482,0.352281879194631,0.574444217825821,0.340150206269172,0.42814971804867,0.338085947270999,0.401678657074341,0.323033707865169,0.649774209734069,0.474563149745632,0.103766333589546,0.401222506137582,0.417391304347826,0.336801876797336,0.351080764075067,0.443021868787276,0.305403991329696,0.16200173508059,0.524151696606786,0.553133514986376,0.293079616660523,0.16781772413348,0.691077903527085,0.511301636788776,0.31867266591676,0.489904780896356,0.25119123252859,0.169171291388664,0.447944835045971,0.562326869806094,0.219217373489039,0.428150765606596,0.314579181358271,0.142228833839984,0.206596592968467,0.528487027998973,0.0788572211564812,0.128850102669405,0.103016704063824,0.298795944233207,0.520705273374312,0.341124739643601,0.43470820280775,0.379743775682862,0.636904181694122,0.296690723464179,0.281305395209309,0.58745927044425,0.481042923830126,0.406022039422629,0.520166701984884,0.222541885259773,0.323402210475733
GSM1344726,58.3,test,0.111744119801416,0.380744905130007,0.248207742552175,0.681119745672907,0.146146830825353,0.177354709418838,0.702084108671381,0.27724003677067,0.953399316601862,0.821143026354753,0.233274081918233,0.374347868884733,0.911642017444065,0.190436447542835,0.0470131372387011,0.962457798784605,0.957042621482421,0.200499120866655,0.893079315707621,0.806126126126126,0.0784049575643271,0.0086511299435028,0.846785009861933,0.168712955122777,0.0987099992872924,0.120733701205804,0.0432231286675254,0.244429540204188,0.0239819004524887,0.281742076938409,0.804376419944996,0.34092056121934,0.815233650451744,0.566964621047097,0.029846981671431,0.143856502242152,0.108654670094259,0.126213199611776,0.0284450063211125,0.218166459185488,0.839761904761905,0.792812793979304,0.47387451258419,0.648633698417967,0.0332606324972737,0.521945267561443,0.0449544914918876,0.209681183774448,0.428522610775715,0.169042864440626,0.0156751195303516,0.0306801379990143,0.814996200287089,0.0584840750194207,0.441837434295726,0.159078238245679,0.487410772225827,0.674964877774656,0.529174209720095,0.80752856822765,0.0551332955190017,0.0730364301132109,0.148281545693181,0.222678578989711,0.767649074708705,0.0856889589283956,0.828175026680896,0.0413278378077309,0.883741747790086,0.0578190320980656,0.746890647714424,0.76440271109856,0.0647933682798976,0.212781515062884,0.582881906825569,0.181047197640118,0.0572682391662095,0.841748054957788,0.0485762144053601,0.581284824647657,0.278831900385414,0.087488528602019,0.770994700366898,0.114283932913523,0.870672502984481,0.0810372771474878,0.717065637065637,0.098062724805957,0.286386027765338,0.126206244087039,0.897793263646922,0.573041490614394,0.0421324717285945,0.0607625380207965,0.0855368085284983,0.811466203798244,0.291331058020478,0.761538909260229,0.194210751461571,0.114967171378802,0.0488408596957257,0.918671426354183,0.157926712284965,0.0247992233695173,0.22231041964333,0.825965633720076,0.414110005527916,0.887476122254059,0.446503047802374,0.166283524904215,0.678145819649057,0.68191451783822,0.0208504801097394,0.0219325842696629,0.331484375,0.677047648707568,0.11244997202737,0.30921592127673,0.348129728585789,0.11349731552004,0.102981029810298,0.268166804293972,0.341510061533344,0.229444116176537,0.111642743221691,0.595800037167813,0.180593801632203,0.336267605633803,0.0648500532805602,0.599753477724952,0.137102014294997,0.0784032598853003,0.898644729209513,0.168046814618527,0.880954356846473,0.19137156013595,0.239311265532468,0.211562678878077,0.651723780929703,0.5339248434238,0.444468348303125,0.303048195438778,0.204107505070994,0.418066976522465,0.378204230284354,0.166040650121108,0.330590062111801,0.52402896642528,0.387643003257823,0.433110153951128,0.261631865637767,0.380275085964364,0.372183018438425,0.5721943778601,0.421896530126519,0.0898140480313182,0.362446641204224,0.474185532854776,0.28053100790283,0.312971764048085,0.41218471810089,0.35851459925534,0.165303604879609,0.490281377267679,0.535289881166727,0.287228594838181,0.168720054757016,0.426391075217302,0.517069257509582,0.285714285714286,0.479806568179403,0.264724338861497,0.135870984591277,0.453491436100132,0.456484059036714,0.221268771069568,0.284635165541626,0.19789909105753,0.159425201653901,0.1707410236822,0.553553553553554,0.0616276962117093,0.186653422430919,0.073693934106538,0.307379430563626,0.478012313104661,0.255590339892665,0.487521542094849,0.372462311557789,0.697055027572451,0.295284182560015,0.255085211654755,0.534774836128373,0.500611022852255,0.370563938295541,0.475382262996942,0.164156242021956,0.291836938104256
GSM1344710,36.5,test,0.0914136208673591,0.456594766619519,0.146567717996289,0.656214795343598,0.229389692086966,0.249502562556527,0.700302506482282,0.370229206912755,0.965253608717978,0.794713516935739,0.319432388572291,0.414086591834217,0.917030186703891,0.209063994534275,0.0353591160220995,0.908884688090737,0.964578268187769,0.212499119284154,0.876564208480136,0.790520628683694,0.081382539245387,0.0257004830917874,0.852105614973262,0.175789525545647,0.107924403183024,0.115133996374504,0.0632842757552285,0.319826997496016,0.0073294243070362,0.378985438279242,0.819528975919555,0.41376651416234,0.813736518229339,0.613217979574579,0.0395618921725994,0.132495396685614,0.0940954435157724,0.114696980361793,0.0023310023310023,0.337752881437898,0.866108786610879,0.781782817414335,0.483200839958002,0.675841325690937,0.0267930750206101,0.527497962510187,0,0.180265026029342,0.4449377975119,0.163317923186344,0.0100352229680335,0.0455658990690838,0.851477877730861,0.0546959337891328,0.511927097292951,0.140741654840501,0.550044923629829,0.569446601439147,0.415737791932059,0.82573698515576,0.0376744186046512,0.0682331889244679,0.14517995921292,0.256754658385093,0.728622571747168,0.108170532191319,0.792621548986074,0.0358590200171927,0.856625551657802,0.0609340378387592,0.819346772933271,0.741456064653106,0.0564779709765982,0.290264797507788,0.633712615805509,0.186360509115927,0.0898313863152443,0.866375441326073,0.0563380281690141,0.646435692921236,0.371838050877822,0.0930138099106418,0.72858450438809,0.101019738803745,0.838167806736514,0.0732200166409129,0.770630630630631,0.0811205338523565,0.269654289372599,0.189033597583994,0.881209935897436,0.60140070788463,0.0372508699778551,0.0625958099131323,0.0855288647810926,0.742924637546899,0.320792980713517,0.806401551891368,0.142650198231168,0.116164346533315,0.0400703429217435,0.91145347,0.129787810995865,0.0170413990007138,0.267188402752245,0.82737044761752,0.49159032887821,0.878571829562679,0.649415992812219,0.197505960022006,0.702382573179033,0.62241975308642,0.0068837209302325,0.0261269549218031,0.355745790577697,0.655201167396289,0.128452399321092,0.396036809123243,0.398243397701979,0.125387530141233,0.097455390138317,0.360655737704918,0.389803075263016,0.197997110258582,0.105999829307843,0.740648894399669,0.233604950106758,0.394283769989792,0.0536917462099944,0.656244235380926,0.193916349809886,0.0644561742621367,0.854905115706782,0.219948247471183,0.9317791315214,0.137570769859336,0.189848479421141,0.198651960784314,0.51506640643595,0.860908449046835,0.342123187700691,0.191947262974213,0.0785559667620976,0.336074937171579,0.272382599441266,0.127240371170713,0.219549529849114,0.471843265975998,0.492295283779768,0.344807896239498,0.4276456666291,0.542483660130719,0.588546922300706,0.649275362318841,0.668389955686854,0.0618309085918199,0.471858047016275,0.62727022564667,0.272365731276714,0.261220064114652,0.351291745431632,0.514728211357425,0.233649169880932,0.607518387360392,0.504656024325352,0.225676065826196,0.190179267342167,0.415767452103061,0.612526865213387,0.386114634990197,0.581582233805723,0.33094083414161,0.0985959196338531,0.569446659225004,0.646265493545694,0.292562999385372,0.482374768089054,0.412586369737038,0.243377813184625,0.386069843719853,0.488035776512952,0.0559644670050761,0.361060661096985,0.0421735604217356,0.331497861871009,0.573407202216066,0.392942379815888,0.374323531329465,0.479102127875679,0.790852084101807,0.429516185172294,0.252477255606421,0.776900937703092,0.512321660181582,0.51138353765324,0.579732692171699,0.151309685247306,0.360122026788693
GSM2334521,40,test,0.07550401,0.4918572,0.2167952,0.832381,0.2884423,0.2035767,0.7953142,0.3765741,0.9489845,0.8690206,0.3737138,0.5257456,0.9547379,0.1602831,0.08087259,0.9298872,0.9490088,0.251729,0.9451682,0.9127826,0.08177695,0.09119532,0.9469423,0.1973782,0.09339103,0.1193169,0.06041079,0.2337543,0.05332764,0.3458591,0.8313874,0.3500321,0.9023166,0.581915,0.008126286,0.1692405,0.1309589,0.1732862,0.03036803,0.3436402,0.8775204,0.9226269,0.5128524,0.7269491,0.03468854,0.5673454,0.04713219,0.2129568,0.482421,0.1957139,0.03154095,0.04033171,0.8737601,0.07919133,0.5587464,0.1125162,0.5441307,0.8471743,0.5910754,0.852005,0.03227387,0.09611806,0.15395,0.2908014,0.8042633,0.06322055,0.9143707,0.0591109,0.9177703,0.06912793,0.8825236,0.7973334,0.04552379,0.3370105,0.7017823,0.3139758,0.108849,0.9074923,0.04688481,0.7329559,0.2729258,0.08932993,0.8074057,0.1395891,0.9078893,0.1240472,0.8327778,0.06121747,0.2352973,0.2078487,0.9267452,0.6647031,0.05207559,0.05084388,0.0598374,0.8088925,0.3903186,0.839916,0.1855863,0.1473609,0.05447479,0.9333547,0.09188602,0.02079575,0.2859825,0.9268319,0.5360584,0.8917281,0.5487326,0.2360743,0.7082677,0.8523884,0.04644943,0.05255818,0.2465169,0.7172927,0.1518979,0.3371184,0.4037773,0.1481918,0.1723342,0.407589,0.3620148,0.2363066,0.1292626,0.6453221,0.2369508,0.3547845,0.06900565,0.6034172,0.3518906,0.039941,0.8980509,0.3071666,0.9096856,0.1701883,0.2039926,0.288561,0.5508694,0.7551998,0.4409863,0.1220147,0.2320164,0.4345851,0.3725475,0.1520378,0.2727043,0.4881279,0.4413473,0.4045601,0.3049018,0.5912293,0.3614727,0.5780901,0.7061572,0.09773107,0.4224248,0.5865167,0.2018448,0.3142732,0.4219342,0.5309412,0.2334728,0.5902029,0.5391896,0.2921665,0.2689413,0.5405865,0.6535695,0.501979,0.6565823,0.2962798,0.1005717,0.6003962,0.6269823,0.3019068,0.4453311,0.3573974,0.273855,0.3653583,0.4426177,0.04260687,0.2682089,0.06197342,0.3404318,0.6740453,0.4701327,0.3433855,0.4384662,0.8264846,0.4715296,0.2965111,0.7043169,0.6226618,0.5074113,0.4382279,0.1043253,0.4016442
GSM1344952,61.1,test,0.0983702465524446,0.510837786067144,0.207192003115669,0.774226922634786,0.238013990786555,0.394811742701472,0.798400376382028,0.425982502430218,0.965455123450249,0.870034843205575,0.423660514402269,0.51056028160751,0.934398875911127,0.128916945543048,0.0346089342887635,0.942153335178522,0.975430669302457,0.234881975143882,0.947129909365559,0.893882226115079,0.079536231884058,0,0.912026329834549,0.195971773007939,0.0576844262295082,0.130841121495327,0.0736655505219618,0.21833373698232,0.0074021012416427,0.427160027688629,0.828814049985525,0.346668726186799,0.881879293787397,0.544848972091421,0.0123622424532822,0.160073386079578,0.127724986025713,0.14954257565095,0,0.444481199691256,0.910795742524075,0.841632510682829,0.605768364127986,0.801402680369419,0.0075091575091575,0.657263633700247,0.0034240403676338,0.245949552068111,0.515166156654319,0.206102159753171,0.007027736131934,0.0073888541014402,0.872882107690943,0.0757246061450083,0.605174942384245,0.105591880550405,0.662963233681748,0.831598008148484,0.621660649819495,0.899197470817121,0.0557365501452848,0.112539034350228,0.165804988662132,0.302764320319179,0.827824699075614,0.0359213368193702,0.869939890419703,0.0189155107187894,0.928142329020333,0.0918595967139657,0.898571951666056,0.857066052227343,0.0843885843885844,0.362538061094195,0.750453857791225,0.276796078937186,0.0610191496267446,0.895369458128079,0.025805945564358,0.743942370661428,0.296785464709993,0.021183800623053,0.837176887987836,0.133111322549952,0.904502600780234,0.0863072148952676,0.842133717786989,0.0559440559440559,0.221683967704729,0.185374941779227,0.966334164588529,0.706606095021768,0.0257794986753617,0.0598563447725459,0.037872037070041,0.816753616314916,0.364241406048074,0.862868009578814,0.189230938982677,0.111794421260707,0.0844780784733076,0.921111825192802,0.131375364802891,0.0017841213202497,0.313537383889143,0.915028323892036,0.512561466249441,0.905654196422722,0.637498900712338,0.213454075032342,0.764974172986042,0.841095028319698,0.0086309523809523,0.0010733452593917,0.299793702074656,0.731710264000483,0.152152862952682,0.403976781524021,0.463449848024316,0.10438282647585,0.087631218621634,0.525409562019391,0.372516858028066,0.282633957391866,0.168847508807247,0.771119294721571,0.338188805553834,0.429436181252162,0.0867229470452801,0.643783371472159,0.216114019778941,0.0841868317388858,0.907761444131312,0.334763948497854,0.945491879783461,0.189048795026824,0.204920703888768,0.203790503362543,0.678852768223677,0.71474358974359,0.519065590838105,0.220245251262323,0.229035572107358,0.514152871449009,0.388333571326574,0.224413290196683,0.299558429269831,0.565723793677205,0.492927899068553,0.537402597402597,0.291036618691929,0.486061780217415,0.417433201927289,0.656693201573795,0.614918032786885,0.159522062676868,0.439539347408829,0.597119501751654,0.277047043488565,0.398989898989899,0.466410033527878,0.480707395498392,0.251565477811054,0.679992986147642,0.631067961165049,0.334721829991528,0.247804021081398,0.559105851413544,0.676418752203031,0.405772495755518,0.65140441387217,0.26739784528778,0.103338750184665,0.467368855844692,0.697021921963326,0.325075248900208,0.453037120359955,0.353387808229084,0.290267954975595,0.398197690791326,0.509910963800611,0.0354689902614044,0.147263038914904,0.0561678504367703,0.314562201235863,0.632643461900282,0.307475317348378,0.357135698536781,0.419435971531011,0.820466085145163,0.491506228765572,0.340171887995564,0.76186895810956,0.618943419818693,0.549620733249052,0.530045523520486,0.179480238224147,0.435635843784521
GSM2334346,51,test,0.1103787,0.5212964,0.2225766,0.793622,0.2991901,0.176483,0.8483406,0.4454458,0.9470359,0.888253,0.3361528,0.4315637,0.9522801,0.18438,0.09969193,0.942289,0.9408188,0.213923,0.9422261,0.8826426,0.09714317,0.03038523,0.9405309,0.1770619,0.0983628,0.167234,0.05431118,0.2883747,0.05277282,0.3277191,0.7950863,0.3586047,0.879155,0.5350407,0.02763698,0.1428498,0.1827372,0.1760162,0.02283724,0.3028694,0.9002178,0.7971895,0.5387756,0.7683514,0.04002195,0.5643015,0.01477608,0.2505372,0.480113,0.220896,0.03469247,0.05560239,0.1861152,0.07681954,0.598913,0.1510495,0.5099911,0.8321753,0.5208659,0.8875497,0.03436885,0.08453231,0.1659725,0.2624671,0.8038367,0.1173184,0.9043004,0.04599705,0.9528674,0.1111744,0.8676043,0.7982746,0.07525744,0.2605332,0.734012,0.2208986,0.1037021,0.9100177,0.06394002,0.7269184,0.2558799,0.09829065,0.8624781,0.1285932,0.9114748,0.08501883,0.7730408,0.1338137,0.2697985,0.1765329,0.9663875,0.6984533,0.07279961,0.07660116,0.08621565,0.783384,0.3859231,0.8579018,0.1546069,0.1433863,0.05538334,0.9372825,0.1410729,0.01538978,0.2520775,0.9311737,0.4229767,0.8988209,0.645296,0.2262977,0.7427386,0.8397689,0.02620188,0.02838701,0.30999,0.7356248,0.1569893,0.384984,0.4509286,0.1263069,0.125273,0.4249919,0.2503644,0.2606092,0.1468306,0.7502984,0.2856666,0.3868137,0.06420639,0.6259398,0.1561599,0.05763853,0.8822246,0.3420597,0.9022529,0.1962102,0.2344797,0.2189881,0.6257707,0.5732225,0.4921601,0.3048392,0.3401075,0.4887928,0.4178997,0.2125242,0.2942919,0.5482807,0.452724,0.460729,0.4025764,0.4959044,0.2777197,0.597291,0.5755234,0.1124763,0.3765209,0.5329074,0.2765945,0.3578827,0.4641392,0.3977277,0.2117059,0.6586508,0.6002186,0.3373487,0.2423108,0.5112652,0.6290445,0.4435702,0.5558124,0.2529392,0.1639252,0.5072795,0.6037208,0.2718406,0.4330194,0.3576351,0.2531153,0.2908872,0.4924492,0.07274471,0.2141288,0.09404864,0.3513383,0.5778591,0.3087795,0.4011312,0.3814754,0.7925568,0.4401418,0.3031273,0.7306672,0.6233436,0.448854,0.5236718,0.1798938,0.4190754
GSM1871123,81,test,0.04989605,0.4165984,0.2641012,0.7509718,0.1748449,0.2635666,0.9954076,0.31951,0.9633253,0.7956609,0.2211292,0.226752,0.9482461,0.1951408,0.143336,0.8851565,0.8517839,0.1273873,0.9361702,0.7978882,0.1720972,0.01670792,0.9102339,0.1411402,0.07710145,0.1039269,0.0614858,0.1805833,0.02219269,0.3004526,0.8030085,0.2787125,0.825753,0.5731543,0.01360733,0.1291734,0.1712375,0.1138126,0.00468311,0.2347733,0.8671875,0.8904172,0.4493135,0.4790419,0.01659578,0.6417541,0.01091212,0.2213412,0.4653903,0.2094761,0.03076995,0.01248025,0.8299237,0.08821312,0.5706935,0.1317731,0.5102665,0.8309488,0.6301969,0.8489491,0.05011494,0.08341574,0.0916069,0.1954737,0.7748711,0.02773711,0.8596577,0.02234518,0.8615385,0.06162242,0.8418561,0.7430334,0.07794584,0.2994136,0.6016461,0.1725207,0.03381195,0.7985948,0.03298458,0.6628376,0.1938916,0.2284382,0.8144084,0.1472546,0.8693486,0.1967213,0.7356696,0.07922137,0.2833156,0.1296011,0.9046668,0.625,0.06230088,0.06519354,0.06593338,0.7315181,0.2404508,0.8374914,0.1549955,0.04889672,0.05051086,0.9267697,0.1470099,0.02626298,0.1989923,0.7774812,0.5230557,0.9793679,0.3526367,0.2754947,0.5956034,0.7372634,0.04967475,0.01267717,0.4592536,0.7205073,0.1428762,0.1603991,0.2998863,0.03938695,0.09778649,0.4235854,0.1419227,0.2353937,0.1649626,0.5456371,0.1326208,0.2728081,0.1358039,0.5909686,0.1919612,0.1559536,0.9844809,0.2157936,0.9207333,0.2602242,0.2740837,0.2524272,0.8076988,0.3231871,0.5463636,0.3674829,0.3589871,0.4372281,0.450377,0.1838637,0.3078668,0.544116,0.2945493,0.4503092,0.1956318,0.3031054,0.2692026,0.522697,0.5505397,0.07299668,0.3206912,0.4056174,0.2471317,0.3747577,0.3979058,0.3785076,0.1142428,0.4927352,0.6199624,0.3352239,0.0996627,0.4886614,0.5782735,0.3100748,0.4262804,0.2486457,0.1950298,0.2569564,0.6050539,0.09784327,0.2148289,0.3157381,0.1706935,0.1693989,0.4564448,0.09550962,0.1467019,0.08444141,0.2986526,0.4317608,0.3778148,0.4153196,0.287086,0.7706887,0.4229386,0.3590222,0.5660946,0.447485,0.2609087,0.2973446,0.1328842,0.3703487
GSM1343664,45.2,test,0.0925563528303254,0.454868192461666,0.15723951285521,0.745896594173164,0.204053340374967,0.256578102939289,0.711206059429015,0.297349981560508,0.974335977923422,0.71972049689441,0.256907659269864,0.418758679628245,0.882224486824865,0.131573695239996,0.0510935819290068,0.922027933575278,0.982653134672137,0.207203364007557,0.91268514094601,0.819675005845219,0.0801521239954076,0,0.850546780072904,0.173076923076923,0.0783094655955292,0.133132622340154,0.0575620767494357,0.254472547809994,0.0294384057971014,0.32877039015549,0.813492063492063,0.381027322404372,0.840634254689042,0.594042553191489,0.0127081507449606,0.114893617021277,0.115665024630542,0.1362062180244,0.0146455770357352,0.29926618292133,0.840856070595395,0.804138145612943,0.504316000276224,0.691768532017495,0.0177329846271608,0.602193835045821,0.0138992925509779,0.208771770682148,0.417813151411787,0.195631110719634,0.0116977755049859,0.0224759615384615,0.824279711884754,0.0643724449325767,0.534946128890135,0.131091068520606,0.528661365142478,0.793374316939891,0.52133181415369,0.82022932022932,0.0488688287083473,0.0783340526542943,0.184090505241959,0.243722785170716,0.748065870910699,0.0575028419856006,0.849821323562672,0.0266464471403813,0.889643291447102,0.0848221471108965,0.813200121102028,0.805929405789741,0.0659304324824759,0.259664478482859,0.70175547039189,0.211183082491903,0.113124262177283,0.880050964688751,0.0509456347267779,0.632096128170895,0.315525058203652,0.0846536894522408,0.740883106643012,0.144248580818644,0.869367796018163,0.103061716489875,0.758757144950901,0.127384457815901,0.227282114828583,0.175774314460446,0.88153798256538,0.551737577135434,0.0317513368983957,0.0669407683412566,0.0510019646365422,0.788793103448276,0.292132226806992,0.77138110786504,0.154055183946488,0.122529644268775,0.0464717025811035,0.894972495842395,0.125069085470919,0.0213630086914142,0.283684210526316,0.872611464968153,0.538755773672055,0.881591272246405,0.516690856313498,0.229914401561796,0.686907730673317,0.783977110157368,0.0192758530867413,0.0099572086899275,0.301787932803976,0.680477699244455,0.116459135159611,0.406406179009541,0.383740237377775,0.115521003818876,0.126354319180088,0.371503752070948,0.475652787579393,0.221528340563474,0.0982823980905134,0.677690972222222,0.253609906567124,0.430618934378816,0.0567155338368133,0.607897302567436,0.193559245960503,0.0576201057390238,0.869583808437856,0.242610364683301,0.92651730824772,0.170290447387063,0.195222606931767,0.22928975487115,0.629439890710383,0.864681675139191,0.41433592396416,0.182245261623198,0.162569832402235,0.429412430657761,0.321680695085528,0.15124296522679,0.275761782008064,0.498575208630165,0.443369667220097,0.392638991557406,0.296669248644462,0.469971253204879,0.543459174714662,0.604203367610308,0.492333901192504,0.0777239534379293,0.429868212391316,0.540163685965444,0.233125736408012,0.336538461538462,0.413826785326677,0.513804357413778,0.206603301650825,0.583497152074197,0.530645960680654,0.279542203147353,0.22017825311943,0.410719150095342,0.634599297306341,0.376456876456876,0.542884885100874,0.273992121364513,0.0886696155154815,0.552285792499316,0.632949396801135,0.260240963855422,0.416007714561234,0.30976721862251,0.250455788514129,0.26883740346483,0.481911026484334,0.0415987441888547,0.221865274570826,0.0656023818079154,0.307749311878044,0.514909374390957,0.400350965154174,0.378348439073515,0.420533749082905,0.733963768941552,0.421127512004268,0.290499045259844,0.689058833753368,0.517134881510958,0.50241300482601,0.561079751049356,0.166958091262903,0.352658471189356
GSM1466196,58,test,0.08567256,0.3763924,0.1195876,0.6787529,0.1708441,0.09571883,0.7627535,0.3103369,0.9826124,0.8219705,0.2844151,0.3554734,0.912656334964655,0.07355147,0.04324729,0.9083361,0.9070935,0.1848901,0.9219382,0.8494696,0.09683128,0.025720675944334,0.8819392,0.1648972,0.07407407,0.09520537,0.0491840332715519,0.07867152,0.01619186,0.2957819,0.8122873,0.2503262,0.8386338,0.5060074,0.01321952,0.1336945,0.110186344553289,0.1138815,0.03667904,0.2759541,0.8344981,0.9230697,0.4794897,0.7244098,0.0255530783742068,0.5868572,0.01746389,0.197981,0.4197742,0.2269704,0.01291619,0.03324273,0.8003176,0.08062862,0.57351,0.144655390633989,0.4748882,0.847381,0.58686616791355,0.8518933,0.0489022,0.0783327,0.1607618,0.235472,0.7570137,0.04418985,0.8388403,0.03371313,0.8993619,0.1076428,0.8127943,0.782316,0.07589826,0.245784807926299,0.6605754,0.1883987,0.04701032,0.868822366563118,0.05109803,0.7041152,0.1646341,0.2490494,0.7796708,0.1085859,0.8868166,0.09916107,0.744403,0.07358541,0.161032,0.09555977,0.9233675,0.6069119,0.02986786,0.08043074,0.0356602,0.7466046,0.316009,0.8373916,0.1259715,0.0883417,0.05790272,0.862001424501424,0.1101268,0.01433787,0.225013,0.8268712,0.4124104,0.9074337,0.442649,0.2341983,0.6733594,0.7938238,0.03037287,0.01901937,0.2839626,0.6449744,0.1264803,0.3047369,0.3460488,0.1054101,0.1316821,0.5020342,0.2922378,0.2664861,0.1310891,0.6651685,0.1811329,0.36893,0.06460496,0.4712719,0.1739971,0.08482378,0.8740569,0.2051423,0.9151615,0.1812313,0.2109731,0.2143459,0.6572819,0.4807979,0.4009282,0.1672533,0.1718264,0.4400247,0.3677552,0.1957653,0.2745634,0.6406287,0.3954957,0.4568075,0.244922,0.343876,0.213533354612193,0.4747226,0.497051,0.1204274,0.3815412,0.4186966,0.2531757,0.2832475,0.4250854,0.24397144011855,0.1498019,0.5913086,0.6247827,0.285145,0.2275329,0.5519643,0.5825623,0.3267776,0.4483043,0.2075805,0.141689111196614,0.239271,0.5764278,0.23218,0.4090608,0.2854246,0.1846884,0.2616408,0.5487791,0.05435646,0.1553642,0.1229278,0.2699752,0.460251,0.4166667,0.3830642,0.3433932,0.7303144,0.3582304,0.231944303626348,0.6752687,0.495708009462656,0.416345412490362,0.3364257,0.2132818,0.3346834
GSM1225846,55,test,0.07648,0.44122,0.19628,0.65932,0.22557,0.16328,0.74886,0.28486,0.9653,0.8169,0.29059,0.41042,0.90245,0.12636,0.04346,0.92916,0.94849,0.17669,0.90123,0.82154,0.09019,0.02281,0.90836,0.1695,0.09661,0.12285,0.08299,0.19426,0.02306,0.24195,0.70754,0.31269,0.8391,0.53331,0.03786,0.12717,0.12778,0.16446,0.02984,0.2235,0.84319,0.80573,0.49507,0.70922,0.01813,0.56739,0.01892,0.21676,0.45395,0.19481,0.0092,0.03734,0.81786,0.08552,0.57366,0.13877,0.43008,0.79152,0.53104,0.82537,0.05461,0.09879,0.1711,0.29205,0.78258,0.07108,0.84377,0.03504,0.90785,0.08793,0.84403,0.78047,0.07128,0.29867,0.69074,0.20096,0.07778,0.86992,0.0455,0.70484,0.1962,0.08891,0.77115,0.12908,0.85555,0.08798,0.78783,0.0728,0.27103,0.14832,0.90456,0.66606,0.04415,0.07422,0.06429,0.74365,0.34669,0.832,0.17049,0.12937,0.06604,0.91831,0.1652,0.03138,0.23696,0.88673,0.4254,0.88797,0.58336,0.21675,0.71594,0.76181,0.04429,0.02486,0.31098,0.68751,0.12445,0.33226,0.36437,0.09572,0.13007,0.44081,0.32505,0.25816,0.12272,0.68367,0.20696,0.40092,0.07138,0.54101,0.15455,0.09631,0.89344,0.24686,0.89334,0.18024,0.18697,0.22968,0.66503,0.62982,0.47288,0.26359,0.20265,0.43482,0.39712,0.1828,0.30737,0.52899,0.39067,0.46492,0.27005,0.36229,0.25744,0.58702,0.46034,0.12684,0.40943,0.41459,0.28976,0.33202,0.40384,0.30409,0.21758,0.59571,0.56065,0.2799,0.23262,0.50664,0.53402,0.337,0.49733,0.24678,0.11996,0.35323,0.58137,0.24661,0.327,0.27218,0.24466,0.23553,0.49982,0.06638,0.20161,0.06775,0.28838,0.55587,0.35498,0.37015,0.35954,0.71954,0.39947,0.30328,0.59594,0.46536,0.42991,0.47534,0.19777,0.36487
GSM1886545,33,test,0.0317645956230332,0.325338050934742,0.192795742482209,0.769713086964822,0.180653705935218,0.286998009928674,0.821907021513875,0.162456259382736,0.982549492466569,0.928896483800452,0.260701766196304,0.485859618470829,0.981209218031309,0.139098495059458,0.0471771707105317,0.981186240846662,0.985688795239291,0.152992359774195,0.9848023289948,0.937505999992471,0.0140670519753278,0.0260786812059602,0.985924451019539,0.100089957481895,0.0444199032563537,0.0577857404940251,0.0133587233754958,0.230500566612328,0.0227751175247099,0.401720919613558,0.830806708035724,0.337938067037185,0.945478500501303,0.631216564214307,0.0137256767217903,0.0837216411648677,0.0368824206898806,0.0645480840953996,0.0197166316481135,0.26110936022031,0.960934476723306,0.859022723383557,0.497775722371925,0.733203869875953,0.0201398562984888,0.515053055429173,0.0189307659515774,0.157301539777924,0.407825955127793,0.106127638667514,0.0166279496388763,0.0294292200318707,0.965091606239421,0.0305564388666067,0.474168978770009,0.122230771539691,0.5050955863936,0.826374545424742,0.485741046796747,0.981803269704654,0.0136473410478364,0.0275722892509568,0.10678685036907,0.211296299775807,0.849847492581005,0.0427013424785926,0.947784674642327,0.0223158584044254,0.984817597805873,0.0403684748100499,0.95081132080124,0.774858511206285,0.026556618637581,0.240693085502502,0.799841132406946,0.13298991668535,0.040428405293391,0.963267850855351,0.0347509385375824,0.73187076455535,0.293533507647735,0.261512055622256,0.841774304956666,0.0399673598175334,0.964641111323225,0.0857279791606078,0.908838620609881,0.033183491738694,0.229889129954487,0.0874294118819166,0.972369736331168,0.631875533045213,0.0304490653048996,0.016575385021227,0.0324519975882715,0.758740849049472,0.242878001283385,0.872304820068635,0.0599322027361414,0.0285328490623549,0.0182134541342198,0.962130649926491,0.13733073652444,0.0164937940614717,0.284328056079525,0.955553472111625,0.551924395478288,0.968362755364873,0.591753260507717,0.125919207275441,0.643721885032304,0.905922934987169,0.0331665920675703,0.0171517677812612,0.289319143985732,0.709774426146421,0.0761065536596154,0.366795381648967,0.349311245231015,0.0921826916031987,0.0394469101663866,0.518827993047013,0.272562487956272,0.173378766999759,0.0674060805865322,0.779911226049028,0.185667676242839,0.373476533615871,0.0244820981156683,0.646150451902014,0.139895945874644,0.0244579949190522,0.931253388318293,0.110725773194978,0.9526475071932,0.0784979747206143,0.18941462929709,0.154009189696218,0.513512471833176,0.861018982327989,0.30580159895797,0.131664394417063,0.191580512889562,0.302515432965071,0.189600334333472,0.0726159824853114,0.155350272210182,0.543314488058432,0.415378816312915,0.332722012743183,0.2933061401608,0.563659433673145,0.612924140642016,0.604417392289929,0.851327513086752,0.0304244009878255,0.396074063535857,0.695253739623024,0.236060408516528,0.200635192644676,0.285775580400522,0.577829889477778,0.205751230496655,0.553105663832392,0.541717915217797,0.188114683750548,0.0952656887650233,0.206678885738898,0.755177887972691,0.431939992406982,0.544924340112337,0.315702892135111,0.0544714450182592,0.845110834084185,0.711650005876163,0.209554661562658,0.363312818536893,0.308363197309107,0.162832878724485,0.18694866455686,0.455692329871932,0.0239984057480571,0.263149334979795,0.0542678382068662,0.24817922958708,0.586446733600703,0.455776451336355,0.332869299255263,0.437419804212639,0.954768661317918,0.385369347466035,0.163446203825568,0.805147351213227,0.509804243730387,0.644734128984419,0.539126118580313,0.0792095149658507,0.317402979289579
GSM1343168,60.6,test,0.131944444444444,0.417589968221249,0.30689459612736,0.647341481249347,0.194818945436578,0.170118771726535,0.578452083733436,0.237441293621069,0.944634445376525,0.756119673617407,0.248939295039164,0.330653964473554,0.900065931995856,0.163864424873232,0.0501622380075419,0.889700996677741,0.952036232691094,0.193876168540848,0.897253933970997,0.815757489097019,0.0880092236740968,0.0068316100443131,0.820439538779935,0.18821752265861,0.112803622890078,0.135731414868106,0.0445913096323306,0.214423145442885,0.015932159835539,0.211633793903597,0.817485522137119,0.392758316161319,0.817527485565135,0.6111600786494,0.0192557334487235,0.140926177717348,0.110746586274162,0.112878505447165,0.032478077297824,0.20754901004584,0.796066252587992,0.764607267886199,0.463387806411062,0.575143472022956,0.0387649451497596,0.517659635705769,0.0360542255552351,0.16877387421316,0.445807060225411,0.193572398090985,0.0101732019831305,0.0611895592640137,0.789785344189489,0.0587599783926535,0.430282038594755,0.197968069666183,0.365751084242345,0.661669945058672,0.398302420622446,0.787855593825743,0.0388861629048086,0.0736275875318188,0.169576979832759,0.263321995464853,0.715123899881406,0.0867786867123591,0.805520341131728,0.0683981506663041,0.865896097439722,0.083944986816789,0.764527629233512,0.766263356379635,0.0587163983390398,0.215531987683886,0.644705354472031,0.164824645374641,0.12112036336109,0.797329681615885,0.054564907275321,0.588247580589013,0.204607945387314,0.0749728359290112,0.672070036712793,0.128710987059122,0.816452494181929,0.134263494967978,0.639918078570099,0.154882154882155,0.308897162665297,0.132216678545973,0.943256997455471,0.519368960105724,0.0576869806094183,0.0705177879535048,0.0994145822245875,0.685105418272501,0.317746262935991,0.677788164233839,0.153267191241875,0.125084883878854,0.0505431029070132,0.903341902313625,0.18529441675989,0.0355263157894737,0.237415308807884,0.804765564950038,0.454912627761292,0.871154409610314,0.588134396125517,0.239508700102354,0.651392020133173,0.623387790197764,0.0301943198804185,0.0240140570089809,0.313093739269772,0.625735422613153,0.116285199666125,0.393312896556641,0.360634425377015,0.0818187698079038,0.0947368421052632,0.421330668189606,0.411406600448574,0.219418213394117,0.105653197135847,0.604826212087669,0.188032973280273,0.353934060160252,0.0462273316062176,0.671068693818666,0.176555866211039,0.0589346132661893,0.887982112912241,0.188252462604889,0.92939819758254,0.185101250091381,0.238049149974752,0.2832383665717,0.712924998423011,0.673133286810886,0.398621516332035,0.314239218877136,0.267241965074404,0.400544308632544,0.338068885768564,0.150168067226891,0.274034221203034,0.530363812422188,0.372696336235471,0.407208626717219,0.311449210509493,0.463342318059299,0.356498415020727,0.630134622022782,0.397985611510791,0.0931340697422569,0.380074063523715,0.484618686507369,0.283314397013472,0.321608824600656,0.414229249011858,0.386321411983279,0.18763625793324,0.501594944327415,0.571552807034496,0.274150713732433,0.164328180737218,0.55328781356687,0.529690064690547,0.333684210526316,0.481773856512654,0.267841113105925,0.105272454296565,0.480832782551223,0.574259535478372,0.23321594275812,0.363759602349751,0.254397600784359,0.202895538930452,0.20510140079448,0.571234458862695,0.0735191149698922,0.191680030185832,0.0737578560417408,0.278971736576601,0.456854688083676,0.296669248644462,0.415926435631177,0.410051399200457,0.681600638128157,0.378244610646722,0.299013670185153,0.706961278558404,0.471132716254911,0.480986937590711,0.536585365853659,0.229632436528988,0.26643690349947
GSM1343336,56.6,test,0.0974285421575658,0.416201423097975,0.20073126142596,0.66754507628294,0.185535944898838,0.170919540229885,0.781290489764188,0.281926707384786,0.978755835000476,0.702280912364946,0.302094986270721,0.399800313792612,0.917492771581991,0.115861686646802,0.0338673961182754,0.923355859568156,0.978191544079827,0.163608794541319,0.934394028678059,0.824719456298404,0.0761678713992879,0,0.878448753462604,0.168170460855081,0.100471954982755,0.129572745043284,0.0408887229275579,0.212610138459778,0.0267355982274741,0.264160401002506,0.781226407180606,0.323836353159613,0.85293549633063,0.554460475513107,0,0.136740986717268,0.12793265249793,0.126469353484467,0.0329232368740253,0.358251224261018,0.872708039492243,0.808377384509308,0.474553244853172,0.747417688831504,0.0354714508069141,0.416615866933728,0,0.199022687609075,0.391473292469352,0.207869922630561,0.0215867901731776,0.0114228456913828,0.828620951142888,0.0662330451336559,0.53106086559324,0.152187486991633,0.508923974600995,0.797966155557321,0.413800163800164,0.83739837398374,0.0322498080368569,0.0721632007233273,0.158128988915015,0.226788520868502,0.791766778792247,0.0927745305310285,0.856241872561769,0.039507673605835,0.915903141361257,0.0741480858224653,0.829708353929807,0.813556413556414,0.0411378555798687,0.249183387774148,0.658394160583942,0.232320403304859,0.0639539123459491,0.829042950842796,0.063484664864361,0.635259038389862,0.181863181863182,0.0196850393700787,0.784257602862254,0.105174872095949,0.862969356927061,0.0879732739420935,0.747267162221251,0.122225292438058,0.248217265968745,0.146472392638037,0.969742813918306,0.588910328018686,0.0093837973099781,0.066528262715863,0.0629808185454918,0.79200826730968,0.263278203576711,0.80078400627205,0.168611921634014,0.109197139115543,0.0426263595649392,0.953796889295517,0.118877246784224,0.014931786443227,0.222800586510264,0.881713120326309,0.415351436133712,0.811693129544443,0.580882352941177,0.23700026130128,0.6918286578978,0.783469764985477,0,0.0123680925904913,0.281418158226157,0.676061903193941,0.140445878218791,0.326336633663366,0.389551250206988,0.10444972826087,0.0965242881072027,0.219615124915598,0.344432194046306,0.235641025641026,0.107211600153984,0.587016195443316,0.222256607043387,0.354421826167751,0.0468617472434266,0.536099585062241,0.183237084438895,0.0635055038103302,0.927717032362222,0.204099509460406,0.887687097126625,0.178165720013365,0.21209151927882,0.207429718875502,0.701317823750276,0.46267209617995,0.458762534961457,0.254071661237785,0.216147772977804,0.455966233173625,0.436607652769846,0.159910552859454,0.268407578084997,0.635180722891566,0.410214494476643,0.454000998170022,0.321929379962832,0.431930985582605,0.271107339838778,0.583127504253801,0.599164133738602,0.104914466528231,0.37417422031034,0.49333624644964,0.289517378791233,0.329719845882583,0.425035635609693,0.447876447876448,0.209870294210693,0.556188605108055,0.552288417284582,0.298975972157151,0.168055714122617,0.380565305745428,0.529645896239363,0.365946378551421,0.517987107506758,0.216168717047452,0.125703200775946,0.437651039149347,0.570221169036335,0.229507011710279,0.360363180964308,0.284008236101579,0.200211416490486,0.184490995957369,0.488035658429778,0.0293272481406356,0.166120869306341,0.0851900393184797,0.212312242197836,0.491565551938443,0.366838487972509,0.392164818321161,0.358301526717557,0.771898976982097,0.399180022363026,0.284701959149646,0.635853293413174,0.549982212735681,0.38030839231547,0.416202584848166,0.184574090155522,0.337378640776699
GSM1886475,24,test,0.0469966730944917,0.390114712893448,0.237088823549409,0.792710999860665,0.265840196564341,0.0252767600009261,0.919672969677679,0.154915267371623,0.985055260781931,0.94425798178625,0.221615401876042,0.520718747866716,0.993872162352051,0.11154255283837,0.0404212439109675,0.985904993565693,0.985621316518566,0.137713885580383,0.976817269608523,0.952915983840752,0.0469821263985568,0.0317410891435591,0.98816356333002,0.0831829013102807,0.0465601448015163,0.0552183453621201,0.0157238276975386,0.181404226178817,0.0241863967810002,0.194506839771632,0.857161173784371,0.295184979930333,0.943054195927583,0.619140284252933,0.0177738580415946,0.0870185345137025,0.0275027982811276,0.0782357338277017,0.0249552802955262,0.197113938247146,0.970053701541553,0.85551807034069,0.471688403873097,0.694604343379684,0.0146451021604622,0.61355038612803,0.0175186787945718,0.188992100444959,0.47951154121454,0.0721157706954741,0.0152542529479096,0.0333011935515623,0.936391308007584,0.0240786820970563,0.597078071347211,0.0667772506208528,0.422837751007001,0.777570223302443,0.603447134568288,0.953872973183585,0.0123809915338546,0.0390328591872851,0.0681104758282025,0.194512710634757,0.820983978896302,0.0189129696120745,0.919273276177223,0.0247261972461724,0.980223989619202,0.0316931145576957,0.962655854914401,0.754355911335345,0.0240910173268365,0.340266887538843,0.733192744610811,0.15275335608649,0.0708936272151865,0.959326439400771,0.0187470379905085,0.77736782759342,0.12750396009075,0.272498978156786,0.820894857922617,0.0552624020103426,0.949844151455916,0.0563290067386745,0.938034383220304,0.0256462437109922,0.223122573917037,0.0617669809624917,0.978071526559665,0.72986853503871,0.0300279901480698,0.0260762046750196,0.0404395324516556,0.746136995015308,0.328738929061018,0.878205641080782,0.0738508192237426,0.0192630305550296,0.020003394543322,0.972857973833329,0.0958801338299733,0.0169517042477165,0.192598461889625,0.95281939087199,0.45841916416496,0.918545445759376,0.672192716692603,0.121829888957791,0.774630887580038,0.936561144510704,0.0342926101647018,0.0174712610839541,0.271391207731049,0.726651718165063,0.0552090070890221,0.243097215476589,0.338278892177079,0.0664045432428787,0.0348572260876223,0.400300481690226,0.243793114788364,0.122157428374909,0.0841172434210674,0.850642153358571,0.112761714065449,0.298870634413609,0.021004740309431,0.610121451102738,0.122737445038439,0.0333474154743718,0.957626446110205,0.213907952902734,0.970832479180346,0.0613275320270718,0.115853877664099,0.0883291143337337,0.448738051074747,0.906053079566432,0.28471049864591,0.0749354871341695,0.0155602670206215,0.306944481045564,0.127195049503794,0.0443298096921407,0.144412630612215,0.421634012258638,0.434154706755135,0.350888715775456,0.254721879203179,0.459705491562726,0.313074336784734,0.602559134933828,0.701697949546983,0.0254362313810649,0.445952182031433,0.584081734670242,0.210094042550882,0.177176897164387,0.248139184382475,0.3742578532279,0.205235208861742,0.698910898691859,0.558038157931625,0.145417694130491,0.191681982162597,0.395891285023509,0.693426272394432,0.322329633483159,0.600879880554549,0.307080074673383,0.0242413251423193,0.707795273317406,0.688977636360507,0.234630338218244,0.404608920550725,0.37063453051185,0.293407654010464,0.396085455352724,0.405587239423139,0.0200594161903535,0.154017030952561,0.0356637738533906,0.302482606678057,0.693501845345429,0.421358770869276,0.306784877,0.428876930283266,0.958104574734292,0.495503925681814,0.0962139387029166,0.799201133314282,0.520847856046472,0.477987123881008,0.354614783771134,0.0345738338608865,0.393758837122667
GSM1345149,45.1,test,0.0865659452837893,0.412789860290941,0.151026275856561,0.723763474952441,0.213554696383898,0.181419744216123,0.710341365461847,0.375332880789515,0.963460958697618,0.830444506569751,0.295439324939727,0.447697059218477,0.907335084854079,0.160219550444328,0.0549916144408156,0.932956029603831,0.969155102757773,0.171236260343337,0.934787600459242,0.826131049636599,0.0735378031383738,0.0209401083613999,0.865160187318814,0.175584579734569,0.0628662456619446,0.122162666045211,0.0500073217162103,0.286594517734418,0.0211355159552424,0.327944015444015,0.829570813223312,0.352155822779022,0.848766535573829,0.535092751960222,0.0289855072463768,0.136002966258806,0.123364032961706,0.144188821357992,0.0018761726078799,0.291250662211174,0.899317758941493,0.770716487761394,0.506152584085316,0.721138697234748,0.0260056127221703,0.582038426805344,0.0213241872949597,0.246665768557187,0.437398546121815,0.163700748576808,0,0.0390347764371895,0.870949631055502,0.0638633211448745,0.569220509199325,0.136529680365297,0.507401795081012,0.662594844750579,0.522733245729304,0.828988741251648,0.0402866433819102,0.0803109972585502,0.185773635751179,0.253170384631482,0.76225330730861,0.0618251619611293,0.847971974844891,0.0200503778337531,0.909616555082167,0.0608859104282445,0.816198069660092,0.793863468881892,0.0588850401934514,0.315748087783258,0.68100481761872,0.188924283263906,0.0943500331052748,0.866526510101528,0.0708349821923229,0.644947916666667,0.256729043834914,0.126387397064089,0.769555417006379,0.105153925977171,0.878336387538842,0.104842393787117,0.767353407290016,0.079730293340748,0.228834688346883,0.16274468971262,0.968395155185466,0.561873127523772,0.0522466728159178,0.0579340141398272,0.0595482546201232,0.771328575973819,0.300414306248415,0.827746897984392,0.158574784651527,0.126594327051209,0.0398964050070913,0.956216671344373,0.1480536252383,0.0109608208955224,0.281497645572528,0.884008528784648,0.435486981677917,0.891068447412354,0.55204530213844,0.280830670926518,0.673567177029911,0.705059750826341,0,0.0011397310234784,0.302731594638876,0.694973157637872,0.13078310473554,0.333230958230958,0.374682068673167,0.105886157826649,0.0937183953253174,0.385850310008857,0.405238500851789,0.251295931006009,0.122049015997709,0.725616388687455,0.28220491312163,0.422207834250567,0.0708793636765356,0.540139138591417,0.199840605698346,0.0914741152383738,0.872740308291084,0.253144109841929,0.942833897143836,0.185772268538833,0.20080027835769,0.231908590774439,0.638257988578404,0.668360556563823,0.39909140969163,0.208294733841659,0.147161917684306,0.42718006795017,0.353252734599885,0.170603105814373,0.264841402337229,0.53187134502924,0.492186260510868,0.395978787531952,0.335694853774654,0.479681161483168,0.463252726410621,0.621587738100053,0.644317692638829,0.0798939280614673,0.447706867265227,0.594208494208494,0.266064059736687,0.329524596182085,0.407720687483128,0.421696099359596,0.253236419938927,0.615938957185248,0.571809693196976,0.283584360261677,0.180843706777317,0.502704652001442,0.653417015341701,0.356623494660304,0.56824772671418,0.279384060938652,0.107170693686672,0.505707126948775,0.622864580508704,0.290486564996369,0.437548039969254,0.330613793757708,0.240105193951348,0.310513891410932,0.514827747954344,0.0619549066477163,0.265865710686949,0.0585954330030159,0.271001272804412,0.575638506876228,0.521819186153563,0.372427535103833,0.45343238409685,0.802137270023135,0.422925608011445,0.273521401777915,0.790737711973831,0.595884587041551,0.48729531338227,0.511866452131939,0.185531187695813,0.361343679803962
GSM1870982,71.4,test,0.09998514,0.6249392,0.2687077,0.8741192,0.1725844,0.1615642,0.8483412,0.2884285,0.9577358,0.9168026,0.3823345,0.4717527,0.9450707,0.1798603,0.05656632,0.9383549,0.9772643,0.2653534,0.9660385,0.8917992,0.09677719,0.03046817,0.9331855,0.1910903,0.07393577,0.1475868,0.06532994,0.2406849,0.01889466,0.1970337,0.6935362,0.2424018,0.8855818,0.6196563,0.01210142,0.186888,0.1683997,0.1688374,0.008209916,0.2623513,0.9413963,0.8988472,0.4995471,0.7565222,0.0411097,0.7417889,0.00564258,0.1515625,0.3736185,0.146514,0.03426299,0.03257967,0.8904844,0.06985618,0.5814222,0.1427231,0.4223518,0.8584575,0.2695106,0.8711952,0.03653445,0.08062322,0.1697402,0.2265291,0.8166354,0.07403169,0.8845382,0.02771569,0.8966259,0.2060405,0.7970389,0.8133963,0.06524112,0.2347267,0.7024352,0.1929321,0.08376363,0.8979496,0.03382337,0.746527,0.1084253,0.1511628,0.8150555,0.1213427,0.9294673,0.1571888,0.7215022,0.0469368,0.2134821,0.2143736,0.9556205,0.61599,0.06304514,0.07097393,0.05007949,0.8001895,0.2529111,0.8449585,0.1709986,0.1499188,0.04830421,0.9420794,0.09490292,0.01239442,0.299383,0.853584,0.4824994,0.8968419,0.6625704,0.1479678,0.7593643,0.7752991,0.03453947,0.01001039,0.3079348,0.8156664,0.1627853,0.3024366,0.2990498,0.2144151,0.08190677,0.2577797,0.1249857,0.3982941,0.308367,0.6893111,0.2049778,0.3011457,0.0926143,0.3997364,0.1538081,0.2067262,0.9626755,0.1062743,0.8498802,0.2320606,0.3091606,0.2682455,0.7359519,0.6329375,0.5151779,0.3200457,0.3786152,0.5544665,0.2772558,0.2637194,0.3368866,0.6916267,0.330804,0.56602,0.1632702,0.3046288,0.3181818,0.5073779,0.4283977,0.1302063,0.2455794,0.3902576,0.2862798,0.3937618,0.601139,0.423193,0.1390594,0.5767239,0.7070096,0.3755866,0.08154122,0.5129131,0.5744681,0.3118962,0.4805268,0.1629975,0.1339435,0.544596,0.554365,0.2065023,0.3233271,0.3332621,0.1232489,0.20972,0.5812155,0.08717696,0.1441056,0.09578744,0.1780715,0.3930446,0.226642,0.4172214,0.3189503,0.7610511,0.3024948,0.3287185,0.6573726,0.4520633,0.4330314,0.228732,0.110833,0.2681977
